rank,filename,video_id,margin_score,matched_prompt,blur_score,raw_positive_score
1,PROMOTIONAL_AMK9MrKAXKw_F013.jpg,AMK9MrKAXKw,0.0997,a photo of a cigarette pack,260.4,0.3247
2,PROMOTIONAL_CeRs1uTREGg_F006.jpg,CeRs1uTREGg,0.0855,a pouch or sachet of gutka or pan masala with visible branding,708.2,0.2929
3,PROMOTIONAL_EAnIJkAsP14_F059.jpg,EAnIJkAsP14,0.0838,a pouch or sachet of gutka or pan masala with visible branding,156.8,0.3029
4,PROMOTIONAL_eXcoTo86OOw_F044.jpg,eXcoTo86OOw,0.0812,a photo of a cigarette pack,126.7,0.3029
5,PROMOTIONAL_CeRs1uTREGg_F004.jpg,CeRs1uTREGg,0.0801,a pouch or sachet of gutka or pan masala with visible branding,721.4,0.2938
6,PROMOTIONAL_oC9BCdJmuZc_F023.jpg,oC9BCdJmuZc,0.0793,a sachet of chewing tobacco with visible branding,204.0,0.3063
7,PROMOTIONAL_4rN1GAFrzi4_F034.jpg,4rN1GAFrzi4,0.0773,a photo of a cigarette pack,859.9,0.3053
8,PROMOTIONAL_iEGY45xE5io_F057.jpg,iEGY45xE5io,0.0758,a pouch or sachet of gutka or pan masala with visible branding,259.4,0.2930
9,PROMOTIONAL_H2qy5DVUOw8_F058.jpg,H2qy5DVUOw8,0.0747,a pouch or sachet of gutka or pan masala with visible branding,439.9,0.3230
10,PROMOTIONAL_AMK9MrKAXKw_F001.jpg,AMK9MrKAXKw,0.0732,a photo of a cigarette pack,460.6,0.2972
11,PROMOTIONAL_tvgJjsc0xUs_F036.jpg,tvgJjsc0xUs,0.0722,a pouch or sachet of gutka or pan masala with visible branding,773.6,0.2946
12,PROMOTIONAL_sxrCjmqRTz0_F052.jpg,sxrCjmqRTz0,0.0718,"a person smoking a cigarette, cigarette clearly visible",160.7,0.2996
13,PROMOTIONAL_4rN1GAFrzi4_F011.jpg,4rN1GAFrzi4,0.0716,a pouch or sachet of gutka or pan masala with visible branding,606.9,0.2992
14,PROMOTIONAL_tEQISjSXuiE_F025.jpg,tEQISjSXuiE,0.0712,"a cigar being smoked, clearly visible",142.3,0.3054
15,PROMOTIONAL_CeRs1uTREGg_F009.jpg,CeRs1uTREGg,0.0706,a pouch or sachet of gutka or pan masala with visible branding,1019.5,0.2770
16,PROMOTIONAL_tvgJjsc0xUs_F037.jpg,tvgJjsc0xUs,0.0702,a pouch or sachet of gutka or pan masala with visible branding,564.8,0.2966
17,PROMOTIONAL_OWDIGDyOhcI_F035.jpg,OWDIGDyOhcI,0.0694,"a person smoking a cigarette, cigarette clearly visible",133.8,0.2955
18,PROMOTIONAL_tEQISjSXuiE_F107.jpg,tEQISjSXuiE,0.0691,"a person smoking a cigarette, cigarette clearly visible",158.5,0.2986
19,PROMOTIONAL_kHlPI8FDYNg_F066.jpg,kHlPI8FDYNg,0.0686,a photo of a cigarette pack,498.5,0.3029
20,PROMOTIONAL_tEQISjSXuiE_F042.jpg,tEQISjSXuiE,0.0685,"a person smoking a cigarette, cigarette clearly visible",121.5,0.3180
21,PROMOTIONAL_NEkFNbY2ZJU_F057.jpg,NEkFNbY2ZJU,0.0685,a pouch or sachet of gutka or pan masala with visible branding,173.3,0.3167
22,PROMOTIONAL_tEQISjSXuiE_F023.jpg,tEQISjSXuiE,0.0684,"a cigar being smoked, clearly visible",144.9,0.3175
23,PROMOTIONAL_kHlPI8FDYNg_F019.jpg,kHlPI8FDYNg,0.0669,"a cigar being smoked, clearly visible",282.5,0.3115
24,PROMOTIONAL_-KtN-Sz1iMA_F028.jpg,-KtN-Sz1iMA,0.0667,a pouch or sachet of gutka or pan masala with visible branding,1884.1,0.2789
25,PROMOTIONAL_S2pF1WuMy2M_F056.jpg,S2pF1WuMy2M,0.0665,a pouch or sachet of gutka or pan masala with visible branding,463.9,0.3088
26,PROMOTIONAL_tvgJjsc0xUs_F038.jpg,tvgJjsc0xUs,0.0660,a pouch or sachet of gutka or pan masala with visible branding,316.2,0.2891
27,PROMOTIONAL_rIYna5PfdDU_F058.jpg,rIYna5PfdDU,0.0653,a pouch or sachet of gutka or pan masala with visible branding,1277.4,0.3005
28,PROMOTIONAL_sxrCjmqRTz0_F051.jpg,sxrCjmqRTz0,0.0653,"a person smoking a cigarette, cigarette clearly visible",159.0,0.2957
29,PROMOTIONAL_kHlPI8FDYNg_F065.jpg,kHlPI8FDYNg,0.0650,a photo of a cigarette pack,513.7,0.2968
30,PROMOTIONAL_4rN1GAFrzi4_F131.jpg,4rN1GAFrzi4,0.0647,"a person smoking a cigarette, cigarette clearly visible",541.6,0.2905
31,PROMOTIONAL_AkkChMJv4wA_F053.jpg,AkkChMJv4wA,0.0646,a pouch or sachet of gutka or pan masala with visible branding,241.5,0.2924
32,PROMOTIONAL_sxrCjmqRTz0_F053.jpg,sxrCjmqRTz0,0.0638,"a cigar being smoked, clearly visible",163.3,0.2933
33,PROMOTIONAL_tEQISjSXuiE_F108.jpg,tEQISjSXuiE,0.0635,"a person smoking a cigarette, cigarette clearly visible",177.4,0.2901
34,PROMOTIONAL_CeRs1uTREGg_F005.jpg,CeRs1uTREGg,0.0629,a pouch or sachet of gutka or pan masala with visible branding,758.8,0.2709
35,PROMOTIONAL_tEQISjSXuiE_F041.jpg,tEQISjSXuiE,0.0625,"a person smoking a cigarette, cigarette clearly visible",119.9,0.3066
36,PROMOTIONAL_tEQISjSXuiE_F032.jpg,tEQISjSXuiE,0.0617,"a person smoking a cigarette, cigarette clearly visible",100.3,0.2843
37,PROMOTIONAL_5mwDEv-TSEk_F088.jpg,5mwDEv-TSEk,0.0612,"a cigar being smoked, clearly visible",119.1,0.3009
38,PROMOTIONAL_PkAjo3YgTSw_F021.jpg,PkAjo3YgTSw,0.0609,a photo of a cigarette pack,1261.6,0.2550
39,PROMOTIONAL_eXcoTo86OOw_F039.jpg,eXcoTo86OOw,0.0608,"a cigar being smoked, clearly visible",100.4,0.2936
40,PROMOTIONAL_tEQISjSXuiE_F103.jpg,tEQISjSXuiE,0.0606,"a person smoking a cigarette, cigarette clearly visible",155.1,0.2822
41,PROMOTIONAL_kHlPI8FDYNg_F016.jpg,kHlPI8FDYNg,0.0599,"a person smoking a cigarette, cigarette clearly visible",252.9,0.2837
42,PROMOTIONAL_H2qy5DVUOw8_F059.jpg,H2qy5DVUOw8,0.0593,a pouch or sachet of gutka or pan masala with visible branding,1251.0,0.2968
43,PROMOTIONAL_OWDIGDyOhcI_F046.jpg,OWDIGDyOhcI,0.0591,"a person smoking a cigarette, cigarette clearly visible",133.0,0.2966
44,PROMOTIONAL_iN7n_T5Jh54_F058.jpg,iN7n_T5Jh54,0.0584,a pouch or sachet of gutka or pan masala with visible branding,1123.3,0.2836
45,PROMOTIONAL_TX5r8OEXhEk_F031.jpg,TX5r8OEXhEk,0.0578,"a person smoking a cigarette, cigarette clearly visible",1444.2,0.2747
46,PROMOTIONAL_rIYna5PfdDU_F057.jpg,rIYna5PfdDU,0.0578,a pouch or sachet of gutka or pan masala with visible branding,1245.1,0.2845
47,PROMOTIONAL_Tl8jMFYa60o_F054.jpg,Tl8jMFYa60o,0.0575,a photo of a cigarette pack,285.6,0.3087
48,PROMOTIONAL_tEQISjSXuiE_F024.jpg,tEQISjSXuiE,0.0572,"a cigar being smoked, clearly visible",141.4,0.2991
49,PROMOTIONAL_oC9BCdJmuZc_F024.jpg,oC9BCdJmuZc,0.0572,a pouch or sachet of gutka or pan masala with visible branding,217.2,0.2958
50,PROMOTIONAL_CeRs1uTREGg_F008.jpg,CeRs1uTREGg,0.0571,a pouch or sachet of gutka or pan masala with visible branding,989.3,0.2566
51,PROMOTIONAL_NEkFNbY2ZJU_F061.jpg,NEkFNbY2ZJU,0.0568,a pouch or sachet of gutka or pan masala with visible branding,762.4,0.3157
52,PROMOTIONAL_guFdyc-Rpj0_F016.jpg,guFdyc-Rpj0,0.0568,"a can of beer, clearly visible",117.2,0.2798
53,PROMOTIONAL_iN7n_T5Jh54_F057.jpg,iN7n_T5Jh54,0.0567,a pouch or sachet of gutka or pan masala with visible branding,211.5,0.2725
54,PROMOTIONAL_rIYna5PfdDU_F059.jpg,rIYna5PfdDU,0.0567,a pouch or sachet of gutka or pan masala with visible branding,1303.7,0.2820
55,PROMOTIONAL_ob1RBsKnLP0_F043.jpg,ob1RBsKnLP0,0.0564,"a can of beer, clearly visible",274.4,0.2775
56,PROMOTIONAL_-IRKWvvlT-M_F005.jpg,-IRKWvvlT-M,0.0561,a pouch or sachet of gutka or pan masala with visible branding,1468.7,0.2913
57,PROMOTIONAL_guFdyc-Rpj0_F017.jpg,guFdyc-Rpj0,0.0559,a pouch or sachet of gutka or pan masala with visible branding,131.2,0.2843
58,PROMOTIONAL_OWDIGDyOhcI_F011.jpg,OWDIGDyOhcI,0.0547,"a person smoking a cigarette, cigarette clearly visible",152.7,0.2976
59,PROMOTIONAL_-IRKWvvlT-M_F004.jpg,-IRKWvvlT-M,0.0547,a pouch or sachet of gutka or pan masala with visible branding,1303.6,0.2874
60,PROMOTIONAL_oWPLQY-tESk_F060.jpg,oWPLQY-tESk,0.0542,a pouch or sachet of gutka or pan masala with visible branding,935.7,0.2690
61,PROMOTIONAL_hvx16M1Pe9w_F058.jpg,hvx16M1Pe9w,0.0541,"a can of beer, clearly visible",572.4,0.2844
62,PROMOTIONAL_rIYna5PfdDU_F055.jpg,rIYna5PfdDU,0.0541,a pouch or sachet of gutka or pan masala with visible branding,1089.7,0.2822
63,PROMOTIONAL_kHlPI8FDYNg_F009.jpg,kHlPI8FDYNg,0.0539,"a cigar being smoked, clearly visible",159.3,0.3003
64,PROMOTIONAL_4rN1GAFrzi4_F138.jpg,4rN1GAFrzi4,0.0531,a photo of a cigarette pack,547.9,0.2901
65,PROMOTIONAL_DsWP_FrACgM_F066.jpg,DsWP_FrACgM,0.0530,a sachet of chewing tobacco with visible branding,251.6,0.2770
66,PROMOTIONAL_rIYna5PfdDU_F054.jpg,rIYna5PfdDU,0.0529,a pouch or sachet of gutka or pan masala with visible branding,1100.1,0.2803
67,PROMOTIONAL_o2cFKv3Sb_8_F028.jpg,o2cFKv3Sb_8,0.0524,a pouch or sachet of gutka or pan masala with visible branding,213.9,0.2977
68,PROMOTIONAL_ZjaOdXCXgJw_F056.jpg,ZjaOdXCXgJw,0.0523,a pouch or sachet of gutka or pan masala with visible branding,198.4,0.3109
69,PROMOTIONAL_oWPLQY-tESk_F059.jpg,oWPLQY-tESk,0.0522,a pouch or sachet of gutka or pan masala with visible branding,924.7,0.2600
70,PROMOTIONAL_i8sQcC6wF1Q_F042.jpg,i8sQcC6wF1Q,0.0520,a sachet of chewing tobacco with visible branding,219.8,0.2692
71,PROMOTIONAL_DsWP_FrACgM_F019.jpg,DsWP_FrACgM,0.0519,a pouch or sachet of gutka or pan masala with visible branding,189.1,0.2872
72,PROMOTIONAL_rIYna5PfdDU_F053.jpg,rIYna5PfdDU,0.0519,a pouch or sachet of gutka or pan masala with visible branding,1000.9,0.2782
73,PROMOTIONAL_ZPkbtIBypb0_F223.jpg,ZPkbtIBypb0,0.0516,"a cigar being smoked, clearly visible",155.1,0.2877
74,PROMOTIONAL_2gK6XVlfdK0_F027.jpg,2gK6XVlfdK0,0.0513,a pouch or sachet of gutka or pan masala with visible branding,207.8,0.2724
75,PROMOTIONAL_CeRs1uTREGg_F007.jpg,CeRs1uTREGg,0.0511,a pouch or sachet of gutka or pan masala with visible branding,864.2,0.2504
76,PROMOTIONAL_sxrCjmqRTz0_F059.jpg,sxrCjmqRTz0,0.0511,"a person smoking a cigarette, cigarette clearly visible",165.6,0.2773
77,PROMOTIONAL_-KtN-Sz1iMA_F030.jpg,-KtN-Sz1iMA,0.0505,a pouch or sachet of gutka or pan masala with visible branding,2273.0,0.2606
78,PROMOTIONAL_oWPLQY-tESk_F058.jpg,oWPLQY-tESk,0.0503,a pouch or sachet of gutka or pan masala with visible branding,871.8,0.2623
79,PROMOTIONAL_NEkFNbY2ZJU_F048.jpg,NEkFNbY2ZJU,0.0494,a pouch or sachet of gutka or pan masala with visible branding,278.9,0.2686
80,PROMOTIONAL_OWDIGDyOhcI_F010.jpg,OWDIGDyOhcI,0.0493,"a cigar being smoked, clearly visible",101.1,0.2927
81,PROMOTIONAL_EAnIJkAsP14_F062.jpg,EAnIJkAsP14,0.0489,"a can of beer, clearly visible",243.1,0.2633
82,PROMOTIONAL_iEGY45xE5io_F056.jpg,iEGY45xE5io,0.0488,a pouch or sachet of gutka or pan masala with visible branding,175.1,0.2796
83,PROMOTIONAL_sxrCjmqRTz0_F054.jpg,sxrCjmqRTz0,0.0483,"a person smoking a cigarette, cigarette clearly visible",164.0,0.2830
84,PROMOTIONAL_2gK6XVlfdK0_F030.jpg,2gK6XVlfdK0,0.0478,a pouch or sachet of gutka or pan masala with visible branding,1365.4,0.2749
85,PROMOTIONAL_tEQISjSXuiE_F104.jpg,tEQISjSXuiE,0.0477,"a cigar being smoked, clearly visible",211.4,0.2886
86,PROMOTIONAL_4rN1GAFrzi4_F132.jpg,4rN1GAFrzi4,0.0477,"a person smoking a cigarette, cigarette clearly visible",588.3,0.2843
87,PROMOTIONAL_IrEUXOE2JHA_F009.jpg,IrEUXOE2JHA,0.0476,"a vape or e-cigarette device, clearly visible",151.8,0.2794
88,PROMOTIONAL_L-bg5RLiOaQ_F026.jpg,L-bg5RLiOaQ,0.0475,a pouch or sachet of gutka or pan masala with visible branding,156.4,0.2744
89,PROMOTIONAL_IrEUXOE2JHA_F067.jpg,IrEUXOE2JHA,0.0469,"a person smoking a cigarette, cigarette clearly visible",187.4,0.2694
90,PROMOTIONAL_H2qy5DVUOw8_F035.jpg,H2qy5DVUOw8,0.0469,"a can of beer, clearly visible",356.6,0.2588
91,PROMOTIONAL_XwgNLyk38sI_F011.jpg,XwgNLyk38sI,0.0469,a sachet of chewing tobacco with visible branding,261.0,0.2794
92,PROMOTIONAL_cz5n3qm1G8k_F019.jpg,cz5n3qm1G8k,0.0468,a pouch or sachet of gutka or pan masala with visible branding,931.2,0.2667
93,PROMOTIONAL_rIYna5PfdDU_F052.jpg,rIYna5PfdDU,0.0466,"a vape or e-cigarette device, clearly visible",394.2,0.2919
94,PROMOTIONAL_iEGY45xE5io_F060.jpg,iEGY45xE5io,0.0465,a pouch or sachet of gutka or pan masala with visible branding,843.0,0.2683
95,PROMOTIONAL_V30umsF1l7c_F058.jpg,V30umsF1l7c,0.0464,"a can of beer, clearly visible",669.9,0.2811
96,PROMOTIONAL_ZjaOdXCXgJw_F062.jpg,ZjaOdXCXgJw,0.0463,a pouch or sachet of gutka or pan masala with visible branding,759.0,0.2903
97,PROMOTIONAL_IrEUXOE2JHA_F092.jpg,IrEUXOE2JHA,0.0463,"a can of beer, clearly visible",466.6,0.2829
98,PROMOTIONAL_WxyusRiyLrA_F062.jpg,WxyusRiyLrA,0.0458,a pouch or sachet of gutka or pan masala with visible branding,179.9,0.3031
99,PROMOTIONAL_CeRs1uTREGg_F003.jpg,CeRs1uTREGg,0.0456,a pouch or sachet of gutka or pan masala with visible branding,659.0,0.2685
100,PROMOTIONAL_DsWP_FrACgM_F088.jpg,DsWP_FrACgM,0.0454,a pouch or sachet of gutka or pan masala with visible branding,137.7,0.2743
101,PROMOTIONAL_Tl8jMFYa60o_F055.jpg,Tl8jMFYa60o,0.0454,a photo of a cigarette pack,292.5,0.3007
102,PROMOTIONAL_N4UF9ezYzp0_F031.jpg,N4UF9ezYzp0,0.0449,a pouch or sachet of gutka or pan masala with visible branding,690.0,0.2620
103,PROMOTIONAL_PkAjo3YgTSw_F020.jpg,PkAjo3YgTSw,0.0448,a photo of a cigarette pack,513.2,0.2706
104,PROMOTIONAL_rIYna5PfdDU_F056.jpg,rIYna5PfdDU,0.0443,a pouch or sachet of gutka or pan masala with visible branding,1251.1,0.2673
105,PROMOTIONAL_kHlPI8FDYNg_F023.jpg,kHlPI8FDYNg,0.0443,"a person smoking a cigarette, cigarette clearly visible",154.3,0.2746
106,PROMOTIONAL_7M7oRkAaujg_F020.jpg,7M7oRkAaujg,0.0442,"a person smoking a cigarette, cigarette clearly visible",177.9,0.2898
107,PROMOTIONAL_sxrCjmqRTz0_F048.jpg,sxrCjmqRTz0,0.0441,"a cigar being smoked, clearly visible",113.1,0.2598
108,PROMOTIONAL_4rN1GAFrzi4_F130.jpg,4rN1GAFrzi4,0.0437,"a person smoking a cigarette, cigarette clearly visible",534.3,0.2802
109,PROMOTIONAL_sxrCjmqRTz0_F039.jpg,sxrCjmqRTz0,0.0436,a photo of a cigarette pack,188.2,0.2789
110,PROMOTIONAL_4rN1GAFrzi4_F048.jpg,4rN1GAFrzi4,0.0434,a photo of a cigarette pack,797.9,0.2794
111,PROMOTIONAL_RnL8eDxT7Cg_F055.jpg,RnL8eDxT7Cg,0.0434,"a person smoking a cigarette, cigarette clearly visible",149.2,0.2853
112,PROMOTIONAL_guFdyc-Rpj0_F001.jpg,guFdyc-Rpj0,0.0422,"a can of beer, clearly visible",141.3,0.2913
113,PROMOTIONAL_2hv10KpfgXs_F059.jpg,2hv10KpfgXs,0.0420,"a person smoking a cigarette, cigarette clearly visible",135.4,0.2670
114,PROMOTIONAL_7M7oRkAaujg_F026.jpg,7M7oRkAaujg,0.0419,"a cigar being smoked, clearly visible",218.2,0.2761
115,PROMOTIONAL_YU0COqQ9W-A_F037.jpg,YU0COqQ9W-A,0.0414,"a glass of beer or wine, clearly visible",222.7,0.2853
116,PROMOTIONAL_zNfEfnyxE6c_F018.jpg,zNfEfnyxE6c,0.0409,a pouch or sachet of gutka or pan masala with visible branding,673.1,0.2578
117,PROMOTIONAL_ZjaOdXCXgJw_F030.jpg,ZjaOdXCXgJw,0.0408,"a vape or e-cigarette device, clearly visible",212.7,0.2911
118,PROMOTIONAL_cz5n3qm1G8k_F018.jpg,cz5n3qm1G8k,0.0402,a pouch or sachet of gutka or pan masala with visible branding,790.7,0.2509
119,PROMOTIONAL_IrEUXOE2JHA_F091.jpg,IrEUXOE2JHA,0.0401,"a can of beer, clearly visible",518.5,0.2796
120,PROMOTIONAL_DsWP_FrACgM_F020.jpg,DsWP_FrACgM,0.0400,a pouch or sachet of gutka or pan masala with visible branding,166.6,0.2653
121,PROMOTIONAL_AMK9MrKAXKw_F012.jpg,AMK9MrKAXKw,0.0397,a photo of a cigarette pack,227.6,0.2813
122,PROMOTIONAL_FnULv0U14UY_F052.jpg,FnULv0U14UY,0.0396,a hookah pipe,168.7,0.2603
123,PROMOTIONAL_4rN1GAFrzi4_F070.jpg,4rN1GAFrzi4,0.0392,a photo of a cigarette pack,632.0,0.2614
124,PROMOTIONAL_f5m68k2yyfo_F029.jpg,f5m68k2yyfo,0.0387,a pouch or sachet of gutka or pan masala with visible branding,708.3,0.2602
125,PROMOTIONAL_3MaLTyJokyM_F002.jpg,3MaLTyJokyM,0.0385,a hookah pipe,325.4,0.3120
126,PROMOTIONAL_kHlPI8FDYNg_F039.jpg,kHlPI8FDYNg,0.0385,"a cigar being smoked, clearly visible",105.8,0.2660
127,PROMOTIONAL_L-bg5RLiOaQ_F028.jpg,L-bg5RLiOaQ,0.0382,a pouch or sachet of gutka or pan masala with visible branding,191.9,0.2532
128,PROMOTIONAL_RnL8eDxT7Cg_F006.jpg,RnL8eDxT7Cg,0.0379,"a vape or e-cigarette device, clearly visible",1501.2,0.2671
129,PROMOTIONAL_2gK6XVlfdK0_F001.jpg,2gK6XVlfdK0,0.0378,a pouch or sachet of gutka or pan masala with visible branding,298.4,0.2467
130,PROMOTIONAL_PkAjo3YgTSw_F010.jpg,PkAjo3YgTSw,0.0370,a photo of a cigarette pack,517.9,0.2346
131,PROMOTIONAL_tEQISjSXuiE_F110.jpg,tEQISjSXuiE,0.0364,"a person smoking a cigarette, cigarette clearly visible",262.0,0.2729
132,PROMOTIONAL_kHlPI8FDYNg_F064.jpg,kHlPI8FDYNg,0.0363,a photo of a cigarette pack,568.2,0.2794
133,PROMOTIONAL_FnULv0U14UY_F054.jpg,FnULv0U14UY,0.0363,"a cigar being smoked, clearly visible",161.1,0.2887
134,PROMOTIONAL_2hv10KpfgXs_F043.jpg,2hv10KpfgXs,0.0362,a photo of a cigarette pack,301.9,0.2834
135,PROMOTIONAL_4rN1GAFrzi4_F010.jpg,4rN1GAFrzi4,0.0361,"a person smoking a cigarette, cigarette clearly visible",543.5,0.2648
136,PROMOTIONAL_TX5r8OEXhEk_F026.jpg,TX5r8OEXhEk,0.0361,"a person smoking a cigarette, cigarette clearly visible",250.4,0.2636
137,PROMOTIONAL_2hv10KpfgXs_F046.jpg,2hv10KpfgXs,0.0361,a photo of a cigarette pack,325.7,0.2812
138,PROMOTIONAL_L-bg5RLiOaQ_F039.jpg,L-bg5RLiOaQ,0.0361,a photo of a cigarette pack,158.5,0.2739
139,PROMOTIONAL_f5m68k2yyfo_F028.jpg,f5m68k2yyfo,0.0360,"a can of beer, clearly visible",461.7,0.2722
140,PROMOTIONAL_IrEUXOE2JHA_F006.jpg,IrEUXOE2JHA,0.0356,"a vape or e-cigarette device, clearly visible",183.1,0.2552
141,PROMOTIONAL_9VLJyBaIiMQ_F008.jpg,9VLJyBaIiMQ,0.0355,a pouch or sachet of gutka or pan masala with visible branding,306.8,0.2689
142,PROMOTIONAL_BJpdusGS8Ak_F032.jpg,BJpdusGS8Ak,0.0354,a bottle of alcohol or whisky with visible label,263.8,0.2853
143,PROMOTIONAL_PkAjo3YgTSw_F011.jpg,PkAjo3YgTSw,0.0353,a photo of a cigarette pack,1351.9,0.2311
144,PROMOTIONAL_OWSC-C447aY_F044.jpg,OWSC-C447aY,0.0352,"a glass of beer or wine, clearly visible",171.7,0.2693
145,PROMOTIONAL_sxrCjmqRTz0_F049.jpg,sxrCjmqRTz0,0.0348,"a person smoking a cigarette, cigarette clearly visible",159.2,0.2632
146,PROMOTIONAL_2hv10KpfgXs_F034.jpg,2hv10KpfgXs,0.0348,"a cigar being smoked, clearly visible",167.6,0.2513
147,PROMOTIONAL_oWPLQY-tESk_F001.jpg,oWPLQY-tESk,0.0346,"a vape or e-cigarette device, clearly visible",180.2,0.2742
148,PROMOTIONAL_ZPkbtIBypb0_F213.jpg,ZPkbtIBypb0,0.0344,"a cigar being smoked, clearly visible",331.5,0.2591
149,PROMOTIONAL_WxyusRiyLrA_F064.jpg,WxyusRiyLrA,0.0344,a pouch or sachet of gutka or pan masala with visible branding,330.0,0.2792
150,PROMOTIONAL_CeRs1uTREGg_F001.jpg,CeRs1uTREGg,0.0342,"a can of beer, clearly visible",242.5,0.2681
151,PROMOTIONAL_3MaLTyJokyM_F018.jpg,3MaLTyJokyM,0.0341,"a cigar being smoked, clearly visible",379.2,0.2659
152,PROMOTIONAL_2hv10KpfgXs_F044.jpg,2hv10KpfgXs,0.0339,a photo of a cigarette pack,293.1,0.2695
153,PROMOTIONAL_2hv10KpfgXs_F060.jpg,2hv10KpfgXs,0.0337,"a person smoking a cigarette, cigarette clearly visible",112.8,0.2668
154,PROMOTIONAL_NEkFNbY2ZJU_F055.jpg,NEkFNbY2ZJU,0.0336,"a person smoking a cigarette, cigarette clearly visible",393.3,0.2509
155,PROMOTIONAL_o2cFKv3Sb_8_F007.jpg,o2cFKv3Sb_8,0.0336,a pouch or sachet of gutka or pan masala with visible branding,263.0,0.2858
156,PROMOTIONAL_ymCBZ6xXJkY_F059.jpg,ymCBZ6xXJkY,0.0332,"a vape or e-cigarette device, clearly visible",432.7,0.2627
157,PROMOTIONAL_sxrCjmqRTz0_F055.jpg,sxrCjmqRTz0,0.0327,"a person smoking a cigarette, cigarette clearly visible",161.9,0.2707
158,PROMOTIONAL_-KtN-Sz1iMA_F026.jpg,-KtN-Sz1iMA,0.0324,"a can of beer, clearly visible",1022.3,0.2654
159,PROMOTIONAL_2gK6XVlfdK0_F028.jpg,2gK6XVlfdK0,0.0323,a pouch or sachet of gutka or pan masala with visible branding,2040.5,0.2671
160,PROMOTIONAL_fmK0FYpaJ7E_F019.jpg,fmK0FYpaJ7E,0.0323,a sachet of chewing tobacco with visible branding,136.8,0.2995
161,PROMOTIONAL_NEkFNbY2ZJU_F060.jpg,NEkFNbY2ZJU,0.0323,a pouch or sachet of gutka or pan masala with visible branding,518.1,0.3004
162,PROMOTIONAL_qXlhj_LwBNc_F057.jpg,qXlhj_LwBNc,0.0320,"a cigar being smoked, clearly visible",194.1,0.2561
163,PROMOTIONAL_2hv10KpfgXs_F019.jpg,2hv10KpfgXs,0.0319,a photo of a cigarette pack,341.6,0.2722
164,PROMOTIONAL_PkAjo3YgTSw_F004.jpg,PkAjo3YgTSw,0.0307,a photo of a cigarette pack,205.5,0.2537
165,PROMOTIONAL_FnULv0U14UY_F037.jpg,FnULv0U14UY,0.0307,"a cigar being smoked, clearly visible",111.4,0.2507
166,PROMOTIONAL_IrEUXOE2JHA_F086.jpg,IrEUXOE2JHA,0.0306,"a can of beer, clearly visible",188.7,0.2703
167,PROMOTIONAL_tEQISjSXuiE_F111.jpg,tEQISjSXuiE,0.0306,"a person smoking a cigarette, cigarette clearly visible",242.2,0.2719
168,PROMOTIONAL_9VLJyBaIiMQ_F060.jpg,9VLJyBaIiMQ,0.0302,a pouch or sachet of gutka or pan masala with visible branding,1446.4,0.2826
169,PROMOTIONAL_guFdyc-Rpj0_F018.jpg,guFdyc-Rpj0,0.0301,a pouch or sachet of gutka or pan masala with visible branding,114.6,0.2584
170,PROMOTIONAL_4rN1GAFrzi4_F052.jpg,4rN1GAFrzi4,0.0300,a pouch or sachet of gutka or pan masala with visible branding,457.1,0.2557
171,PROMOTIONAL_9VLJyBaIiMQ_F009.jpg,9VLJyBaIiMQ,0.0299,a pouch or sachet of gutka or pan masala with visible branding,292.8,0.2683
172,PROMOTIONAL_PkAjo3YgTSw_F017.jpg,PkAjo3YgTSw,0.0299,a photo of a cigarette pack,359.5,0.2640
173,PROMOTIONAL_OWSC-C447aY_F019.jpg,OWSC-C447aY,0.0298,a pouch or sachet of gutka or pan masala with visible branding,484.1,0.2691
174,PROMOTIONAL_tEQISjSXuiE_F097.jpg,tEQISjSXuiE,0.0297,"a cigar being smoked, clearly visible",214.5,0.2731
175,PROMOTIONAL_tEQISjSXuiE_F112.jpg,tEQISjSXuiE,0.0297,"a person smoking a cigarette, cigarette clearly visible",253.5,0.2751
176,PROMOTIONAL_H2qy5DVUOw8_F057.jpg,H2qy5DVUOw8,0.0297,a photo of a cigarette pack,133.5,0.2732
177,PROMOTIONAL_2hv10KpfgXs_F028.jpg,2hv10KpfgXs,0.0295,"a person smoking a cigarette, cigarette clearly visible",138.3,0.2518
178,PROMOTIONAL_OWSC-C447aY_F056.jpg,OWSC-C447aY,0.0295,"a vape or e-cigarette device, clearly visible",149.9,0.2814
179,PROMOTIONAL_L-bg5RLiOaQ_F030.jpg,L-bg5RLiOaQ,0.0292,a pouch or sachet of gutka or pan masala with visible branding,219.8,0.2575
180,PROMOTIONAL_7VDOruS-i10_F042.jpg,7VDOruS-i10,0.0291,a pouch or sachet of gutka or pan masala with visible branding,744.9,0.2535
181,PROMOTIONAL_mt4Cf63vFyI_F005.jpg,mt4Cf63vFyI,0.0291,a sachet of chewing tobacco with visible branding,408.5,0.2690
182,PROMOTIONAL_f5m68k2yyfo_F027.jpg,f5m68k2yyfo,0.0289,"a can of beer, clearly visible",339.6,0.2561
183,PROMOTIONAL_AkkChMJv4wA_F028.jpg,AkkChMJv4wA,0.0289,a sachet of chewing tobacco with visible branding,830.8,0.2682
184,PROMOTIONAL_-KtN-Sz1iMA_F025.jpg,-KtN-Sz1iMA,0.0289,"a glass of beer or wine, clearly visible",638.6,0.2798
185,PROMOTIONAL_EAnIJkAsP14_F061.jpg,EAnIJkAsP14,0.0288,"a can of beer, clearly visible",240.7,0.2398
186,PROMOTIONAL_oWPLQY-tESk_F015.jpg,oWPLQY-tESk,0.0286,"a can of beer, clearly visible",154.1,0.2662
187,PROMOTIONAL_kHlPI8FDYNg_F045.jpg,kHlPI8FDYNg,0.0285,"a can of beer, clearly visible",285.8,0.2627
188,PROMOTIONAL_NEkFNbY2ZJU_F059.jpg,NEkFNbY2ZJU,0.0284,a pouch or sachet of gutka or pan masala with visible branding,480.9,0.2975
189,PROMOTIONAL_oC9BCdJmuZc_F045.jpg,oC9BCdJmuZc,0.0284,a pouch or sachet of gutka or pan masala with visible branding,1333.1,0.2560
190,PROMOTIONAL_sxrCjmqRTz0_F058.jpg,sxrCjmqRTz0,0.0284,"a person smoking a cigarette, cigarette clearly visible",163.3,0.2612
191,PROMOTIONAL_ZjaOdXCXgJw_F061.jpg,ZjaOdXCXgJw,0.0284,a pouch or sachet of gutka or pan masala with visible branding,628.2,0.3002
192,PROMOTIONAL_S2pF1WuMy2M_F050.jpg,S2pF1WuMy2M,0.0281,a pouch or sachet of gutka or pan masala with visible branding,565.7,0.2664
193,PROMOTIONAL_oWPLQY-tESk_F002.jpg,oWPLQY-tESk,0.0281,"a person smoking a cigarette, cigarette clearly visible",154.9,0.2643
194,PROMOTIONAL_ymCBZ6xXJkY_F083.jpg,ymCBZ6xXJkY,0.0280,"a can of beer, clearly visible",277.3,0.2667
195,PROMOTIONAL_FnULv0U14UY_F036.jpg,FnULv0U14UY,0.0279,"a cigar being smoked, clearly visible",133.4,0.2569
196,PROMOTIONAL_rIYna5PfdDU_F026.jpg,rIYna5PfdDU,0.0276,a pouch or sachet of gutka or pan masala with visible branding,289.3,0.2529
197,PROMOTIONAL_-vFLsll_Gpk_F022.jpg,-vFLsll_Gpk,0.0271,a pouch or sachet of gutka or pan masala with visible branding,249.2,0.2610
198,PROMOTIONAL_gN8Ol4w9u6s_F164.jpg,gN8Ol4w9u6s,0.0271,"a can of beer, clearly visible",127.2,0.2417
199,PROMOTIONAL_tEQISjSXuiE_F040.jpg,tEQISjSXuiE,0.0271,"a cigar being smoked, clearly visible",169.4,0.2649
200,PROMOTIONAL_OWDIGDyOhcI_F037.jpg,OWDIGDyOhcI,0.0270,"a cigar being smoked, clearly visible",271.9,0.2770
201,PROMOTIONAL_WxyusRiyLrA_F063.jpg,WxyusRiyLrA,0.0269,a pouch or sachet of gutka or pan masala with visible branding,301.5,0.2674
202,PROMOTIONAL_guFdyc-Rpj0_F002.jpg,guFdyc-Rpj0,0.0268,"a can of beer, clearly visible",133.0,0.2746
203,PROMOTIONAL_L-bg5RLiOaQ_F027.jpg,L-bg5RLiOaQ,0.0268,a pouch or sachet of gutka or pan masala with visible branding,144.3,0.2755
204,PROMOTIONAL_TX5r8OEXhEk_F025.jpg,TX5r8OEXhEk,0.0265,"a person smoking a cigarette, cigarette clearly visible",125.2,0.2532
205,PROMOTIONAL_7M7oRkAaujg_F036.jpg,7M7oRkAaujg,0.0265,"a cigar being smoked, clearly visible",140.3,0.2653
206,PROMOTIONAL_-vFLsll_Gpk_F026.jpg,-vFLsll_Gpk,0.0263,"a can of beer, clearly visible",199.2,0.2517
207,PROMOTIONAL_oWPLQY-tESk_F054.jpg,oWPLQY-tESk,0.0263,"a can of beer, clearly visible",106.5,0.2721
208,PROMOTIONAL_ymCBZ6xXJkY_F058.jpg,ymCBZ6xXJkY,0.0263,"a vape or e-cigarette device, clearly visible",442.8,0.2577
209,PROMOTIONAL_S2pF1WuMy2M_F055.jpg,S2pF1WuMy2M,0.0261,a sachet of chewing tobacco with visible branding,150.5,0.2911
210,PROMOTIONAL_OWDIGDyOhcI_F036.jpg,OWDIGDyOhcI,0.0261,"a person smoking a cigarette, cigarette clearly visible",132.4,0.2658
211,PROMOTIONAL_DsWP_FrACgM_F021.jpg,DsWP_FrACgM,0.0260,"a can of beer, clearly visible",142.2,0.2728
212,PROMOTIONAL_qXlhj_LwBNc_F063.jpg,qXlhj_LwBNc,0.0259,"a can of beer, clearly visible",104.2,0.2521
213,PROMOTIONAL_iEGY45xE5io_F059.jpg,iEGY45xE5io,0.0258,"a can of beer, clearly visible",993.7,0.2537
214,PROMOTIONAL_NEkFNbY2ZJU_F058.jpg,NEkFNbY2ZJU,0.0258,a pouch or sachet of gutka or pan masala with visible branding,320.3,0.2809
215,PROMOTIONAL_tEQISjSXuiE_F021.jpg,tEQISjSXuiE,0.0257,"a cigar being smoked, clearly visible",117.9,0.2660
216,PROMOTIONAL_7VDOruS-i10_F010.jpg,7VDOruS-i10,0.0255,"a cigar being smoked, clearly visible",336.8,0.2523
217,PROMOTIONAL_Lu747R2Ktis_F025.jpg,Lu747R2Ktis,0.0254,"a person smoking a cigarette, cigarette clearly visible",967.1,0.2528
218,PROMOTIONAL_Lu747R2Ktis_F048.jpg,Lu747R2Ktis,0.0254,"a cigar being smoked, clearly visible",262.8,0.2624
219,PROMOTIONAL_ymCBZ6xXJkY_F013.jpg,ymCBZ6xXJkY,0.0253,"a cigar being smoked, clearly visible",120.0,0.2429
220,PROMOTIONAL_oWPLQY-tESk_F055.jpg,oWPLQY-tESk,0.0251,"a vape or e-cigarette device, clearly visible",135.0,0.2660
221,PROMOTIONAL_sxrCjmqRTz0_F015.jpg,sxrCjmqRTz0,0.0251,"a vape or e-cigarette device, clearly visible",103.4,0.2847
222,PROMOTIONAL_FnULv0U14UY_F055.jpg,FnULv0U14UY,0.0251,a photo of a cigarette pack,234.5,0.2807
223,PROMOTIONAL_AkkChMJv4wA_F022.jpg,AkkChMJv4wA,0.0250,a pouch or sachet of gutka or pan masala with visible branding,178.3,0.2485
224,PROMOTIONAL_PkAjo3YgTSw_F001.jpg,PkAjo3YgTSw,0.0250,a photo of a cigarette pack,117.9,0.2212
225,PROMOTIONAL_7M7oRkAaujg_F050.jpg,7M7oRkAaujg,0.0250,"a cigar being smoked, clearly visible",136.8,0.2615
226,PROMOTIONAL_zNfEfnyxE6c_F019.jpg,zNfEfnyxE6c,0.0249,a pouch or sachet of gutka or pan masala with visible branding,667.8,0.2332
227,PROMOTIONAL_iEGY45xE5io_F045.jpg,iEGY45xE5io,0.0248,a sachet of chewing tobacco with visible branding,394.0,0.2568
228,PROMOTIONAL_7M7oRkAaujg_F051.jpg,7M7oRkAaujg,0.0242,"a cigar being smoked, clearly visible",134.3,0.2631
229,PROMOTIONAL_tEQISjSXuiE_F039.jpg,tEQISjSXuiE,0.0241,"a cigar being smoked, clearly visible",157.1,0.2581
230,PROMOTIONAL_7M7oRkAaujg_F022.jpg,7M7oRkAaujg,0.0239,"a cigar being smoked, clearly visible",164.7,0.2562
231,PROMOTIONAL_M98NqbcWdyI_F042.jpg,M98NqbcWdyI,0.0239,"a cigar being smoked, clearly visible",250.0,0.2436
232,PROMOTIONAL_RnL8eDxT7Cg_F018.jpg,RnL8eDxT7Cg,0.0236,"a person smoking a cigarette, cigarette clearly visible",411.4,0.2670
233,PROMOTIONAL_tEQISjSXuiE_F050.jpg,tEQISjSXuiE,0.0235,"a person smoking a cigarette, cigarette clearly visible",121.2,0.2453
234,PROMOTIONAL_IrEUXOE2JHA_F084.jpg,IrEUXOE2JHA,0.0234,"a can of beer, clearly visible",162.0,0.2642
235,PROMOTIONAL_9VLJyBaIiMQ_F010.jpg,9VLJyBaIiMQ,0.0233,"a vape or e-cigarette device, clearly visible",165.2,0.2525
236,PROMOTIONAL_2gK6XVlfdK0_F023.jpg,2gK6XVlfdK0,0.0233,"a person smoking a cigarette, cigarette clearly visible",1080.0,0.2569
237,PROMOTIONAL_7M7oRkAaujg_F017.jpg,7M7oRkAaujg,0.0231,"a person smoking a cigarette, cigarette clearly visible",323.0,0.2519
238,PROMOTIONAL_9VLJyBaIiMQ_F001.jpg,9VLJyBaIiMQ,0.0230,"a can of beer, clearly visible",258.6,0.2473
239,PROMOTIONAL_7VDOruS-i10_F040.jpg,7VDOruS-i10,0.0227,"a can of beer, clearly visible",522.3,0.2595
240,PROMOTIONAL_kJofDnUYPhw_F274.jpg,kJofDnUYPhw,0.0226,"a vape or e-cigarette device, clearly visible",101.4,0.2524
241,PROMOTIONAL_-vFLsll_Gpk_F023.jpg,-vFLsll_Gpk,0.0226,a pouch or sachet of gutka or pan masala with visible branding,228.5,0.2603
242,PROMOTIONAL_PkAjo3YgTSw_F014.jpg,PkAjo3YgTSw,0.0226,a photo of a cigarette pack,430.5,0.2512
243,PROMOTIONAL_ehkKKPTZhAA_F007.jpg,ehkKKPTZhAA,0.0226,"a vape or e-cigarette device, clearly visible",172.5,0.2542
244,PROMOTIONAL_PkAjo3YgTSw_F006.jpg,PkAjo3YgTSw,0.0225,a photo of a cigarette pack,176.4,0.2376
245,PROMOTIONAL_eXcoTo86OOw_F033.jpg,eXcoTo86OOw,0.0225,"a cigar being smoked, clearly visible",144.1,0.2515
246,PROMOTIONAL_sxrCjmqRTz0_F037.jpg,sxrCjmqRTz0,0.0225,"a person smoking a cigarette, cigarette clearly visible",122.2,0.2765
247,PROMOTIONAL_eXcoTo86OOw_F038.jpg,eXcoTo86OOw,0.0224,"a cigar being smoked, clearly visible",104.8,0.2697
248,PROMOTIONAL_BJpdusGS8Ak_F066.jpg,BJpdusGS8Ak,0.0223,"a can of beer, clearly visible",147.7,0.2816
249,PROMOTIONAL_i8sQcC6wF1Q_F024.jpg,i8sQcC6wF1Q,0.0223,a pouch or sachet of gutka or pan masala with visible branding,210.9,0.2219
250,PROMOTIONAL_2hv10KpfgXs_F029.jpg,2hv10KpfgXs,0.0221,"a cigar being smoked, clearly visible",133.4,0.2550
251,PROMOTIONAL_RnL8eDxT7Cg_F085.jpg,RnL8eDxT7Cg,0.0219,"a cigar being smoked, clearly visible",849.9,0.2374
252,PROMOTIONAL_NEkFNbY2ZJU_F003.jpg,NEkFNbY2ZJU,0.0218,"a can of beer, clearly visible",468.8,0.2564
253,PROMOTIONAL_7M7oRkAaujg_F048.jpg,7M7oRkAaujg,0.0218,"a vape or e-cigarette device, clearly visible",132.5,0.2611
254,PROMOTIONAL_NEkFNbY2ZJU_F021.jpg,NEkFNbY2ZJU,0.0217,"a can of beer, clearly visible",297.6,0.2422
255,PROMOTIONAL_PkAjo3YgTSw_F018.jpg,PkAjo3YgTSw,0.0217,a photo of a cigarette pack,173.0,0.2593
256,PROMOTIONAL_IrEUXOE2JHA_F088.jpg,IrEUXOE2JHA,0.0216,"a vape or e-cigarette device, clearly visible",138.0,0.2424
257,PROMOTIONAL_ymCBZ6xXJkY_F088.jpg,ymCBZ6xXJkY,0.0216,"a can of beer, clearly visible",575.6,0.2477
258,PROMOTIONAL_NEkFNbY2ZJU_F019.jpg,NEkFNbY2ZJU,0.0215,"a person smoking a cigarette, cigarette clearly visible",350.1,0.2615
259,PROMOTIONAL_2hv10KpfgXs_F057.jpg,2hv10KpfgXs,0.0215,a photo of a cigarette pack,118.6,0.2663
260,PROMOTIONAL_2hv10KpfgXs_F027.jpg,2hv10KpfgXs,0.0214,"a person smoking a cigarette, cigarette clearly visible",135.3,0.2404
261,PROMOTIONAL_ob1RBsKnLP0_F058.jpg,ob1RBsKnLP0,0.0213,"a can of beer, clearly visible",995.6,0.2346
262,PROMOTIONAL_OWDIGDyOhcI_F045.jpg,OWDIGDyOhcI,0.0213,"a cigar being smoked, clearly visible",169.1,0.2652
263,PROMOTIONAL_BJpdusGS8Ak_F039.jpg,BJpdusGS8Ak,0.0212,"a vape or e-cigarette device, clearly visible",109.1,0.2779
264,PROMOTIONAL_kHlPI8FDYNg_F041.jpg,kHlPI8FDYNg,0.0212,"a person smoking a cigarette, cigarette clearly visible",278.1,0.2326
265,PROMOTIONAL_MGrjU_VcO5E_F010.jpg,MGrjU_VcO5E,0.0211,a pouch or sachet of gutka or pan masala with visible branding,711.2,0.2324
266,PROMOTIONAL_PkAjo3YgTSw_F024.jpg,PkAjo3YgTSw,0.0211,a photo of a cigarette pack,957.6,0.2424
267,PROMOTIONAL_iEGY45xE5io_F043.jpg,iEGY45xE5io,0.0210,a sachet of chewing tobacco with visible branding,233.7,0.2658
268,PROMOTIONAL_2hv10KpfgXs_F037.jpg,2hv10KpfgXs,0.0210,"a person smoking a cigarette, cigarette clearly visible",161.5,0.2473
269,PROMOTIONAL_kHlPI8FDYNg_F028.jpg,kHlPI8FDYNg,0.0209,"a cigar being smoked, clearly visible",289.7,0.2504
270,PROMOTIONAL_Q0yse1BaA8w_F017.jpg,Q0yse1BaA8w,0.0209,"a person smoking a cigarette, cigarette clearly visible",336.8,0.2484
271,PROMOTIONAL_-KtN-Sz1iMA_F024.jpg,-KtN-Sz1iMA,0.0209,"a glass of beer or wine, clearly visible",433.5,0.2608
272,PROMOTIONAL_oWPLQY-tESk_F057.jpg,oWPLQY-tESk,0.0209,a pouch or sachet of gutka or pan masala with visible branding,223.6,0.2452
273,PROMOTIONAL_TX5r8OEXhEk_F027.jpg,TX5r8OEXhEk,0.0208,"a person smoking a cigarette, cigarette clearly visible",355.1,0.2511
274,PROMOTIONAL_kHlPI8FDYNg_F049.jpg,kHlPI8FDYNg,0.0208,"a cigar being smoked, clearly visible",272.9,0.2369
275,PROMOTIONAL_4rN1GAFrzi4_F046.jpg,4rN1GAFrzi4,0.0207,"a can of beer, clearly visible",493.7,0.2499
276,PROMOTIONAL_kHlPI8FDYNg_F032.jpg,kHlPI8FDYNg,0.0206,"a can of beer, clearly visible",149.4,0.2735
277,PROMOTIONAL_ZPkbtIBypb0_F013.jpg,ZPkbtIBypb0,0.0205,"a can of beer, clearly visible",917.1,0.2403
278,PROMOTIONAL_RnL8eDxT7Cg_F008.jpg,RnL8eDxT7Cg,0.0205,"a person smoking a cigarette, cigarette clearly visible",245.7,0.2660
279,PROMOTIONAL_NEkFNbY2ZJU_F034.jpg,NEkFNbY2ZJU,0.0205,a photo of a cigarette pack,190.8,0.2630
280,PROMOTIONAL_iEGY45xE5io_F049.jpg,iEGY45xE5io,0.0205,"a cigar being smoked, clearly visible",211.6,0.2551
281,PROMOTIONAL_RnL8eDxT7Cg_F063.jpg,RnL8eDxT7Cg,0.0204,"a cigar being smoked, clearly visible",260.0,0.2502
282,PROMOTIONAL_NEkFNbY2ZJU_F004.jpg,NEkFNbY2ZJU,0.0203,"a can of beer, clearly visible",527.5,0.2517
283,PROMOTIONAL_9VLJyBaIiMQ_F011.jpg,9VLJyBaIiMQ,0.0201,a pouch or sachet of gutka or pan masala with visible branding,224.8,0.2464
284,PROMOTIONAL_tEQISjSXuiE_F048.jpg,tEQISjSXuiE,0.0201,"a cigar being smoked, clearly visible",102.6,0.2474
285,PROMOTIONAL_7M7oRkAaujg_F038.jpg,7M7oRkAaujg,0.0201,"a cigar being smoked, clearly visible",142.1,0.2517
286,PROMOTIONAL_f5m68k2yyfo_F023.jpg,f5m68k2yyfo,0.0200,"a can of beer, clearly visible",869.5,0.2692
287,PROMOTIONAL_tEQISjSXuiE_F020.jpg,tEQISjSXuiE,0.0200,"a cigar being smoked, clearly visible",121.5,0.2649
288,PROMOTIONAL_BJpdusGS8Ak_F062.jpg,BJpdusGS8Ak,0.0200,"a glass of beer or wine, clearly visible",264.1,0.2631
289,PROMOTIONAL_9VLJyBaIiMQ_F047.jpg,9VLJyBaIiMQ,0.0199,"a cigar being smoked, clearly visible",224.7,0.2424
290,PROMOTIONAL_Kr8XAnR80XA_F037.jpg,Kr8XAnR80XA,0.0198,"a cigar being smoked, clearly visible",125.1,0.2588
291,PROMOTIONAL_RnL8eDxT7Cg_F058.jpg,RnL8eDxT7Cg,0.0198,"a cigar being smoked, clearly visible",166.3,0.2544
292,PROMOTIONAL_kJofDnUYPhw_F328.jpg,kJofDnUYPhw,0.0198,"a vape or e-cigarette device, clearly visible",304.2,0.2599
293,PROMOTIONAL_ZjaOdXCXgJw_F022.jpg,ZjaOdXCXgJw,0.0197,"a person smoking a cigarette, cigarette clearly visible",506.5,0.2599
294,PROMOTIONAL_oWPLQY-tESk_F056.jpg,oWPLQY-tESk,0.0194,"a vape or e-cigarette device, clearly visible",124.6,0.2607
295,PROMOTIONAL_FnULv0U14UY_F056.jpg,FnULv0U14UY,0.0192,a photo of a cigarette pack,341.6,0.2786
296,PROMOTIONAL_2hv10KpfgXs_F016.jpg,2hv10KpfgXs,0.0190,a photo of a cigarette pack,296.3,0.2636
297,PROMOTIONAL_ymCBZ6xXJkY_F084.jpg,ymCBZ6xXJkY,0.0190,"a can of beer, clearly visible",295.5,0.2438
298,PROMOTIONAL_IrEUXOE2JHA_F089.jpg,IrEUXOE2JHA,0.0190,"a vape or e-cigarette device, clearly visible",148.6,0.2390
299,PROMOTIONAL_ZPkbtIBypb0_F009.jpg,ZPkbtIBypb0,0.0189,"a cigar being smoked, clearly visible",202.3,0.2706
300,PROMOTIONAL_ZPkbtIBypb0_F222.jpg,ZPkbtIBypb0,0.0189,"a cigar being smoked, clearly visible",219.2,0.2465
301,PROMOTIONAL_7VDOruS-i10_F028.jpg,7VDOruS-i10,0.0186,"a cigar being smoked, clearly visible",111.1,0.2634
302,PROMOTIONAL_4rN1GAFrzi4_F024.jpg,4rN1GAFrzi4,0.0185,a pouch or sachet of gutka or pan masala with visible branding,645.5,0.2612
303,PROMOTIONAL_ZPkbtIBypb0_F155.jpg,ZPkbtIBypb0,0.0184,"a vape or e-cigarette device, clearly visible",414.0,0.2671
304,PROMOTIONAL_ob1RBsKnLP0_F057.jpg,ob1RBsKnLP0,0.0184,"a can of beer, clearly visible",590.4,0.2404
305,PROMOTIONAL_M98NqbcWdyI_F027.jpg,M98NqbcWdyI,0.0184,"a vape or e-cigarette device, clearly visible",131.9,0.2478
306,PROMOTIONAL_Tl8jMFYa60o_F014.jpg,Tl8jMFYa60o,0.0184,"a cigar being smoked, clearly visible",295.3,0.2528
307,PROMOTIONAL_guFdyc-Rpj0_F011.jpg,guFdyc-Rpj0,0.0183,"a can of beer, clearly visible",239.7,0.2406
308,PROMOTIONAL_ymCBZ6xXJkY_F031.jpg,ymCBZ6xXJkY,0.0182,"a vape or e-cigarette device, clearly visible",164.5,0.2782
309,PROMOTIONAL_tEQISjSXuiE_F038.jpg,tEQISjSXuiE,0.0181,"a cigar being smoked, clearly visible",259.6,0.2487
310,PROMOTIONAL_Lu747R2Ktis_F017.jpg,Lu747R2Ktis,0.0180,"a person smoking a cigarette, cigarette clearly visible",804.7,0.2345
311,PROMOTIONAL_OWSC-C447aY_F042.jpg,OWSC-C447aY,0.0180,"a glass of beer or wine, clearly visible",146.0,0.2354
312,PROMOTIONAL_JWnkH7vjXTg_F028.jpg,JWnkH7vjXTg,0.0180,"a cigar being smoked, clearly visible",1943.7,0.2390
313,PROMOTIONAL_BJpdusGS8Ak_F050.jpg,BJpdusGS8Ak,0.0180,"a can of beer, clearly visible",288.2,0.2444
314,PROMOTIONAL_M98NqbcWdyI_F043.jpg,M98NqbcWdyI,0.0179,"a cigar being smoked, clearly visible",189.9,0.2356
315,PROMOTIONAL_IrEUXOE2JHA_F044.jpg,IrEUXOE2JHA,0.0179,"a cigar being smoked, clearly visible",136.5,0.2763
316,PROMOTIONAL_JWnkH7vjXTg_F020.jpg,JWnkH7vjXTg,0.0177,"a cigar being smoked, clearly visible",2344.1,0.2506
317,PROMOTIONAL_DsWP_FrACgM_F013.jpg,DsWP_FrACgM,0.0176,"a can of beer, clearly visible",150.2,0.2331
318,PROMOTIONAL_S2pF1WuMy2M_F051.jpg,S2pF1WuMy2M,0.0176,a pouch or sachet of gutka or pan masala with visible branding,550.1,0.2592
319,PROMOTIONAL_A2GEyAxegRY_F018.jpg,A2GEyAxegRY,0.0176,"a cigar being smoked, clearly visible",176.2,0.2546
320,PROMOTIONAL_-KtN-Sz1iMA_F008.jpg,-KtN-Sz1iMA,0.0176,a pouch or sachet of gutka or pan masala with visible branding,879.1,0.2492
321,PROMOTIONAL_ZjaOdXCXgJw_F042.jpg,ZjaOdXCXgJw,0.0175,a pouch or sachet of gutka or pan masala with visible branding,488.8,0.2493
322,PROMOTIONAL_IrEUXOE2JHA_F087.jpg,IrEUXOE2JHA,0.0175,a hookah pipe,161.9,0.2463
323,PROMOTIONAL_9VLJyBaIiMQ_F059.jpg,9VLJyBaIiMQ,0.0174,a pouch or sachet of gutka or pan masala with visible branding,1191.6,0.2675
324,PROMOTIONAL_5mwDEv-TSEk_F020.jpg,5mwDEv-TSEk,0.0173,"a cigar being smoked, clearly visible",192.6,0.2487
325,PROMOTIONAL_ymCBZ6xXJkY_F068.jpg,ymCBZ6xXJkY,0.0173,"a vape or e-cigarette device, clearly visible",216.8,0.2639
326,PROMOTIONAL_OWDIGDyOhcI_F054.jpg,OWDIGDyOhcI,0.0173,"a cigar being smoked, clearly visible",187.1,0.2720
327,PROMOTIONAL_V30umsF1l7c_F007.jpg,V30umsF1l7c,0.0173,"a vape or e-cigarette device, clearly visible",476.0,0.2358
328,PROMOTIONAL_kHlPI8FDYNg_F015.jpg,kHlPI8FDYNg,0.0172,"a cigar being smoked, clearly visible",138.3,0.2689
329,PROMOTIONAL_AkkChMJv4wA_F026.jpg,AkkChMJv4wA,0.0172,a pouch or sachet of gutka or pan masala with visible branding,106.6,0.2378
330,PROMOTIONAL_5mwDEv-TSEk_F079.jpg,5mwDEv-TSEk,0.0171,"a cigar being smoked, clearly visible",115.2,0.2650
331,PROMOTIONAL_iN7n_T5Jh54_F055.jpg,iN7n_T5Jh54,0.0171,"a can of beer, clearly visible",336.8,0.2588
332,PROMOTIONAL_4rN1GAFrzi4_F032.jpg,4rN1GAFrzi4,0.0171,"a person smoking a cigarette, cigarette clearly visible",565.5,0.2457
333,PROMOTIONAL_7M7oRkAaujg_F049.jpg,7M7oRkAaujg,0.0168,"a person smoking a cigarette, cigarette clearly visible",145.4,0.2676
334,PROMOTIONAL_qXlhj_LwBNc_F073.jpg,qXlhj_LwBNc,0.0168,"a cigar being smoked, clearly visible",520.4,0.2381
335,PROMOTIONAL_-vFLsll_Gpk_F024.jpg,-vFLsll_Gpk,0.0167,"a vape or e-cigarette device, clearly visible",228.6,0.2646
336,PROMOTIONAL_NEkFNbY2ZJU_F032.jpg,NEkFNbY2ZJU,0.0167,"a can of beer, clearly visible",309.8,0.2418
337,PROMOTIONAL_EAnIJkAsP14_F069.jpg,EAnIJkAsP14,0.0166,"a cigar being smoked, clearly visible",100.9,0.2213
338,PROMOTIONAL_IrEUXOE2JHA_F024.jpg,IrEUXOE2JHA,0.0165,"a vape or e-cigarette device, clearly visible",109.8,0.2592
339,PROMOTIONAL_eOXk8As-HZk_F123.jpg,eOXk8As-HZk,0.0164,"a cigar being smoked, clearly visible",121.2,0.2482
340,PROMOTIONAL_i8sQcC6wF1Q_F043.jpg,i8sQcC6wF1Q,0.0163,"a can of beer, clearly visible",223.4,0.2395
341,PROMOTIONAL_IrEUXOE2JHA_F069.jpg,IrEUXOE2JHA,0.0163,"a vape or e-cigarette device, clearly visible",185.3,0.2312
342,PROMOTIONAL_NEkFNbY2ZJU_F013.jpg,NEkFNbY2ZJU,0.0163,"a vape or e-cigarette device, clearly visible",315.3,0.2616
343,PROMOTIONAL_kHlPI8FDYNg_F013.jpg,kHlPI8FDYNg,0.0162,"a cigar being smoked, clearly visible",333.7,0.2395
344,PROMOTIONAL_4rN1GAFrzi4_F051.jpg,4rN1GAFrzi4,0.0162,a pouch or sachet of gutka or pan masala with visible branding,420.0,0.2474
345,PROMOTIONAL_cz5n3qm1G8k_F016.jpg,cz5n3qm1G8k,0.0161,a pouch or sachet of gutka or pan masala with visible branding,276.6,0.2802
346,PROMOTIONAL_M98NqbcWdyI_F036.jpg,M98NqbcWdyI,0.0161,"a cigar being smoked, clearly visible",113.6,0.2610
347,PROMOTIONAL_qXlhj_LwBNc_F095.jpg,qXlhj_LwBNc,0.0161,"a cigar being smoked, clearly visible",122.0,0.2630
348,PROMOTIONAL_qXlhj_LwBNc_F075.jpg,qXlhj_LwBNc,0.0161,"a vape or e-cigarette device, clearly visible",395.4,0.2188
349,PROMOTIONAL_gN8Ol4w9u6s_F165.jpg,gN8Ol4w9u6s,0.0160,"a can of beer, clearly visible",129.3,0.2427
350,PROMOTIONAL_kHlPI8FDYNg_F020.jpg,kHlPI8FDYNg,0.0160,"a cigar being smoked, clearly visible",347.1,0.2621
351,PROMOTIONAL_kHlPI8FDYNg_F024.jpg,kHlPI8FDYNg,0.0160,"a cigar being smoked, clearly visible",145.4,0.2580
352,PROMOTIONAL_4IP3zfr8Tvk_F051.jpg,4IP3zfr8Tvk,0.0159,"a cigar being smoked, clearly visible",147.3,0.2505
353,PROMOTIONAL_-vFLsll_Gpk_F025.jpg,-vFLsll_Gpk,0.0158,"a can of beer, clearly visible",162.6,0.2364
354,PROMOTIONAL_7M7oRkAaujg_F045.jpg,7M7oRkAaujg,0.0158,"a cigar being smoked, clearly visible",162.0,0.2574
355,PROMOTIONAL_ymCBZ6xXJkY_F009.jpg,ymCBZ6xXJkY,0.0158,"a vape or e-cigarette device, clearly visible",160.1,0.2453
356,PROMOTIONAL_-IRKWvvlT-M_F002.jpg,-IRKWvvlT-M,0.0158,a pouch or sachet of gutka or pan masala with visible branding,704.5,0.2707
357,PROMOTIONAL_ymCBZ6xXJkY_F090.jpg,ymCBZ6xXJkY,0.0156,a pouch or sachet of gutka or pan masala with visible branding,825.4,0.2301
358,PROMOTIONAL_EAnIJkAsP14_F090.jpg,EAnIJkAsP14,0.0155,a pouch or sachet of gutka or pan masala with visible branding,384.8,0.2804
359,PROMOTIONAL_BwlGHrC73tA_F059.jpg,BwlGHrC73tA,0.0155,"a cigar being smoked, clearly visible",119.7,0.2328
360,PROMOTIONAL_R0pRtBvmAnY_F018.jpg,R0pRtBvmAnY,0.0154,"a vape or e-cigarette device, clearly visible",124.2,0.2560
361,PROMOTIONAL_2gK6XVlfdK0_F021.jpg,2gK6XVlfdK0,0.0154,"a person smoking a cigarette, cigarette clearly visible",460.6,0.2345
362,PROMOTIONAL_hbQ4dEjaJ6c_F076.jpg,hbQ4dEjaJ6c,0.0154,"a vape or e-cigarette device, clearly visible",195.3,0.2298
363,PROMOTIONAL_tEQISjSXuiE_F037.jpg,tEQISjSXuiE,0.0154,"a can of beer, clearly visible",299.5,0.2527
364,PROMOTIONAL_-vFLsll_Gpk_F027.jpg,-vFLsll_Gpk,0.0154,"a can of beer, clearly visible",326.5,0.2559
365,PROMOTIONAL_M98NqbcWdyI_F001.jpg,M98NqbcWdyI,0.0153,"a can of beer, clearly visible",181.4,0.2444
366,PROMOTIONAL_ZPkbtIBypb0_F011.jpg,ZPkbtIBypb0,0.0153,"a can of beer, clearly visible",751.1,0.2202
367,PROMOTIONAL_7M7oRkAaujg_F044.jpg,7M7oRkAaujg,0.0152,"a person smoking a cigarette, cigarette clearly visible",157.2,0.2465
368,PROMOTIONAL_OWDIGDyOhcI_F033.jpg,OWDIGDyOhcI,0.0152,"a person smoking a cigarette, cigarette clearly visible",125.5,0.2428
369,PROMOTIONAL_iN7n_T5Jh54_F021.jpg,iN7n_T5Jh54,0.0151,"a vape or e-cigarette device, clearly visible",120.3,0.2571
370,PROMOTIONAL_3MaLTyJokyM_F003.jpg,3MaLTyJokyM,0.0151,a hookah pipe,619.5,0.2866
371,PROMOTIONAL_qXlhj_LwBNc_F024.jpg,qXlhj_LwBNc,0.0151,"a cigar being smoked, clearly visible",337.0,0.2397
372,PROMOTIONAL_eDkDQ2sid4o_F009.jpg,eDkDQ2sid4o,0.0150,"a cigar being smoked, clearly visible",160.3,0.2413
373,PROMOTIONAL_3MaLTyJokyM_F017.jpg,3MaLTyJokyM,0.0149,"a cigar being smoked, clearly visible",411.9,0.2512
374,PROMOTIONAL_-vFLsll_Gpk_F035.jpg,-vFLsll_Gpk,0.0149,a pouch or sachet of gutka or pan masala with visible branding,1495.8,0.2463
375,PROMOTIONAL_4rN1GAFrzi4_F144.jpg,4rN1GAFrzi4,0.0149,"a glass of beer or wine, clearly visible",435.2,0.2507
376,PROMOTIONAL_2gK6XVlfdK0_F011.jpg,2gK6XVlfdK0,0.0148,"a person smoking a cigarette, cigarette clearly visible",281.3,0.2258
377,PROMOTIONAL_qXlhj_LwBNc_F023.jpg,qXlhj_LwBNc,0.0147,"a cigar being smoked, clearly visible",223.0,0.2397
378,PROMOTIONAL_Lu747R2Ktis_F009.jpg,Lu747R2Ktis,0.0147,"a cigar being smoked, clearly visible",336.6,0.2402
379,PROMOTIONAL_ZPkbtIBypb0_F159.jpg,ZPkbtIBypb0,0.0146,"a person smoking a cigarette, cigarette clearly visible",358.2,0.2523
380,PROMOTIONAL_RnL8eDxT7Cg_F066.jpg,RnL8eDxT7Cg,0.0145,"a cigar being smoked, clearly visible",112.2,0.2542
381,PROMOTIONAL_A2GEyAxegRY_F049.jpg,A2GEyAxegRY,0.0145,"a person smoking a cigarette, cigarette clearly visible",224.2,0.2347
382,PROMOTIONAL_Lu747R2Ktis_F050.jpg,Lu747R2Ktis,0.0144,"a cigar being smoked, clearly visible",290.7,0.2427
383,PROMOTIONAL_N4UF9ezYzp0_F001.jpg,N4UF9ezYzp0,0.0144,a pouch or sachet of gutka or pan masala with visible branding,494.8,0.2533
384,PROMOTIONAL_ZPkbtIBypb0_F008.jpg,ZPkbtIBypb0,0.0143,"a cigar being smoked, clearly visible",160.9,0.2605
385,PROMOTIONAL_ZPkbtIBypb0_F268.jpg,ZPkbtIBypb0,0.0143,"a person smoking a cigarette, cigarette clearly visible",280.6,0.2462
386,PROMOTIONAL_RnL8eDxT7Cg_F088.jpg,RnL8eDxT7Cg,0.0143,"a cigar being smoked, clearly visible",186.6,0.2406
387,PROMOTIONAL_ZdlX7gvDZ0U_F015.jpg,ZdlX7gvDZ0U,0.0142,a pouch or sachet of gutka or pan masala with visible branding,1221.2,0.2388
388,PROMOTIONAL_S2pF1WuMy2M_F045.jpg,S2pF1WuMy2M,0.0140,"a person smoking a cigarette, cigarette clearly visible",289.7,0.2630
389,PROMOTIONAL_ZPkbtIBypb0_F214.jpg,ZPkbtIBypb0,0.0139,"a cigar being smoked, clearly visible",235.5,0.2479
390,PROMOTIONAL_tEQISjSXuiE_F006.jpg,tEQISjSXuiE,0.0139,"a person smoking a cigarette, cigarette clearly visible",603.3,0.2495
391,PROMOTIONAL_OWDIGDyOhcI_F053.jpg,OWDIGDyOhcI,0.0137,"a cigar being smoked, clearly visible",177.9,0.2702
392,PROMOTIONAL_2hv10KpfgXs_F018.jpg,2hv10KpfgXs,0.0137,a photo of a cigarette pack,327.8,0.2628
393,PROMOTIONAL_MGrjU_VcO5E_F009.jpg,MGrjU_VcO5E,0.0136,"a vape or e-cigarette device, clearly visible",125.1,0.2466
394,PROMOTIONAL_H2qy5DVUOw8_F026.jpg,H2qy5DVUOw8,0.0136,"a cigar being smoked, clearly visible",233.4,0.2464
395,PROMOTIONAL_5mwDEv-TSEk_F042.jpg,5mwDEv-TSEk,0.0134,"a cigar being smoked, clearly visible",280.1,0.2334
396,PROMOTIONAL_kHlPI8FDYNg_F048.jpg,kHlPI8FDYNg,0.0133,"a cigar being smoked, clearly visible",103.3,0.2576
397,PROMOTIONAL_kJofDnUYPhw_F325.jpg,kJofDnUYPhw,0.0133,"a can of beer, clearly visible",121.0,0.2399
398,PROMOTIONAL_Tl8jMFYa60o_F045.jpg,Tl8jMFYa60o,0.0132,a pouch or sachet of gutka or pan masala with visible branding,438.6,0.2282
399,PROMOTIONAL_kJofDnUYPhw_F358.jpg,kJofDnUYPhw,0.0132,"a cigar being smoked, clearly visible",351.7,0.2454
400,PROMOTIONAL_2hv10KpfgXs_F023.jpg,2hv10KpfgXs,0.0132,"a person smoking a cigarette, cigarette clearly visible",101.4,0.2527
401,PROMOTIONAL_IrEUXOE2JHA_F064.jpg,IrEUXOE2JHA,0.0131,"a vape or e-cigarette device, clearly visible",280.1,0.2392
402,PROMOTIONAL_Q0yse1BaA8w_F028.jpg,Q0yse1BaA8w,0.0131,"a person smoking a cigarette, cigarette clearly visible",169.7,0.2364
403,PROMOTIONAL_PkAjo3YgTSw_F003.jpg,PkAjo3YgTSw,0.0131,a photo of a cigarette pack,185.7,0.2225
404,PROMOTIONAL_3MaLTyJokyM_F012.jpg,3MaLTyJokyM,0.0131,"a can of beer, clearly visible",271.1,0.2455
405,PROMOTIONAL_A2GEyAxegRY_F016.jpg,A2GEyAxegRY,0.0131,"a person smoking a cigarette, cigarette clearly visible",224.4,0.2422
406,PROMOTIONAL_5mwDEv-TSEk_F080.jpg,5mwDEv-TSEk,0.0131,"a cigar being smoked, clearly visible",175.3,0.2459
407,PROMOTIONAL_qXlhj_LwBNc_F044.jpg,qXlhj_LwBNc,0.0131,"a can of beer, clearly visible",122.6,0.2366
408,PROMOTIONAL_2hv10KpfgXs_F061.jpg,2hv10KpfgXs,0.0130,"a person smoking a cigarette, cigarette clearly visible",124.3,0.2518
409,PROMOTIONAL_5mwDEv-TSEk_F010.jpg,5mwDEv-TSEk,0.0130,"a cigar being smoked, clearly visible",436.8,0.2577
410,PROMOTIONAL_tEQISjSXuiE_F016.jpg,tEQISjSXuiE,0.0130,"a person smoking a cigarette, cigarette clearly visible",761.8,0.2456
411,PROMOTIONAL_5mwDEv-TSEk_F014.jpg,5mwDEv-TSEk,0.0129,"a cigar being smoked, clearly visible",403.3,0.2553
412,PROMOTIONAL_qXlhj_LwBNc_F074.jpg,qXlhj_LwBNc,0.0128,"a cigar being smoked, clearly visible",582.1,0.2347
413,PROMOTIONAL_NEkFNbY2ZJU_F023.jpg,NEkFNbY2ZJU,0.0128,"a can of beer, clearly visible",483.2,0.2343
414,PROMOTIONAL_i8sQcC6wF1Q_F018.jpg,i8sQcC6wF1Q,0.0128,a pouch or sachet of gutka or pan masala with visible branding,244.9,0.2158
415,PROMOTIONAL_4rN1GAFrzi4_F049.jpg,4rN1GAFrzi4,0.0126,a pouch or sachet of gutka or pan masala with visible branding,723.3,0.2369
416,PROMOTIONAL_hvx16M1Pe9w_F023.jpg,hvx16M1Pe9w,0.0126,a pouch or sachet of gutka or pan masala with visible branding,657.0,0.2287
417,PROMOTIONAL_Tl8jMFYa60o_F019.jpg,Tl8jMFYa60o,0.0126,a pouch or sachet of gutka or pan masala with visible branding,251.7,0.2339
418,PROMOTIONAL_kJofDnUYPhw_F356.jpg,kJofDnUYPhw,0.0125,"a person smoking a cigarette, cigarette clearly visible",348.6,0.2355
419,PROMOTIONAL_ZjaOdXCXgJw_F025.jpg,ZjaOdXCXgJw,0.0124,a pouch or sachet of gutka or pan masala with visible branding,322.9,0.2520
420,PROMOTIONAL_ehkKKPTZhAA_F018.jpg,ehkKKPTZhAA,0.0124,"a vape or e-cigarette device, clearly visible",215.4,0.2429
421,PROMOTIONAL_2hv10KpfgXs_F020.jpg,2hv10KpfgXs,0.0123,a photo of a cigarette pack,305.9,0.2637
422,PROMOTIONAL_ZPkbtIBypb0_F274.jpg,ZPkbtIBypb0,0.0123,"a person smoking a cigarette, cigarette clearly visible",361.2,0.2574
423,PROMOTIONAL_OWSC-C447aY_F062.jpg,OWSC-C447aY,0.0123,a pouch or sachet of gutka or pan masala with visible branding,296.3,0.2764
424,PROMOTIONAL_EAnIJkAsP14_F043.jpg,EAnIJkAsP14,0.0121,"a can of beer, clearly visible",271.3,0.2309
425,PROMOTIONAL_7M7oRkAaujg_F008.jpg,7M7oRkAaujg,0.0121,"a cigar being smoked, clearly visible",133.4,0.2509
426,PROMOTIONAL_tEQISjSXuiE_F159.jpg,tEQISjSXuiE,0.0121,"a person smoking a cigarette, cigarette clearly visible",158.3,0.2492
427,PROMOTIONAL_Lu747R2Ktis_F036.jpg,Lu747R2Ktis,0.0120,"a person smoking a cigarette, cigarette clearly visible",192.1,0.2397
428,PROMOTIONAL_NEkFNbY2ZJU_F038.jpg,NEkFNbY2ZJU,0.0120,"a can of beer, clearly visible",359.4,0.2360
429,PROMOTIONAL_YU0COqQ9W-A_F026.jpg,YU0COqQ9W-A,0.0119,"a cigar being smoked, clearly visible",147.4,0.2344
430,PROMOTIONAL_H2qy5DVUOw8_F046.jpg,H2qy5DVUOw8,0.0119,"a cigar being smoked, clearly visible",195.6,0.2333
431,PROMOTIONAL_Q0yse1BaA8w_F015.jpg,Q0yse1BaA8w,0.0119,a pouch or sachet of gutka or pan masala with visible branding,347.3,0.2206
432,PROMOTIONAL_kJofDnUYPhw_F357.jpg,kJofDnUYPhw,0.0119,"a vape or e-cigarette device, clearly visible",388.0,0.2316
433,PROMOTIONAL_Q0yse1BaA8w_F030.jpg,Q0yse1BaA8w,0.0118,"a person smoking a cigarette, cigarette clearly visible",294.8,0.2428
434,PROMOTIONAL_ZPkbtIBypb0_F080.jpg,ZPkbtIBypb0,0.0118,"a person smoking a cigarette, cigarette clearly visible",102.5,0.2551
435,PROMOTIONAL_N4UF9ezYzp0_F009.jpg,N4UF9ezYzp0,0.0117,"a cigar being smoked, clearly visible",164.7,0.2403
436,PROMOTIONAL_Tl8jMFYa60o_F046.jpg,Tl8jMFYa60o,0.0117,a pouch or sachet of gutka or pan masala with visible branding,393.0,0.2218
437,PROMOTIONAL_OWDIGDyOhcI_F009.jpg,OWDIGDyOhcI,0.0117,"a person smoking a cigarette, cigarette clearly visible",125.8,0.2517
438,PROMOTIONAL_7M7oRkAaujg_F037.jpg,7M7oRkAaujg,0.0117,"a cigar being smoked, clearly visible",142.2,0.2400
439,PROMOTIONAL_gN8Ol4w9u6s_F027.jpg,gN8Ol4w9u6s,0.0115,"a vape or e-cigarette device, clearly visible",115.7,0.2415
440,PROMOTIONAL_AkkChMJv4wA_F057.jpg,AkkChMJv4wA,0.0115,a pouch or sachet of gutka or pan masala with visible branding,115.6,0.2637
441,PROMOTIONAL_NEkFNbY2ZJU_F036.jpg,NEkFNbY2ZJU,0.0115,"a cigar being smoked, clearly visible",199.6,0.2577
442,PROMOTIONAL_PkAjo3YgTSw_F013.jpg,PkAjo3YgTSw,0.0115,a photo of a cigarette pack,1182.7,0.2217
443,PROMOTIONAL_qXlhj_LwBNc_F081.jpg,qXlhj_LwBNc,0.0114,"a vape or e-cigarette device, clearly visible",455.4,0.2318
444,PROMOTIONAL_ZPkbtIBypb0_F048.jpg,ZPkbtIBypb0,0.0114,a hookah pipe,291.7,0.2473
445,PROMOTIONAL_ehkKKPTZhAA_F013.jpg,ehkKKPTZhAA,0.0114,"a vape or e-cigarette device, clearly visible",209.7,0.2381
446,PROMOTIONAL_ZPkbtIBypb0_F185.jpg,ZPkbtIBypb0,0.0113,"a cigar being smoked, clearly visible",333.9,0.2491
447,PROMOTIONAL_BwlGHrC73tA_F151.jpg,BwlGHrC73tA,0.0112,"a person smoking a cigarette, cigarette clearly visible",127.9,0.2330
448,PROMOTIONAL_kHlPI8FDYNg_F012.jpg,kHlPI8FDYNg,0.0111,"a cigar being smoked, clearly visible",126.9,0.2444
449,PROMOTIONAL_oC9BCdJmuZc_F044.jpg,oC9BCdJmuZc,0.0111,a pouch or sachet of gutka or pan masala with visible branding,1200.4,0.2393
450,PROMOTIONAL_S2pF1WuMy2M_F002.jpg,S2pF1WuMy2M,0.0110,a pouch or sachet of gutka or pan masala with visible branding,1766.7,0.2286
451,PROMOTIONAL_2gK6XVlfdK0_F009.jpg,2gK6XVlfdK0,0.0110,"a person smoking a cigarette, cigarette clearly visible",449.1,0.2444
452,PROMOTIONAL_S2pF1WuMy2M_F019.jpg,S2pF1WuMy2M,0.0110,a pouch or sachet of gutka or pan masala with visible branding,621.8,0.2266
453,PROMOTIONAL_tEQISjSXuiE_F014.jpg,tEQISjSXuiE,0.0110,"a person smoking a cigarette, cigarette clearly visible",839.7,0.2429
454,PROMOTIONAL_2hv10KpfgXs_F058.jpg,2hv10KpfgXs,0.0109,a photo of a cigarette pack,139.0,0.2559
455,PROMOTIONAL_FnULv0U14UY_F033.jpg,FnULv0U14UY,0.0108,"a cigar being smoked, clearly visible",120.7,0.2280
456,PROMOTIONAL_NEkFNbY2ZJU_F022.jpg,NEkFNbY2ZJU,0.0107,a pouch or sachet of gutka or pan masala with visible branding,280.0,0.2406
457,PROMOTIONAL_Lu747R2Ktis_F051.jpg,Lu747R2Ktis,0.0107,"a cigar being smoked, clearly visible",172.4,0.2547
458,PROMOTIONAL_OWDIGDyOhcI_F058.jpg,OWDIGDyOhcI,0.0107,a photo of a cigarette pack,333.7,0.2695
459,PROMOTIONAL_qXlhj_LwBNc_F050.jpg,qXlhj_LwBNc,0.0106,"a can of beer, clearly visible",121.2,0.2293
460,PROMOTIONAL_rIYna5PfdDU_F030.jpg,rIYna5PfdDU,0.0106,"a vape or e-cigarette device, clearly visible",148.3,0.2663
461,PROMOTIONAL_2gK6XVlfdK0_F019.jpg,2gK6XVlfdK0,0.0105,"a person smoking a cigarette, cigarette clearly visible",421.0,0.2280
462,PROMOTIONAL_tEQISjSXuiE_F008.jpg,tEQISjSXuiE,0.0104,"a person smoking a cigarette, cigarette clearly visible",736.2,0.2406
463,PROMOTIONAL_eXcoTo86OOw_F036.jpg,eXcoTo86OOw,0.0104,"a cigar being smoked, clearly visible",104.7,0.2483
464,PROMOTIONAL_BJpdusGS8Ak_F030.jpg,BJpdusGS8Ak,0.0104,"a glass of beer or wine, clearly visible",485.5,0.2600
465,PROMOTIONAL_4IP3zfr8Tvk_F117.jpg,4IP3zfr8Tvk,0.0103,"a can of beer, clearly visible",200.4,0.2418
466,PROMOTIONAL_Lu747R2Ktis_F004.jpg,Lu747R2Ktis,0.0102,"a cigar being smoked, clearly visible",1182.6,0.2500
467,PROMOTIONAL_M98NqbcWdyI_F019.jpg,M98NqbcWdyI,0.0102,"a cigar being smoked, clearly visible",174.7,0.2570
468,PROMOTIONAL_N4UF9ezYzp0_F030.jpg,N4UF9ezYzp0,0.0102,a bottle of alcohol or whisky with visible label,473.9,0.2487
469,PROMOTIONAL_qXlhj_LwBNc_F019.jpg,qXlhj_LwBNc,0.0102,"a can of beer, clearly visible",270.3,0.2264
470,PROMOTIONAL_tEQISjSXuiE_F167.jpg,tEQISjSXuiE,0.0101,"a person smoking a cigarette, cigarette clearly visible",137.2,0.2469
471,PROMOTIONAL_V30umsF1l7c_F048.jpg,V30umsF1l7c,0.0101,"a can of beer, clearly visible",264.6,0.2264
472,PROMOTIONAL_5mwDEv-TSEk_F028.jpg,5mwDEv-TSEk,0.0100,"a cigar being smoked, clearly visible",267.3,0.2505
473,PROMOTIONAL_BJpdusGS8Ak_F017.jpg,BJpdusGS8Ak,0.0100,"a can of beer, clearly visible",330.4,0.2492
474,PROMOTIONAL_ZPkbtIBypb0_F079.jpg,ZPkbtIBypb0,0.0100,"a vape or e-cigarette device, clearly visible",132.5,0.2410
475,PROMOTIONAL_ymCBZ6xXJkY_F085.jpg,ymCBZ6xXJkY,0.0100,a pouch or sachet of gutka or pan masala with visible branding,345.0,0.2563
476,PROMOTIONAL_NEkFNbY2ZJU_F051.jpg,NEkFNbY2ZJU,0.0099,"a can of beer, clearly visible",197.6,0.2411
477,PROMOTIONAL_S2pF1WuMy2M_F038.jpg,S2pF1WuMy2M,0.0099,a pouch or sachet of gutka or pan masala with visible branding,831.7,0.2323
478,PROMOTIONAL_ZPkbtIBypb0_F269.jpg,ZPkbtIBypb0,0.0099,a pouch or sachet of gutka or pan masala with visible branding,255.8,0.2519
479,PROMOTIONAL_5mwDEv-TSEk_F066.jpg,5mwDEv-TSEk,0.0098,"a cigar being smoked, clearly visible",340.8,0.2518
480,PROMOTIONAL_fmK0FYpaJ7E_F035.jpg,fmK0FYpaJ7E,0.0098,"a cigar being smoked, clearly visible",114.5,0.2560
481,PROMOTIONAL_qXlhj_LwBNc_F077.jpg,qXlhj_LwBNc,0.0097,"a cigar being smoked, clearly visible",111.9,0.2476
482,PROMOTIONAL_tEQISjSXuiE_F013.jpg,tEQISjSXuiE,0.0097,"a person smoking a cigarette, cigarette clearly visible",844.7,0.2420
483,PROMOTIONAL_DsWP_FrACgM_F071.jpg,DsWP_FrACgM,0.0097,"a vape or e-cigarette device, clearly visible",178.3,0.2366
484,PROMOTIONAL_ehkKKPTZhAA_F015.jpg,ehkKKPTZhAA,0.0096,"a vape or e-cigarette device, clearly visible",164.2,0.2403
485,PROMOTIONAL_4rN1GAFrzi4_F104.jpg,4rN1GAFrzi4,0.0096,"a can of beer, clearly visible",448.9,0.2400
486,PROMOTIONAL_2gK6XVlfdK0_F018.jpg,2gK6XVlfdK0,0.0095,"a person smoking a cigarette, cigarette clearly visible",281.2,0.2209
487,PROMOTIONAL_BJpdusGS8Ak_F047.jpg,BJpdusGS8Ak,0.0095,"a vape or e-cigarette device, clearly visible",136.4,0.2272
488,PROMOTIONAL_hbQ4dEjaJ6c_F080.jpg,hbQ4dEjaJ6c,0.0095,"a cigar being smoked, clearly visible",177.6,0.2366
489,PROMOTIONAL_5mwDEv-TSEk_F029.jpg,5mwDEv-TSEk,0.0095,"a person smoking a cigarette, cigarette clearly visible",305.8,0.2360
490,PROMOTIONAL_ZPkbtIBypb0_F275.jpg,ZPkbtIBypb0,0.0095,"a person smoking a cigarette, cigarette clearly visible",249.6,0.2523
491,PROMOTIONAL_H2qy5DVUOw8_F027.jpg,H2qy5DVUOw8,0.0095,"a cigar being smoked, clearly visible",292.4,0.2328
492,PROMOTIONAL_kHlPI8FDYNg_F014.jpg,kHlPI8FDYNg,0.0095,"a cigar being smoked, clearly visible",136.8,0.2391
493,PROMOTIONAL_kHlPI8FDYNg_F046.jpg,kHlPI8FDYNg,0.0095,"a cigar being smoked, clearly visible",148.2,0.2607
494,PROMOTIONAL_gN8Ol4w9u6s_F115.jpg,gN8Ol4w9u6s,0.0094,"a vape or e-cigarette device, clearly visible",232.7,0.2506
495,PROMOTIONAL_S2pF1WuMy2M_F032.jpg,S2pF1WuMy2M,0.0094,a pouch or sachet of gutka or pan masala with visible branding,785.6,0.2301
496,PROMOTIONAL_S2pF1WuMy2M_F018.jpg,S2pF1WuMy2M,0.0094,"a person smoking a cigarette, cigarette clearly visible",443.2,0.2401
497,PROMOTIONAL_kJofDnUYPhw_F099.jpg,kJofDnUYPhw,0.0093,"a vape or e-cigarette device, clearly visible",124.4,0.2506
498,PROMOTIONAL_NEkFNbY2ZJU_F035.jpg,NEkFNbY2ZJU,0.0093,a photo of a cigarette pack,234.1,0.2430
499,PROMOTIONAL_7M7oRkAaujg_F005.jpg,7M7oRkAaujg,0.0093,"a cigar being smoked, clearly visible",531.5,0.2237
500,PROMOTIONAL_3MaLTyJokyM_F013.jpg,3MaLTyJokyM,0.0092,"a can of beer, clearly visible",179.0,0.2326
501,PROMOTIONAL_2hv10KpfgXs_F026.jpg,2hv10KpfgXs,0.0092,"a cigar being smoked, clearly visible",134.8,0.2434
502,PROMOTIONAL_kJofDnUYPhw_F028.jpg,kJofDnUYPhw,0.0092,"a can of beer, clearly visible",343.4,0.2444
503,PROMOTIONAL_kJofDnUYPhw_F027.jpg,kJofDnUYPhw,0.0091,"a can of beer, clearly visible",291.0,0.2398
504,PROMOTIONAL_qXlhj_LwBNc_F022.jpg,qXlhj_LwBNc,0.0091,"a cigar being smoked, clearly visible",487.0,0.2187
505,PROMOTIONAL_guFdyc-Rpj0_F027.jpg,guFdyc-Rpj0,0.0091,a sachet of chewing tobacco with visible branding,508.1,0.2347
506,PROMOTIONAL_4rN1GAFrzi4_F148.jpg,4rN1GAFrzi4,0.0091,a pouch or sachet of gutka or pan masala with visible branding,713.6,0.2556
507,PROMOTIONAL_7M7oRkAaujg_F039.jpg,7M7oRkAaujg,0.0090,"a cigar being smoked, clearly visible",174.7,0.2543
508,PROMOTIONAL_tEQISjSXuiE_F169.jpg,tEQISjSXuiE,0.0090,"a person smoking a cigarette, cigarette clearly visible",115.6,0.2460
509,PROMOTIONAL_Lu747R2Ktis_F044.jpg,Lu747R2Ktis,0.0089,"a cigar being smoked, clearly visible",236.5,0.2615
510,PROMOTIONAL_iN7n_T5Jh54_F004.jpg,iN7n_T5Jh54,0.0089,"a vape or e-cigarette device, clearly visible",267.7,0.2415
511,PROMOTIONAL_i8sQcC6wF1Q_F047.jpg,i8sQcC6wF1Q,0.0088,a pouch or sachet of gutka or pan masala with visible branding,257.0,0.2280
512,PROMOTIONAL_2gK6XVlfdK0_F005.jpg,2gK6XVlfdK0,0.0087,a pouch or sachet of gutka or pan masala with visible branding,924.4,0.2320
513,PROMOTIONAL_WxyusRiyLrA_F061.jpg,WxyusRiyLrA,0.0087,a pouch or sachet of gutka or pan masala with visible branding,217.4,0.2672
514,PROMOTIONAL_OWDIGDyOhcI_F013.jpg,OWDIGDyOhcI,0.0087,"a cigar being smoked, clearly visible",128.4,0.2513
515,PROMOTIONAL_2gK6XVlfdK0_F032.jpg,2gK6XVlfdK0,0.0085,a pouch or sachet of gutka or pan masala with visible branding,1235.0,0.2543
516,PROMOTIONAL_4IP3zfr8Tvk_F028.jpg,4IP3zfr8Tvk,0.0085,"a cigar being smoked, clearly visible",110.1,0.2511
517,PROMOTIONAL_MGrjU_VcO5E_F003.jpg,MGrjU_VcO5E,0.0085,"a vape or e-cigarette device, clearly visible",212.6,0.2285
518,PROMOTIONAL_2hv10KpfgXs_F035.jpg,2hv10KpfgXs,0.0085,"a cigar being smoked, clearly visible",130.4,0.2333
519,PROMOTIONAL_Lu747R2Ktis_F033.jpg,Lu747R2Ktis,0.0084,"a person smoking a cigarette, cigarette clearly visible",363.7,0.2349
520,PROMOTIONAL_hbQ4dEjaJ6c_F077.jpg,hbQ4dEjaJ6c,0.0084,"a vape or e-cigarette device, clearly visible",269.2,0.2397
521,PROMOTIONAL_ehkKKPTZhAA_F022.jpg,ehkKKPTZhAA,0.0084,"a vape or e-cigarette device, clearly visible",155.6,0.2364
522,PROMOTIONAL_Lu747R2Ktis_F037.jpg,Lu747R2Ktis,0.0084,"a person smoking a cigarette, cigarette clearly visible",285.0,0.2246
523,PROMOTIONAL_S2pF1WuMy2M_F033.jpg,S2pF1WuMy2M,0.0084,a pouch or sachet of gutka or pan masala with visible branding,777.7,0.2323
524,PROMOTIONAL_4rN1GAFrzi4_F145.jpg,4rN1GAFrzi4,0.0083,"a glass of beer or wine, clearly visible",418.2,0.2257
525,PROMOTIONAL_RnL8eDxT7Cg_F102.jpg,RnL8eDxT7Cg,0.0083,"a cigar being smoked, clearly visible",419.3,0.2286
526,PROMOTIONAL_AMK9MrKAXKw_F004.jpg,AMK9MrKAXKw,0.0083,"a person smoking a cigarette, cigarette clearly visible",294.8,0.2412
527,PROMOTIONAL_OWDIGDyOhcI_F040.jpg,OWDIGDyOhcI,0.0083,"a cigar being smoked, clearly visible",275.9,0.2716
528,PROMOTIONAL_IrEUXOE2JHA_F023.jpg,IrEUXOE2JHA,0.0083,"a person smoking a cigarette, cigarette clearly visible",183.9,0.2293
529,PROMOTIONAL_ehkKKPTZhAA_F019.jpg,ehkKKPTZhAA,0.0082,"a vape or e-cigarette device, clearly visible",163.0,0.2383
530,PROMOTIONAL_IrEUXOE2JHA_F090.jpg,IrEUXOE2JHA,0.0082,"a vape or e-cigarette device, clearly visible",149.2,0.2332
531,PROMOTIONAL_H2qy5DVUOw8_F033.jpg,H2qy5DVUOw8,0.0081,"a cigar being smoked, clearly visible",341.1,0.2549
532,PROMOTIONAL_A2GEyAxegRY_F087.jpg,A2GEyAxegRY,0.0080,"a vape or e-cigarette device, clearly visible",142.7,0.2308
533,PROMOTIONAL_oC9BCdJmuZc_F004.jpg,oC9BCdJmuZc,0.0079,"a cigar being smoked, clearly visible",568.7,0.2376
534,PROMOTIONAL_4rN1GAFrzi4_F057.jpg,4rN1GAFrzi4,0.0078,"a can of beer, clearly visible",689.3,0.2362
535,PROMOTIONAL_ymCBZ6xXJkY_F047.jpg,ymCBZ6xXJkY,0.0077,"a vape or e-cigarette device, clearly visible",178.4,0.2504
536,PROMOTIONAL_i8sQcC6wF1Q_F036.jpg,i8sQcC6wF1Q,0.0077,a pouch or sachet of gutka or pan masala with visible branding,216.3,0.2244
537,PROMOTIONAL_S2pF1WuMy2M_F044.jpg,S2pF1WuMy2M,0.0077,"a person smoking a cigarette, cigarette clearly visible",301.5,0.2686
538,PROMOTIONAL_A2GEyAxegRY_F094.jpg,A2GEyAxegRY,0.0077,"a vape or e-cigarette device, clearly visible",167.4,0.2349
539,PROMOTIONAL_BJpdusGS8Ak_F065.jpg,BJpdusGS8Ak,0.0077,a hookah pipe,369.6,0.2447
540,PROMOTIONAL_4rN1GAFrzi4_F146.jpg,4rN1GAFrzi4,0.0076,"a glass of beer or wine, clearly visible",415.6,0.2294
541,PROMOTIONAL_4IP3zfr8Tvk_F140.jpg,4IP3zfr8Tvk,0.0076,"a cigar being smoked, clearly visible",153.1,0.2440
542,PROMOTIONAL_Hb8o6UzLB-k_F011.jpg,Hb8o6UzLB-k,0.0076,"a cigar being smoked, clearly visible",158.0,0.2270
543,PROMOTIONAL_ZPkbtIBypb0_F265.jpg,ZPkbtIBypb0,0.0076,"a person smoking a cigarette, cigarette clearly visible",264.5,0.2484
544,PROMOTIONAL_o2cFKv3Sb_8_F022.jpg,o2cFKv3Sb_8,0.0076,"a cigar being smoked, clearly visible",108.9,0.2447
545,PROMOTIONAL_IrEUXOE2JHA_F011.jpg,IrEUXOE2JHA,0.0075,"a person smoking a cigarette, cigarette clearly visible",199.8,0.2358
546,PROMOTIONAL_7M7oRkAaujg_F021.jpg,7M7oRkAaujg,0.0075,"a person smoking a cigarette, cigarette clearly visible",156.0,0.2317
547,PROMOTIONAL_qXlhj_LwBNc_F091.jpg,qXlhj_LwBNc,0.0074,"a can of beer, clearly visible",424.1,0.2393
548,PROMOTIONAL_A2GEyAxegRY_F057.jpg,A2GEyAxegRY,0.0074,"a person smoking a cigarette, cigarette clearly visible",511.6,0.2247
549,PROMOTIONAL_ZPkbtIBypb0_F308.jpg,ZPkbtIBypb0,0.0074,a pouch or sachet of gutka or pan masala with visible branding,297.9,0.2403
550,PROMOTIONAL_qXlhj_LwBNc_F067.jpg,qXlhj_LwBNc,0.0074,"a can of beer, clearly visible",257.7,0.2318
551,PROMOTIONAL_kJofDnUYPhw_F200.jpg,kJofDnUYPhw,0.0074,"a cigar being smoked, clearly visible",222.4,0.2466
552,PROMOTIONAL_tEQISjSXuiE_F168.jpg,tEQISjSXuiE,0.0073,"a person smoking a cigarette, cigarette clearly visible",144.8,0.2558
553,PROMOTIONAL_IrEUXOE2JHA_F042.jpg,IrEUXOE2JHA,0.0073,"a cigar being smoked, clearly visible",364.7,0.2303
554,PROMOTIONAL_2gK6XVlfdK0_F017.jpg,2gK6XVlfdK0,0.0072,"a person smoking a cigarette, cigarette clearly visible",193.3,0.2410
555,PROMOTIONAL_hbQ4dEjaJ6c_F091.jpg,hbQ4dEjaJ6c,0.0072,a pouch or sachet of gutka or pan masala with visible branding,219.7,0.2373
556,PROMOTIONAL_5mwDEv-TSEk_F048.jpg,5mwDEv-TSEk,0.0072,"a vape or e-cigarette device, clearly visible",383.9,0.2441
557,PROMOTIONAL_tEQISjSXuiE_F043.jpg,tEQISjSXuiE,0.0072,"a person smoking a cigarette, cigarette clearly visible",113.2,0.2607
558,PROMOTIONAL_qXlhj_LwBNc_F043.jpg,qXlhj_LwBNc,0.0072,"a can of beer, clearly visible",117.5,0.2314
559,PROMOTIONAL_ZPkbtIBypb0_F016.jpg,ZPkbtIBypb0,0.0071,"a vape or e-cigarette device, clearly visible",271.5,0.2226
560,PROMOTIONAL_Cei3cHfhn1w_F026.jpg,Cei3cHfhn1w,0.0071,"a can of beer, clearly visible",116.9,0.2260
561,PROMOTIONAL_DsWP_FrACgM_F011.jpg,DsWP_FrACgM,0.0071,"a cigar being smoked, clearly visible",232.3,0.2273
562,PROMOTIONAL_i8sQcC6wF1Q_F033.jpg,i8sQcC6wF1Q,0.0070,"a person smoking a cigarette, cigarette clearly visible",238.4,0.2267
563,PROMOTIONAL_IrEUXOE2JHA_F068.jpg,IrEUXOE2JHA,0.0069,"a vape or e-cigarette device, clearly visible",144.0,0.2425
564,PROMOTIONAL_5mwDEv-TSEk_F059.jpg,5mwDEv-TSEk,0.0069,"a person smoking a cigarette, cigarette clearly visible",162.4,0.2567
565,PROMOTIONAL_Lu747R2Ktis_F027.jpg,Lu747R2Ktis,0.0069,"a cigar being smoked, clearly visible",437.6,0.2245
566,PROMOTIONAL_qXlhj_LwBNc_F028.jpg,qXlhj_LwBNc,0.0069,"a can of beer, clearly visible",302.1,0.2253
567,PROMOTIONAL_TX5r8OEXhEk_F010.jpg,TX5r8OEXhEk,0.0068,"a cigar being smoked, clearly visible",210.6,0.2249
568,PROMOTIONAL_qXlhj_LwBNc_F032.jpg,qXlhj_LwBNc,0.0068,"a cigar being smoked, clearly visible",123.5,0.2672
569,PROMOTIONAL_iN7n_T5Jh54_F005.jpg,iN7n_T5Jh54,0.0068,"a vape or e-cigarette device, clearly visible",255.6,0.2389
570,PROMOTIONAL_Tl8jMFYa60o_F047.jpg,Tl8jMFYa60o,0.0068,a pouch or sachet of gutka or pan masala with visible branding,470.9,0.2118
571,PROMOTIONAL_BJpdusGS8Ak_F020.jpg,BJpdusGS8Ak,0.0067,"a glass of beer or wine, clearly visible",141.3,0.2521
572,PROMOTIONAL_4IP3zfr8Tvk_F120.jpg,4IP3zfr8Tvk,0.0067,"a cigar being smoked, clearly visible",103.0,0.2371
573,PROMOTIONAL_gN8Ol4w9u6s_F030.jpg,gN8Ol4w9u6s,0.0067,"a person smoking a cigarette, cigarette clearly visible",103.8,0.2271
574,PROMOTIONAL_7M7oRkAaujg_F010.jpg,7M7oRkAaujg,0.0067,"a cigar being smoked, clearly visible",369.0,0.2411
575,PROMOTIONAL_IrEUXOE2JHA_F070.jpg,IrEUXOE2JHA,0.0067,"a cigar being smoked, clearly visible",209.2,0.2411
576,PROMOTIONAL_kJofDnUYPhw_F327.jpg,kJofDnUYPhw,0.0066,"a vape or e-cigarette device, clearly visible",178.7,0.2443
577,PROMOTIONAL_V30umsF1l7c_F020.jpg,V30umsF1l7c,0.0066,a photo of a cigarette pack,750.6,0.2228
578,PROMOTIONAL_4IP3zfr8Tvk_F141.jpg,4IP3zfr8Tvk,0.0066,"a cigar being smoked, clearly visible",130.4,0.2363
579,PROMOTIONAL_EAnIJkAsP14_F081.jpg,EAnIJkAsP14,0.0065,"a cigar being smoked, clearly visible",129.4,0.2218
580,PROMOTIONAL_oC9BCdJmuZc_F018.jpg,oC9BCdJmuZc,0.0065,"a cigar being smoked, clearly visible",267.9,0.2393
581,PROMOTIONAL_A2GEyAxegRY_F038.jpg,A2GEyAxegRY,0.0065,"a person smoking a cigarette, cigarette clearly visible",250.8,0.2328
582,PROMOTIONAL_ZPkbtIBypb0_F010.jpg,ZPkbtIBypb0,0.0065,"a can of beer, clearly visible",268.6,0.2392
583,PROMOTIONAL_S2pF1WuMy2M_F003.jpg,S2pF1WuMy2M,0.0064,a pouch or sachet of gutka or pan masala with visible branding,1803.3,0.2285
584,PROMOTIONAL_kJofDnUYPhw_F084.jpg,kJofDnUYPhw,0.0064,"a can of beer, clearly visible",223.4,0.2122
585,PROMOTIONAL_H2qy5DVUOw8_F032.jpg,H2qy5DVUOw8,0.0064,"a cigar being smoked, clearly visible",357.8,0.2394
586,PROMOTIONAL_4rN1GAFrzi4_F047.jpg,4rN1GAFrzi4,0.0064,"a glass of beer or wine, clearly visible",635.5,0.2470
587,PROMOTIONAL_tEQISjSXuiE_F012.jpg,tEQISjSXuiE,0.0063,"a person smoking a cigarette, cigarette clearly visible",813.8,0.2285
588,PROMOTIONAL_S2pF1WuMy2M_F020.jpg,S2pF1WuMy2M,0.0063,a pouch or sachet of gutka or pan masala with visible branding,657.9,0.2183
589,PROMOTIONAL_OWSC-C447aY_F026.jpg,OWSC-C447aY,0.0062,a photo of a cigarette pack,213.0,0.2335
590,PROMOTIONAL_ZPkbtIBypb0_F087.jpg,ZPkbtIBypb0,0.0062,"a person smoking a cigarette, cigarette clearly visible",160.1,0.2381
591,PROMOTIONAL_FnULv0U14UY_F005.jpg,FnULv0U14UY,0.0062,a pouch or sachet of gutka or pan masala with visible branding,1108.4,0.2314
592,PROMOTIONAL_TX5r8OEXhEk_F003.jpg,TX5r8OEXhEk,0.0062,a hookah pipe,125.0,0.2377
593,PROMOTIONAL_NEkFNbY2ZJU_F037.jpg,NEkFNbY2ZJU,0.0062,"a vape or e-cigarette device, clearly visible",207.7,0.2618
594,PROMOTIONAL_A2GEyAxegRY_F013.jpg,A2GEyAxegRY,0.0062,"a cigar being smoked, clearly visible",125.1,0.2382
595,PROMOTIONAL_OWDIGDyOhcI_F034.jpg,OWDIGDyOhcI,0.0061,"a person smoking a cigarette, cigarette clearly visible",123.8,0.2482
596,PROMOTIONAL_tEQISjSXuiE_F055.jpg,tEQISjSXuiE,0.0061,"a cigar being smoked, clearly visible",152.4,0.2510
597,PROMOTIONAL_qXlhj_LwBNc_F059.jpg,qXlhj_LwBNc,0.0061,"a cigar being smoked, clearly visible",137.3,0.2325
598,PROMOTIONAL_5rX-wl7b5Vg_F010.jpg,5rX-wl7b5Vg,0.0060,"a cigar being smoked, clearly visible",861.7,0.2174
599,PROMOTIONAL_kJofDnUYPhw_F165.jpg,kJofDnUYPhw,0.0060,"a can of beer, clearly visible",220.1,0.2367
600,PROMOTIONAL_iEGY45xE5io_F006.jpg,iEGY45xE5io,0.0060,"a cigar being smoked, clearly visible",157.6,0.2337
601,PROMOTIONAL_eDkDQ2sid4o_F007.jpg,eDkDQ2sid4o,0.0060,"a cigar being smoked, clearly visible",179.9,0.2229
602,PROMOTIONAL_kJofDnUYPhw_F205.jpg,kJofDnUYPhw,0.0060,"a cigar being smoked, clearly visible",323.7,0.2541
603,PROMOTIONAL_sxrCjmqRTz0_F038.jpg,sxrCjmqRTz0,0.0059,"a cigar being smoked, clearly visible",159.1,0.2555
604,PROMOTIONAL_IrEUXOE2JHA_F054.jpg,IrEUXOE2JHA,0.0059,"a cigar being smoked, clearly visible",102.9,0.2407
605,PROMOTIONAL_A2GEyAxegRY_F029.jpg,A2GEyAxegRY,0.0059,"a cigar being smoked, clearly visible",218.8,0.2405
606,PROMOTIONAL_IrEUXOE2JHA_F041.jpg,IrEUXOE2JHA,0.0059,"a cigar being smoked, clearly visible",675.9,0.2280
607,PROMOTIONAL_OWDIGDyOhcI_F055.jpg,OWDIGDyOhcI,0.0058,"a cigar being smoked, clearly visible",192.7,0.2541
608,PROMOTIONAL_M98NqbcWdyI_F008.jpg,M98NqbcWdyI,0.0058,"a vape or e-cigarette device, clearly visible",137.4,0.2335
609,PROMOTIONAL_Q0yse1BaA8w_F022.jpg,Q0yse1BaA8w,0.0058,"a vape or e-cigarette device, clearly visible",122.2,0.2391
610,PROMOTIONAL_gN8Ol4w9u6s_F019.jpg,gN8Ol4w9u6s,0.0056,"a person smoking a cigarette, cigarette clearly visible",109.9,0.2434
611,PROMOTIONAL_4IP3zfr8Tvk_F147.jpg,4IP3zfr8Tvk,0.0056,"a cigar being smoked, clearly visible",188.4,0.2152
612,PROMOTIONAL_5mwDEv-TSEk_F012.jpg,5mwDEv-TSEk,0.0056,"a person smoking a cigarette, cigarette clearly visible",200.8,0.2345
613,PROMOTIONAL_zNfEfnyxE6c_F016.jpg,zNfEfnyxE6c,0.0055,a pouch or sachet of gutka or pan masala with visible branding,312.2,0.2353
614,PROMOTIONAL_qXlhj_LwBNc_F082.jpg,qXlhj_LwBNc,0.0055,"a cigar being smoked, clearly visible",273.3,0.2276
615,PROMOTIONAL_5mwDEv-TSEk_F017.jpg,5mwDEv-TSEk,0.0055,"a person smoking a cigarette, cigarette clearly visible",295.7,0.2340
616,PROMOTIONAL_f5m68k2yyfo_F022.jpg,f5m68k2yyfo,0.0055,a pouch or sachet of gutka or pan masala with visible branding,429.6,0.2324
617,PROMOTIONAL_ZPkbtIBypb0_F089.jpg,ZPkbtIBypb0,0.0055,"a can of beer, clearly visible",691.8,0.2244
618,PROMOTIONAL_TX5r8OEXhEk_F011.jpg,TX5r8OEXhEk,0.0053,"a cigar being smoked, clearly visible",573.3,0.2373
619,PROMOTIONAL_9VLJyBaIiMQ_F034.jpg,9VLJyBaIiMQ,0.0053,"a cigar being smoked, clearly visible",230.5,0.2321
620,PROMOTIONAL_S2pF1WuMy2M_F013.jpg,S2pF1WuMy2M,0.0053,a pouch or sachet of gutka or pan masala with visible branding,585.4,0.2370
621,PROMOTIONAL_Tl8jMFYa60o_F036.jpg,Tl8jMFYa60o,0.0053,a pouch or sachet of gutka or pan masala with visible branding,369.8,0.2345
622,PROMOTIONAL_FnULv0U14UY_F051.jpg,FnULv0U14UY,0.0053,a hookah pipe,127.0,0.2840
623,PROMOTIONAL_A2GEyAxegRY_F034.jpg,A2GEyAxegRY,0.0052,"a cigar being smoked, clearly visible",163.5,0.2404
624,PROMOTIONAL_A2GEyAxegRY_F042.jpg,A2GEyAxegRY,0.0052,a photo of a cigarette pack,382.5,0.2454
625,PROMOTIONAL_hvx16M1Pe9w_F030.jpg,hvx16M1Pe9w,0.0052,"a vape or e-cigarette device, clearly visible",389.9,0.2406
626,PROMOTIONAL_IrEUXOE2JHA_F039.jpg,IrEUXOE2JHA,0.0052,"a cigar being smoked, clearly visible",931.3,0.2338
627,PROMOTIONAL_ZPkbtIBypb0_F270.jpg,ZPkbtIBypb0,0.0052,a pouch or sachet of gutka or pan masala with visible branding,253.8,0.2666
628,PROMOTIONAL_2hv10KpfgXs_F010.jpg,2hv10KpfgXs,0.0052,"a person smoking a cigarette, cigarette clearly visible",103.1,0.2256
629,PROMOTIONAL_IrEUXOE2JHA_F048.jpg,IrEUXOE2JHA,0.0052,"a vape or e-cigarette device, clearly visible",124.0,0.2348
630,PROMOTIONAL_7VDOruS-i10_F011.jpg,7VDOruS-i10,0.0051,"a cigar being smoked, clearly visible",525.6,0.2378
631,PROMOTIONAL_2hv10KpfgXs_F036.jpg,2hv10KpfgXs,0.0051,"a cigar being smoked, clearly visible",163.1,0.2308
632,PROMOTIONAL_iN7n_T5Jh54_F054.jpg,iN7n_T5Jh54,0.0050,a pouch or sachet of gutka or pan masala with visible branding,281.9,0.2419
633,PROMOTIONAL_V30umsF1l7c_F044.jpg,V30umsF1l7c,0.0050,"a can of beer, clearly visible",258.4,0.2260
634,PROMOTIONAL_kHlPI8FDYNg_F060.jpg,kHlPI8FDYNg,0.0050,"a cigar being smoked, clearly visible",122.2,0.2424
635,PROMOTIONAL_A2GEyAxegRY_F044.jpg,A2GEyAxegRY,0.0050,"a vape or e-cigarette device, clearly visible",168.2,0.2291
636,PROMOTIONAL_NEkFNbY2ZJU_F044.jpg,NEkFNbY2ZJU,0.0048,"a person smoking a cigarette, cigarette clearly visible",681.6,0.2282
637,PROMOTIONAL_V30umsF1l7c_F032.jpg,V30umsF1l7c,0.0048,"a vape or e-cigarette device, clearly visible",516.7,0.2134
638,PROMOTIONAL_OWDIGDyOhcI_F014.jpg,OWDIGDyOhcI,0.0047,"a cigar being smoked, clearly visible",114.7,0.2380
639,PROMOTIONAL_ehkKKPTZhAA_F008.jpg,ehkKKPTZhAA,0.0047,"a vape or e-cigarette device, clearly visible",179.1,0.2231
640,PROMOTIONAL_kHlPI8FDYNg_F033.jpg,kHlPI8FDYNg,0.0047,"a person smoking a cigarette, cigarette clearly visible",125.9,0.2218
641,PROMOTIONAL_Q0yse1BaA8w_F029.jpg,Q0yse1BaA8w,0.0047,"a cigar being smoked, clearly visible",330.8,0.2272
642,PROMOTIONAL_A2GEyAxegRY_F012.jpg,A2GEyAxegRY,0.0046,"a person smoking a cigarette, cigarette clearly visible",185.3,0.2237
643,PROMOTIONAL_S2pF1WuMy2M_F035.jpg,S2pF1WuMy2M,0.0046,a pouch or sachet of gutka or pan masala with visible branding,760.7,0.2367
644,PROMOTIONAL_hvx16M1Pe9w_F057.jpg,hvx16M1Pe9w,0.0046,"a person smoking a cigarette, cigarette clearly visible",505.1,0.2362
645,PROMOTIONAL_eDkDQ2sid4o_F025.jpg,eDkDQ2sid4o,0.0046,a pouch or sachet of gutka or pan masala with visible branding,547.6,0.2487
646,PROMOTIONAL_5mwDEv-TSEk_F007.jpg,5mwDEv-TSEk,0.0046,"a cigar being smoked, clearly visible",369.8,0.2330
647,PROMOTIONAL_ZPkbtIBypb0_F195.jpg,ZPkbtIBypb0,0.0046,"a vape or e-cigarette device, clearly visible",305.4,0.2416
648,PROMOTIONAL_EAnIJkAsP14_F042.jpg,EAnIJkAsP14,0.0046,"a cigar being smoked, clearly visible",334.6,0.2377
649,PROMOTIONAL_ymCBZ6xXJkY_F053.jpg,ymCBZ6xXJkY,0.0045,"a vape or e-cigarette device, clearly visible",130.0,0.2294
650,PROMOTIONAL_DsWP_FrACgM_F089.jpg,DsWP_FrACgM,0.0045,"a vape or e-cigarette device, clearly visible",120.1,0.2470
651,PROMOTIONAL_kHlPI8FDYNg_F050.jpg,kHlPI8FDYNg,0.0044,"a cigar being smoked, clearly visible",196.9,0.2357
652,PROMOTIONAL_OWSC-C447aY_F046.jpg,OWSC-C447aY,0.0043,"a glass of beer or wine, clearly visible",156.3,0.2520
653,PROMOTIONAL_oC9BCdJmuZc_F016.jpg,oC9BCdJmuZc,0.0043,"a cigar being smoked, clearly visible",287.3,0.2367
654,PROMOTIONAL_Tl8jMFYa60o_F022.jpg,Tl8jMFYa60o,0.0043,a pouch or sachet of gutka or pan masala with visible branding,283.0,0.2275
655,PROMOTIONAL_OWDIGDyOhcI_F039.jpg,OWDIGDyOhcI,0.0043,"a person smoking a cigarette, cigarette clearly visible",259.9,0.2587
656,PROMOTIONAL_RnL8eDxT7Cg_F014.jpg,RnL8eDxT7Cg,0.0043,"a vape or e-cigarette device, clearly visible",192.0,0.2524
657,PROMOTIONAL_Tl8jMFYa60o_F015.jpg,Tl8jMFYa60o,0.0042,a pouch or sachet of gutka or pan masala with visible branding,352.3,0.2258
658,PROMOTIONAL_eOXk8As-HZk_F020.jpg,eOXk8As-HZk,0.0042,"a can of beer, clearly visible",117.2,0.2302
659,PROMOTIONAL_eDkDQ2sid4o_F003.jpg,eDkDQ2sid4o,0.0041,"a cigar being smoked, clearly visible",185.0,0.2376
660,PROMOTIONAL_ZPkbtIBypb0_F326.jpg,ZPkbtIBypb0,0.0041,"a can of beer, clearly visible",577.7,0.2491
661,PROMOTIONAL_A2GEyAxegRY_F053.jpg,A2GEyAxegRY,0.0040,"a person smoking a cigarette, cigarette clearly visible",176.1,0.2319
662,PROMOTIONAL_qXlhj_LwBNc_F021.jpg,qXlhj_LwBNc,0.0039,"a cigar being smoked, clearly visible",448.9,0.2232
663,PROMOTIONAL_BJpdusGS8Ak_F064.jpg,BJpdusGS8Ak,0.0039,"a glass of beer or wine, clearly visible",358.4,0.2409
664,PROMOTIONAL_tEQISjSXuiE_F096.jpg,tEQISjSXuiE,0.0039,"a person smoking a cigarette, cigarette clearly visible",233.6,0.2443
665,PROMOTIONAL_f5m68k2yyfo_F024.jpg,f5m68k2yyfo,0.0039,"a can of beer, clearly visible",1000.4,0.2503
666,PROMOTIONAL_iEGY45xE5io_F054.jpg,iEGY45xE5io,0.0039,"a cigar being smoked, clearly visible",342.3,0.2231
667,PROMOTIONAL_qXlhj_LwBNc_F084.jpg,qXlhj_LwBNc,0.0038,"a cigar being smoked, clearly visible",447.3,0.2199
668,PROMOTIONAL_OWDIGDyOhcI_F017.jpg,OWDIGDyOhcI,0.0038,"a cigar being smoked, clearly visible",180.4,0.2338
669,PROMOTIONAL_hbQ4dEjaJ6c_F062.jpg,hbQ4dEjaJ6c,0.0038,"a vape or e-cigarette device, clearly visible",263.5,0.2290
670,PROMOTIONAL_DfohsAEWphs_F028.jpg,DfohsAEWphs,0.0038,"a cigar being smoked, clearly visible",289.8,0.2321
671,PROMOTIONAL_i8sQcC6wF1Q_F028.jpg,i8sQcC6wF1Q,0.0038,a pouch or sachet of gutka or pan masala with visible branding,278.9,0.2195
672,PROMOTIONAL_kJofDnUYPhw_F336.jpg,kJofDnUYPhw,0.0038,"a vape or e-cigarette device, clearly visible",159.1,0.2485
673,PROMOTIONAL_4rN1GAFrzi4_F036.jpg,4rN1GAFrzi4,0.0037,"a person smoking a cigarette, cigarette clearly visible",488.8,0.2302
674,PROMOTIONAL_eOXk8As-HZk_F107.jpg,eOXk8As-HZk,0.0037,"a cigar being smoked, clearly visible",106.7,0.2334
675,PROMOTIONAL_kHlPI8FDYNg_F052.jpg,kHlPI8FDYNg,0.0037,"a person smoking a cigarette, cigarette clearly visible",187.3,0.2446
676,PROMOTIONAL_kJofDnUYPhw_F108.jpg,kJofDnUYPhw,0.0037,"a vape or e-cigarette device, clearly visible",228.7,0.2442
677,PROMOTIONAL_AkkChMJv4wA_F036.jpg,AkkChMJv4wA,0.0037,a pouch or sachet of gutka or pan masala with visible branding,133.1,0.2394
678,PROMOTIONAL_JWnkH7vjXTg_F024.jpg,JWnkH7vjXTg,0.0036,"a cigar being smoked, clearly visible",1340.1,0.2398
679,PROMOTIONAL_XxZ91r8k7HY_F044.jpg,XxZ91r8k7HY,0.0036,a pouch or sachet of gutka or pan masala with visible branding,1904.7,0.2257
680,PROMOTIONAL_5mwDEv-TSEk_F033.jpg,5mwDEv-TSEk,0.0036,"a cigar being smoked, clearly visible",329.3,0.2400
681,PROMOTIONAL_WxyusRiyLrA_F030.jpg,WxyusRiyLrA,0.0036,"a can of beer, clearly visible",104.0,0.2265
682,PROMOTIONAL_gN8Ol4w9u6s_F163.jpg,gN8Ol4w9u6s,0.0035,"a can of beer, clearly visible",124.8,0.2354
683,PROMOTIONAL_9VLJyBaIiMQ_F048.jpg,9VLJyBaIiMQ,0.0035,"a cigar being smoked, clearly visible",225.6,0.2494
684,PROMOTIONAL_RnL8eDxT7Cg_F117.jpg,RnL8eDxT7Cg,0.0035,a photo of a cigarette pack,281.7,0.2638
685,PROMOTIONAL_2gK6XVlfdK0_F014.jpg,2gK6XVlfdK0,0.0034,"a person smoking a cigarette, cigarette clearly visible",304.5,0.2247
686,PROMOTIONAL_ehkKKPTZhAA_F006.jpg,ehkKKPTZhAA,0.0034,"a vape or e-cigarette device, clearly visible",159.5,0.2343
687,PROMOTIONAL_4rN1GAFrzi4_F076.jpg,4rN1GAFrzi4,0.0034,"a glass of beer or wine, clearly visible",609.9,0.2391
688,PROMOTIONAL_ymCBZ6xXJkY_F033.jpg,ymCBZ6xXJkY,0.0033,"a vape or e-cigarette device, clearly visible",138.8,0.2438
689,PROMOTIONAL_Tl8jMFYa60o_F021.jpg,Tl8jMFYa60o,0.0033,a pouch or sachet of gutka or pan masala with visible branding,239.4,0.2389
690,PROMOTIONAL_EAnIJkAsP14_F068.jpg,EAnIJkAsP14,0.0033,"a cigar being smoked, clearly visible",102.1,0.2284
691,PROMOTIONAL_AkkChMJv4wA_F030.jpg,AkkChMJv4wA,0.0033,a pouch or sachet of gutka or pan masala with visible branding,126.2,0.2315
692,PROMOTIONAL_XxZ91r8k7HY_F037.jpg,XxZ91r8k7HY,0.0033,"a person smoking a cigarette, cigarette clearly visible",174.7,0.2398
693,PROMOTIONAL_4rN1GAFrzi4_F022.jpg,4rN1GAFrzi4,0.0033,"a person smoking a cigarette, cigarette clearly visible",645.3,0.2315
694,PROMOTIONAL_oWPLQY-tESk_F014.jpg,oWPLQY-tESk,0.0033,"a can of beer, clearly visible",175.7,0.2383
695,PROMOTIONAL_iEGY45xE5io_F055.jpg,iEGY45xE5io,0.0032,"a vape or e-cigarette device, clearly visible",255.7,0.2284
696,PROMOTIONAL_IrEUXOE2JHA_F008.jpg,IrEUXOE2JHA,0.0032,"a vape or e-cigarette device, clearly visible",191.5,0.2343
697,PROMOTIONAL_AMK9MrKAXKw_F006.jpg,AMK9MrKAXKw,0.0032,"a person smoking a cigarette, cigarette clearly visible",271.4,0.2242
698,PROMOTIONAL_tEQISjSXuiE_F057.jpg,tEQISjSXuiE,0.0032,"a person smoking a cigarette, cigarette clearly visible",124.5,0.2348
699,PROMOTIONAL_5mwDEv-TSEk_F015.jpg,5mwDEv-TSEk,0.0032,"a cigar being smoked, clearly visible",295.1,0.2463
700,PROMOTIONAL_7M7oRkAaujg_F047.jpg,7M7oRkAaujg,0.0032,"a cigar being smoked, clearly visible",148.2,0.2436
701,PROMOTIONAL_tEQISjSXuiE_F094.jpg,tEQISjSXuiE,0.0031,"a person smoking a cigarette, cigarette clearly visible",274.0,0.2486
702,PROMOTIONAL_AkkChMJv4wA_F012.jpg,AkkChMJv4wA,0.0031,"a vape or e-cigarette device, clearly visible",156.4,0.2247
703,PROMOTIONAL_5mwDEv-TSEk_F052.jpg,5mwDEv-TSEk,0.0031,"a cigar being smoked, clearly visible",179.1,0.2278
704,PROMOTIONAL_A2GEyAxegRY_F080.jpg,A2GEyAxegRY,0.0031,"a vape or e-cigarette device, clearly visible",151.1,0.2030
705,PROMOTIONAL_V30umsF1l7c_F041.jpg,V30umsF1l7c,0.0031,"a vape or e-cigarette device, clearly visible",251.0,0.2327
706,PROMOTIONAL_oC9BCdJmuZc_F026.jpg,oC9BCdJmuZc,0.0031,"a cigar being smoked, clearly visible",983.4,0.2485
707,PROMOTIONAL_RnL8eDxT7Cg_F084.jpg,RnL8eDxT7Cg,0.0031,"a cigar being smoked, clearly visible",244.7,0.2255
708,PROMOTIONAL_XxZ91r8k7HY_F041.jpg,XxZ91r8k7HY,0.0030,"a person smoking a cigarette, cigarette clearly visible",317.3,0.2120
709,PROMOTIONAL_5mwDEv-TSEk_F072.jpg,5mwDEv-TSEk,0.0030,"a cigar being smoked, clearly visible",310.6,0.2405
710,PROMOTIONAL_-vFLsll_Gpk_F007.jpg,-vFLsll_Gpk,0.0030,"a cigar being smoked, clearly visible",321.0,0.2142
711,PROMOTIONAL_NEkFNbY2ZJU_F047.jpg,NEkFNbY2ZJU,0.0030,"a person smoking a cigarette, cigarette clearly visible",394.8,0.2276
712,PROMOTIONAL_ZjaOdXCXgJw_F011.jpg,ZjaOdXCXgJw,0.0030,"a vape or e-cigarette device, clearly visible",190.4,0.2287
713,PROMOTIONAL_NEkFNbY2ZJU_F049.jpg,NEkFNbY2ZJU,0.0030,"a can of beer, clearly visible",341.3,0.2102
714,PROMOTIONAL_iEGY45xE5io_F002.jpg,iEGY45xE5io,0.0030,"a can of beer, clearly visible",299.6,0.2265
715,PROMOTIONAL_BwlGHrC73tA_F150.jpg,BwlGHrC73tA,0.0030,"a person smoking a cigarette, cigarette clearly visible",127.0,0.2249
716,PROMOTIONAL_hbQ4dEjaJ6c_F011.jpg,hbQ4dEjaJ6c,0.0029,"a vape or e-cigarette device, clearly visible",157.7,0.2310
717,PROMOTIONAL_tEQISjSXuiE_F004.jpg,tEQISjSXuiE,0.0028,"a cigar being smoked, clearly visible",256.4,0.2346
718,PROMOTIONAL_qXlhj_LwBNc_F083.jpg,qXlhj_LwBNc,0.0028,"a cigar being smoked, clearly visible",437.1,0.2210
719,PROMOTIONAL_7VDOruS-i10_F023.jpg,7VDOruS-i10,0.0027,"a vape or e-cigarette device, clearly visible",176.9,0.2348
720,PROMOTIONAL_Cei3cHfhn1w_F025.jpg,Cei3cHfhn1w,0.0027,"a can of beer, clearly visible",104.5,0.2207
721,PROMOTIONAL_4IP3zfr8Tvk_F124.jpg,4IP3zfr8Tvk,0.0026,"a cigar being smoked, clearly visible",109.0,0.2325
722,PROMOTIONAL_EAnIJkAsP14_F029.jpg,EAnIJkAsP14,0.0026,"a cigar being smoked, clearly visible",122.0,0.2494
723,PROMOTIONAL_-KtN-Sz1iMA_F023.jpg,-KtN-Sz1iMA,0.0026,"a glass of beer or wine, clearly visible",151.2,0.2594
724,PROMOTIONAL_kJofDnUYPhw_F202.jpg,kJofDnUYPhw,0.0026,"a cigar being smoked, clearly visible",222.3,0.2464
725,PROMOTIONAL_A2GEyAxegRY_F009.jpg,A2GEyAxegRY,0.0026,"a cigar being smoked, clearly visible",146.7,0.2412
726,PROMOTIONAL_IrEUXOE2JHA_F038.jpg,IrEUXOE2JHA,0.0025,"a vape or e-cigarette device, clearly visible",110.2,0.2453
727,PROMOTIONAL_qXlhj_LwBNc_F047.jpg,qXlhj_LwBNc,0.0025,"a cigar being smoked, clearly visible",103.1,0.2546
728,PROMOTIONAL_cz5n3qm1G8k_F002.jpg,cz5n3qm1G8k,0.0025,"a person smoking a cigarette, cigarette clearly visible",202.8,0.2331
729,PROMOTIONAL_oC9BCdJmuZc_F030.jpg,oC9BCdJmuZc,0.0025,"a cigar being smoked, clearly visible",263.7,0.2321
730,PROMOTIONAL_tEQISjSXuiE_F113.jpg,tEQISjSXuiE,0.0024,"a person smoking a cigarette, cigarette clearly visible",235.8,0.2431
731,PROMOTIONAL_gN8Ol4w9u6s_F018.jpg,gN8Ol4w9u6s,0.0024,"a person smoking a cigarette, cigarette clearly visible",111.1,0.2465
732,PROMOTIONAL_mt4Cf63vFyI_F015.jpg,mt4Cf63vFyI,0.0024,"a vape or e-cigarette device, clearly visible",374.7,0.2262
733,PROMOTIONAL_-vFLsll_Gpk_F008.jpg,-vFLsll_Gpk,0.0024,a pouch or sachet of gutka or pan masala with visible branding,208.2,0.2234
734,PROMOTIONAL_ZPkbtIBypb0_F256.jpg,ZPkbtIBypb0,0.0024,"a vape or e-cigarette device, clearly visible",397.8,0.2332
735,PROMOTIONAL_oC9BCdJmuZc_F043.jpg,oC9BCdJmuZc,0.0024,a pouch or sachet of gutka or pan masala with visible branding,1340.6,0.2281
736,PROMOTIONAL_kJofDnUYPhw_F333.jpg,kJofDnUYPhw,0.0023,"a vape or e-cigarette device, clearly visible",165.9,0.2270
737,PROMOTIONAL_TX5r8OEXhEk_F007.jpg,TX5r8OEXhEk,0.0023,a hookah pipe,164.0,0.2050
738,PROMOTIONAL_ymCBZ6xXJkY_F022.jpg,ymCBZ6xXJkY,0.0023,"a vape or e-cigarette device, clearly visible",205.9,0.2353
739,PROMOTIONAL_7VDOruS-i10_F016.jpg,7VDOruS-i10,0.0023,"a cigar being smoked, clearly visible",491.0,0.2542
740,PROMOTIONAL_kJofDnUYPhw_F164.jpg,kJofDnUYPhw,0.0023,"a vape or e-cigarette device, clearly visible",179.5,0.2410
741,PROMOTIONAL_kJofDnUYPhw_F001.jpg,kJofDnUYPhw,0.0023,"a vape or e-cigarette device, clearly visible",105.7,0.2536
742,PROMOTIONAL_RnL8eDxT7Cg_F029.jpg,RnL8eDxT7Cg,0.0023,"a cigar being smoked, clearly visible",357.2,0.2358
743,PROMOTIONAL_ZPkbtIBypb0_F162.jpg,ZPkbtIBypb0,0.0023,a pouch or sachet of gutka or pan masala with visible branding,378.9,0.2514
744,PROMOTIONAL_OWDIGDyOhcI_F044.jpg,OWDIGDyOhcI,0.0023,"a cigar being smoked, clearly visible",121.6,0.2397
745,PROMOTIONAL_RnL8eDxT7Cg_F026.jpg,RnL8eDxT7Cg,0.0023,"a person smoking a cigarette, cigarette clearly visible",137.4,0.2298
746,PROMOTIONAL_2gK6XVlfdK0_F012.jpg,2gK6XVlfdK0,0.0023,"a person smoking a cigarette, cigarette clearly visible",268.1,0.2365
747,PROMOTIONAL_hbQ4dEjaJ6c_F066.jpg,hbQ4dEjaJ6c,0.0022,"a vape or e-cigarette device, clearly visible",264.3,0.2530
748,PROMOTIONAL_kJofDnUYPhw_F330.jpg,kJofDnUYPhw,0.0022,"a vape or e-cigarette device, clearly visible",184.5,0.2419
749,PROMOTIONAL_S2pF1WuMy2M_F017.jpg,S2pF1WuMy2M,0.0022,"a person smoking a cigarette, cigarette clearly visible",518.7,0.2216
750,PROMOTIONAL_BJpdusGS8Ak_F078.jpg,BJpdusGS8Ak,0.0022,"a glass of beer or wine, clearly visible",521.3,0.2532
751,PROMOTIONAL_ZPkbtIBypb0_F126.jpg,ZPkbtIBypb0,0.0021,"a person smoking a cigarette, cigarette clearly visible",412.0,0.2394
752,PROMOTIONAL_A2GEyAxegRY_F014.jpg,A2GEyAxegRY,0.0021,"a person smoking a cigarette, cigarette clearly visible",139.4,0.2252
753,PROMOTIONAL_4rN1GAFrzi4_F050.jpg,4rN1GAFrzi4,0.0021,"a glass of beer or wine, clearly visible",457.8,0.2315
754,PROMOTIONAL_qXlhj_LwBNc_F037.jpg,qXlhj_LwBNc,0.0020,"a person smoking a cigarette, cigarette clearly visible",188.7,0.2265
755,PROMOTIONAL_EAnIJkAsP14_F048.jpg,EAnIJkAsP14,0.0020,"a cigar being smoked, clearly visible",162.7,0.2216
756,PROMOTIONAL_2hv10KpfgXs_F062.jpg,2hv10KpfgXs,0.0020,"a person smoking a cigarette, cigarette clearly visible",137.4,0.2589
757,PROMOTIONAL_IrEUXOE2JHA_F066.jpg,IrEUXOE2JHA,0.0020,"a cigar being smoked, clearly visible",365.9,0.2166
758,PROMOTIONAL_M98NqbcWdyI_F025.jpg,M98NqbcWdyI,0.0020,"a cigar being smoked, clearly visible",131.9,0.2363
759,PROMOTIONAL_kJofDnUYPhw_F300.jpg,kJofDnUYPhw,0.0020,"a person smoking a cigarette, cigarette clearly visible",101.3,0.2297
760,PROMOTIONAL_hvx16M1Pe9w_F003.jpg,hvx16M1Pe9w,0.0020,"a vape or e-cigarette device, clearly visible",251.8,0.2381
761,PROMOTIONAL_ZPkbtIBypb0_F039.jpg,ZPkbtIBypb0,0.0020,"a can of beer, clearly visible",300.1,0.2655
762,PROMOTIONAL_zNfEfnyxE6c_F017.jpg,zNfEfnyxE6c,0.0020,a pouch or sachet of gutka or pan masala with visible branding,327.7,0.2351
763,PROMOTIONAL_FnULv0U14UY_F047.jpg,FnULv0U14UY,0.0019,"a glass of beer or wine, clearly visible",123.2,0.2181
764,PROMOTIONAL_4rN1GAFrzi4_F015.jpg,4rN1GAFrzi4,0.0019,a pouch or sachet of gutka or pan masala with visible branding,766.2,0.2297
765,PROMOTIONAL_hbQ4dEjaJ6c_F013.jpg,hbQ4dEjaJ6c,0.0019,"a vape or e-cigarette device, clearly visible",148.7,0.2336
766,PROMOTIONAL_BwlGHrC73tA_F117.jpg,BwlGHrC73tA,0.0019,"a person smoking a cigarette, cigarette clearly visible",122.9,0.2497
767,PROMOTIONAL_XxZ91r8k7HY_F025.jpg,XxZ91r8k7HY,0.0019,"a cigar being smoked, clearly visible",366.4,0.2326
768,PROMOTIONAL_AMK9MrKAXKw_F003.jpg,AMK9MrKAXKw,0.0019,"a can of beer, clearly visible",191.3,0.2159
769,PROMOTIONAL_mt4Cf63vFyI_F010.jpg,mt4Cf63vFyI,0.0019,"a can of beer, clearly visible",260.1,0.2079
770,PROMOTIONAL_V30umsF1l7c_F047.jpg,V30umsF1l7c,0.0018,"a can of beer, clearly visible",306.7,0.2193
771,PROMOTIONAL_-KtN-Sz1iMA_F009.jpg,-KtN-Sz1iMA,0.0018,a pouch or sachet of gutka or pan masala with visible branding,834.5,0.2447
772,PROMOTIONAL_BJpdusGS8Ak_F063.jpg,BJpdusGS8Ak,0.0018,a pouch or sachet of gutka or pan masala with visible branding,337.8,0.2369
773,PROMOTIONAL_7M7oRkAaujg_F052.jpg,7M7oRkAaujg,0.0018,"a cigar being smoked, clearly visible",228.7,0.2399
774,PROMOTIONAL_RnL8eDxT7Cg_F034.jpg,RnL8eDxT7Cg,0.0017,"a person smoking a cigarette, cigarette clearly visible",210.0,0.2414
775,PROMOTIONAL_ZPkbtIBypb0_F158.jpg,ZPkbtIBypb0,0.0017,"a person smoking a cigarette, cigarette clearly visible",225.8,0.2193
776,PROMOTIONAL_PkAjo3YgTSw_F025.jpg,PkAjo3YgTSw,0.0017,"a cigar being smoked, clearly visible",225.4,0.2326
777,PROMOTIONAL_o2cFKv3Sb_8_F032.jpg,o2cFKv3Sb_8,0.0017,"a cigar being smoked, clearly visible",187.2,0.2404
778,PROMOTIONAL_BJpdusGS8Ak_F067.jpg,BJpdusGS8Ak,0.0017,"a vape or e-cigarette device, clearly visible",131.1,0.2357
779,PROMOTIONAL_DfohsAEWphs_F011.jpg,DfohsAEWphs,0.0017,"a cigar being smoked, clearly visible",765.8,0.2237
780,PROMOTIONAL_9VLJyBaIiMQ_F038.jpg,9VLJyBaIiMQ,0.0016,"a glass of beer or wine, clearly visible",437.5,0.2375
781,PROMOTIONAL_S2pF1WuMy2M_F049.jpg,S2pF1WuMy2M,0.0016,a pouch or sachet of gutka or pan masala with visible branding,466.6,0.2451
782,PROMOTIONAL_5mwDEv-TSEk_F083.jpg,5mwDEv-TSEk,0.0016,"a person smoking a cigarette, cigarette clearly visible",207.7,0.2223
783,PROMOTIONAL_S2pF1WuMy2M_F040.jpg,S2pF1WuMy2M,0.0016,a pouch or sachet of gutka or pan masala with visible branding,788.6,0.2164
784,PROMOTIONAL_OWDIGDyOhcI_F056.jpg,OWDIGDyOhcI,0.0015,"a cigar being smoked, clearly visible",175.0,0.2520
785,PROMOTIONAL_tEQISjSXuiE_F017.jpg,tEQISjSXuiE,0.0014,"a person smoking a cigarette, cigarette clearly visible",385.8,0.2205
786,PROMOTIONAL_RnL8eDxT7Cg_F118.jpg,RnL8eDxT7Cg,0.0014,a photo of a cigarette pack,281.4,0.2614
787,PROMOTIONAL_tEQISjSXuiE_F093.jpg,tEQISjSXuiE,0.0014,"a cigar being smoked, clearly visible",249.7,0.2468
788,PROMOTIONAL_YU0COqQ9W-A_F019.jpg,YU0COqQ9W-A,0.0014,"a cigar being smoked, clearly visible",107.8,0.2387
789,PROMOTIONAL_N4UF9ezYzp0_F012.jpg,N4UF9ezYzp0,0.0014,"a cigar being smoked, clearly visible",155.5,0.2279
790,PROMOTIONAL_V30umsF1l7c_F039.jpg,V30umsF1l7c,0.0014,"a vape or e-cigarette device, clearly visible",228.7,0.2301
791,PROMOTIONAL_iEGY45xE5io_F053.jpg,iEGY45xE5io,0.0014,"a vape or e-cigarette device, clearly visible",194.9,0.2274
792,PROMOTIONAL_5mwDEv-TSEk_F049.jpg,5mwDEv-TSEk,0.0014,"a person smoking a cigarette, cigarette clearly visible",174.3,0.2253
793,PROMOTIONAL_kJofDnUYPhw_F335.jpg,kJofDnUYPhw,0.0014,"a vape or e-cigarette device, clearly visible",158.6,0.2489
794,PROMOTIONAL_ymCBZ6xXJkY_F091.jpg,ymCBZ6xXJkY,0.0014,a pouch or sachet of gutka or pan masala with visible branding,1037.5,0.2250
795,PROMOTIONAL_NEkFNbY2ZJU_F054.jpg,NEkFNbY2ZJU,0.0013,a pouch or sachet of gutka or pan masala with visible branding,185.3,0.2272
796,PROMOTIONAL_7M7oRkAaujg_F001.jpg,7M7oRkAaujg,0.0013,"a cigar being smoked, clearly visible",429.7,0.2327
797,PROMOTIONAL_5rX-wl7b5Vg_F004.jpg,5rX-wl7b5Vg,0.0013,"a vape or e-cigarette device, clearly visible",188.2,0.2442
798,PROMOTIONAL_M98NqbcWdyI_F017.jpg,M98NqbcWdyI,0.0013,a hookah pipe,189.2,0.2217
799,PROMOTIONAL_qXlhj_LwBNc_F014.jpg,qXlhj_LwBNc,0.0012,"a cigar being smoked, clearly visible",339.6,0.2172
800,PROMOTIONAL_gN8Ol4w9u6s_F140.jpg,gN8Ol4w9u6s,0.0012,"a cigar being smoked, clearly visible",148.5,0.2386
801,PROMOTIONAL_L-bg5RLiOaQ_F024.jpg,L-bg5RLiOaQ,0.0011,"a cigar being smoked, clearly visible",103.0,0.2383
802,PROMOTIONAL_RnL8eDxT7Cg_F061.jpg,RnL8eDxT7Cg,0.0011,"a cigar being smoked, clearly visible",161.5,0.2379
803,PROMOTIONAL_H2qy5DVUOw8_F034.jpg,H2qy5DVUOw8,0.0011,"a cigar being smoked, clearly visible",326.0,0.2262
804,PROMOTIONAL_ZPkbtIBypb0_F252.jpg,ZPkbtIBypb0,0.0011,"a can of beer, clearly visible",382.7,0.2352
805,PROMOTIONAL_ymCBZ6xXJkY_F049.jpg,ymCBZ6xXJkY,0.0010,"a can of beer, clearly visible",331.8,0.2314
806,PROMOTIONAL_4rN1GAFrzi4_F035.jpg,4rN1GAFrzi4,0.0010,"a person smoking a cigarette, cigarette clearly visible",680.4,0.2503
807,PROMOTIONAL_tEQISjSXuiE_F129.jpg,tEQISjSXuiE,0.0010,"a cigar being smoked, clearly visible",112.4,0.2336
808,PROMOTIONAL_BwlGHrC73tA_F194.jpg,BwlGHrC73tA,0.0010,"a cigar being smoked, clearly visible",136.4,0.2252
809,PROMOTIONAL_BJpdusGS8Ak_F046.jpg,BJpdusGS8Ak,0.0009,"a vape or e-cigarette device, clearly visible",320.4,0.2360
810,PROMOTIONAL_V30umsF1l7c_F011.jpg,V30umsF1l7c,0.0009,"a cigar being smoked, clearly visible",532.5,0.2420
811,PROMOTIONAL_5mwDEv-TSEk_F039.jpg,5mwDEv-TSEk,0.0009,"a cigar being smoked, clearly visible",169.6,0.2521
812,PROMOTIONAL_A2GEyAxegRY_F021.jpg,A2GEyAxegRY,0.0008,"a cigar being smoked, clearly visible",149.0,0.2556
813,PROMOTIONAL_M98NqbcWdyI_F026.jpg,M98NqbcWdyI,0.0008,"a person smoking a cigarette, cigarette clearly visible",169.7,0.2399
814,PROMOTIONAL_f5m68k2yyfo_F009.jpg,f5m68k2yyfo,0.0008,"a cigar being smoked, clearly visible",851.6,0.2291
815,PROMOTIONAL_hvx16M1Pe9w_F032.jpg,hvx16M1Pe9w,0.0008,"a person smoking a cigarette, cigarette clearly visible",295.6,0.2417
816,PROMOTIONAL_f5m68k2yyfo_F018.jpg,f5m68k2yyfo,0.0008,"a cigar being smoked, clearly visible",751.2,0.2282
817,PROMOTIONAL_XwgNLyk38sI_F036.jpg,XwgNLyk38sI,0.0008,"a cigar being smoked, clearly visible",147.8,0.2360
818,PROMOTIONAL_N4UF9ezYzp0_F029.jpg,N4UF9ezYzp0,0.0007,"a cigar being smoked, clearly visible",130.7,0.2172
819,PROMOTIONAL_XwgNLyk38sI_F021.jpg,XwgNLyk38sI,0.0007,"a cigar being smoked, clearly visible",117.0,0.2299
820,PROMOTIONAL_M98NqbcWdyI_F010.jpg,M98NqbcWdyI,0.0007,"a vape or e-cigarette device, clearly visible",134.9,0.2221
821,PROMOTIONAL_V30umsF1l7c_F006.jpg,V30umsF1l7c,0.0006,"a vape or e-cigarette device, clearly visible",423.7,0.2280
822,PROMOTIONAL_FnULv0U14UY_F053.jpg,FnULv0U14UY,0.0006,"a cigar being smoked, clearly visible",165.1,0.2404
823,PROMOTIONAL_iN7n_T5Jh54_F016.jpg,iN7n_T5Jh54,0.0006,"a vape or e-cigarette device, clearly visible",133.5,0.2284
824,PROMOTIONAL_7VDOruS-i10_F017.jpg,7VDOruS-i10,0.0006,a pouch or sachet of gutka or pan masala with visible branding,141.4,0.2355
825,PROMOTIONAL_RnL8eDxT7Cg_F116.jpg,RnL8eDxT7Cg,0.0006,a photo of a cigarette pack,217.5,0.2573
826,PROMOTIONAL_kHlPI8FDYNg_F047.jpg,kHlPI8FDYNg,0.0006,"a cigar being smoked, clearly visible",398.6,0.2472
827,PROMOTIONAL_hvx16M1Pe9w_F004.jpg,hvx16M1Pe9w,0.0005,"a vape or e-cigarette device, clearly visible",238.3,0.2334
828,PROMOTIONAL_XxZ91r8k7HY_F040.jpg,XxZ91r8k7HY,0.0005,"a person smoking a cigarette, cigarette clearly visible",408.3,0.2127
829,PROMOTIONAL_kJofDnUYPhw_F340.jpg,kJofDnUYPhw,0.0004,"a vape or e-cigarette device, clearly visible",105.3,0.2579
830,PROMOTIONAL_qXlhj_LwBNc_F068.jpg,qXlhj_LwBNc,0.0004,"a vape or e-cigarette device, clearly visible",112.5,0.2344
831,PROMOTIONAL_gN8Ol4w9u6s_F100.jpg,gN8Ol4w9u6s,0.0004,"a person smoking a cigarette, cigarette clearly visible",148.8,0.2456
832,PROMOTIONAL_RnL8eDxT7Cg_F032.jpg,RnL8eDxT7Cg,0.0004,"a person smoking a cigarette, cigarette clearly visible",178.3,0.2433
833,PROMOTIONAL_BwlGHrC73tA_F078.jpg,BwlGHrC73tA,0.0004,"a vape or e-cigarette device, clearly visible",115.4,0.2385
834,PROMOTIONAL_ehkKKPTZhAA_F009.jpg,ehkKKPTZhAA,0.0004,"a vape or e-cigarette device, clearly visible",173.3,0.2236
835,PROMOTIONAL_BJpdusGS8Ak_F004.jpg,BJpdusGS8Ak,0.0004,"a can of beer, clearly visible",661.2,0.2477
836,PROMOTIONAL_Tl8jMFYa60o_F026.jpg,Tl8jMFYa60o,0.0004,a pouch or sachet of gutka or pan masala with visible branding,298.5,0.2220
837,PROMOTIONAL_ZPkbtIBypb0_F253.jpg,ZPkbtIBypb0,0.0004,"a person smoking a cigarette, cigarette clearly visible",414.5,0.2400
838,PROMOTIONAL_RnL8eDxT7Cg_F075.jpg,RnL8eDxT7Cg,0.0004,"a cigar being smoked, clearly visible",170.9,0.2480
839,PROMOTIONAL_V30umsF1l7c_F022.jpg,V30umsF1l7c,0.0003,a pouch or sachet of gutka or pan masala with visible branding,710.9,0.2310
840,PROMOTIONAL_rIYna5PfdDU_F031.jpg,rIYna5PfdDU,0.0003,"a vape or e-cigarette device, clearly visible",187.4,0.2485
841,PROMOTIONAL_ZPkbtIBypb0_F211.jpg,ZPkbtIBypb0,0.0003,"a cigar being smoked, clearly visible",373.5,0.2495
842,PROMOTIONAL_RnL8eDxT7Cg_F089.jpg,RnL8eDxT7Cg,0.0002,"a cigar being smoked, clearly visible",166.1,0.2413
843,PROMOTIONAL_7M7oRkAaujg_F029.jpg,7M7oRkAaujg,0.0002,"a cigar being smoked, clearly visible",626.9,0.2467
844,PROMOTIONAL_guFdyc-Rpj0_F026.jpg,guFdyc-Rpj0,0.0002,"a can of beer, clearly visible",203.9,0.2268
845,PROMOTIONAL_RnL8eDxT7Cg_F027.jpg,RnL8eDxT7Cg,0.0002,"a person smoking a cigarette, cigarette clearly visible",169.0,0.2378
846,PROMOTIONAL_eXcoTo86OOw_F001.jpg,eXcoTo86OOw,0.0002,"a cigar being smoked, clearly visible",140.6,0.2393
847,PROMOTIONAL_ZjaOdXCXgJw_F024.jpg,ZjaOdXCXgJw,0.0002,a pouch or sachet of gutka or pan masala with visible branding,343.5,0.2716
848,PROMOTIONAL_4rN1GAFrzi4_F097.jpg,4rN1GAFrzi4,0.0001,"a can of beer, clearly visible",686.8,0.2178
849,PROMOTIONAL_kJofDnUYPhw_F251.jpg,kJofDnUYPhw,0.0001,a pouch or sachet of gutka or pan masala with visible branding,100.1,0.2409
850,PROMOTIONAL_hbQ4dEjaJ6c_F060.jpg,hbQ4dEjaJ6c,0.0000,"a cigar being smoked, clearly visible",263.3,0.2228
851,PROMOTIONAL_5mwDEv-TSEk_F057.jpg,5mwDEv-TSEk,0.0000,"a person smoking a cigarette, cigarette clearly visible",392.7,0.2384
852,PROMOTIONAL_wE8AsupuJAI_F015.jpg,wE8AsupuJAI,-0.0000,"a cigar being smoked, clearly visible",119.0,0.2389
853,PROMOTIONAL_i8sQcC6wF1Q_F006.jpg,i8sQcC6wF1Q,-0.0001,a pouch or sachet of gutka or pan masala with visible branding,226.7,0.2135
854,PROMOTIONAL_iEGY45xE5io_F044.jpg,iEGY45xE5io,-0.0001,"a can of beer, clearly visible",363.8,0.2490
855,PROMOTIONAL_qXlhj_LwBNc_F045.jpg,qXlhj_LwBNc,-0.0001,"a vape or e-cigarette device, clearly visible",152.0,0.2181
856,PROMOTIONAL_OWDIGDyOhcI_F026.jpg,OWDIGDyOhcI,-0.0001,"a cigar being smoked, clearly visible",120.3,0.2450
857,PROMOTIONAL_RnL8eDxT7Cg_F051.jpg,RnL8eDxT7Cg,-0.0001,"a cigar being smoked, clearly visible",106.3,0.2410
858,PROMOTIONAL_5rX-wl7b5Vg_F013.jpg,5rX-wl7b5Vg,-0.0001,"a cigar being smoked, clearly visible",204.1,0.2416
859,PROMOTIONAL_i8sQcC6wF1Q_F025.jpg,i8sQcC6wF1Q,-0.0001,a pouch or sachet of gutka or pan masala with visible branding,359.7,0.2246
860,PROMOTIONAL_A2GEyAxegRY_F010.jpg,A2GEyAxegRY,-0.0001,"a cigar being smoked, clearly visible",151.5,0.2314
861,PROMOTIONAL_ZPkbtIBypb0_F020.jpg,ZPkbtIBypb0,-0.0002,"a vape or e-cigarette device, clearly visible",299.0,0.2278
862,PROMOTIONAL_4rN1GAFrzi4_F033.jpg,4rN1GAFrzi4,-0.0002,"a person smoking a cigarette, cigarette clearly visible",843.2,0.2364
863,PROMOTIONAL_4IP3zfr8Tvk_F003.jpg,4IP3zfr8Tvk,-0.0002,a photo of a cigarette pack,312.9,0.3112
864,PROMOTIONAL_4rN1GAFrzi4_F085.jpg,4rN1GAFrzi4,-0.0002,"a person smoking a cigarette, cigarette clearly visible",527.4,0.2208
865,PROMOTIONAL_BJpdusGS8Ak_F049.jpg,BJpdusGS8Ak,-0.0003,"a vape or e-cigarette device, clearly visible",142.1,0.2287
866,PROMOTIONAL_hbQ4dEjaJ6c_F021.jpg,hbQ4dEjaJ6c,-0.0004,"a vape or e-cigarette device, clearly visible",289.0,0.2336
867,PROMOTIONAL_Lu747R2Ktis_F021.jpg,Lu747R2Ktis,-0.0004,"a cigar being smoked, clearly visible",1050.5,0.2249
868,PROMOTIONAL_tEQISjSXuiE_F053.jpg,tEQISjSXuiE,-0.0004,"a cigar being smoked, clearly visible",177.5,0.2282
869,PROMOTIONAL_FnULv0U14UY_F050.jpg,FnULv0U14UY,-0.0004,a hookah pipe,113.6,0.2704
870,PROMOTIONAL_H2qy5DVUOw8_F045.jpg,H2qy5DVUOw8,-0.0004,"a cigar being smoked, clearly visible",205.1,0.2142
871,PROMOTIONAL_ZPkbtIBypb0_F276.jpg,ZPkbtIBypb0,-0.0004,a pouch or sachet of gutka or pan masala with visible branding,608.1,0.2248
872,PROMOTIONAL_hvx16M1Pe9w_F043.jpg,hvx16M1Pe9w,-0.0005,"a vape or e-cigarette device, clearly visible",243.6,0.2322
873,PROMOTIONAL_hvx16M1Pe9w_F042.jpg,hvx16M1Pe9w,-0.0005,"a person smoking a cigarette, cigarette clearly visible",254.2,0.2367
874,PROMOTIONAL_hvx16M1Pe9w_F020.jpg,hvx16M1Pe9w,-0.0005,"a vape or e-cigarette device, clearly visible",324.9,0.2304
875,PROMOTIONAL_RnL8eDxT7Cg_F068.jpg,RnL8eDxT7Cg,-0.0005,"a cigar being smoked, clearly visible",127.9,0.2363
876,PROMOTIONAL_IrEUXOE2JHA_F016.jpg,IrEUXOE2JHA,-0.0005,"a cigar being smoked, clearly visible",130.1,0.2251
877,PROMOTIONAL_BwlGHrC73tA_F026.jpg,BwlGHrC73tA,-0.0006,"a vape or e-cigarette device, clearly visible",108.2,0.2467
878,PROMOTIONAL_-vFLsll_Gpk_F036.jpg,-vFLsll_Gpk,-0.0006,a pouch or sachet of gutka or pan masala with visible branding,1438.7,0.2236
879,PROMOTIONAL_TX5r8OEXhEk_F013.jpg,TX5r8OEXhEk,-0.0006,"a cigar being smoked, clearly visible",391.1,0.2109
880,PROMOTIONAL_RnL8eDxT7Cg_F005.jpg,RnL8eDxT7Cg,-0.0006,"a cigar being smoked, clearly visible",605.3,0.2392
881,PROMOTIONAL_gN8Ol4w9u6s_F247.jpg,gN8Ol4w9u6s,-0.0006,"a can of beer, clearly visible",164.0,0.2417
882,PROMOTIONAL_DsWP_FrACgM_F091.jpg,DsWP_FrACgM,-0.0007,"a person smoking a cigarette, cigarette clearly visible",128.1,0.2296
883,PROMOTIONAL_ZPkbtIBypb0_F183.jpg,ZPkbtIBypb0,-0.0007,"a cigar being smoked, clearly visible",343.0,0.2295
884,PROMOTIONAL_4rN1GAFrzi4_F061.jpg,4rN1GAFrzi4,-0.0007,"a can of beer, clearly visible",427.4,0.2285
885,PROMOTIONAL_tEQISjSXuiE_F153.jpg,tEQISjSXuiE,-0.0007,"a cigar being smoked, clearly visible",114.2,0.2246
886,PROMOTIONAL_hbQ4dEjaJ6c_F079.jpg,hbQ4dEjaJ6c,-0.0007,"a person smoking a cigarette, cigarette clearly visible",203.0,0.2292
887,PROMOTIONAL_eOXk8As-HZk_F025.jpg,eOXk8As-HZk,-0.0007,"a cigar being smoked, clearly visible",106.6,0.2254
888,PROMOTIONAL_Lu747R2Ktis_F039.jpg,Lu747R2Ktis,-0.0008,"a cigar being smoked, clearly visible",511.6,0.2395
889,PROMOTIONAL_5rX-wl7b5Vg_F003.jpg,5rX-wl7b5Vg,-0.0008,"a cigar being smoked, clearly visible",216.1,0.2294
890,PROMOTIONAL_4rN1GAFrzi4_F147.jpg,4rN1GAFrzi4,-0.0008,"a glass of beer or wine, clearly visible",540.4,0.2152
891,PROMOTIONAL_V30umsF1l7c_F023.jpg,V30umsF1l7c,-0.0008,"a vape or e-cigarette device, clearly visible",227.2,0.2404
892,PROMOTIONAL_RnL8eDxT7Cg_F101.jpg,RnL8eDxT7Cg,-0.0008,"a glass of beer or wine, clearly visible",292.6,0.2268
893,PROMOTIONAL_OWDIGDyOhcI_F005.jpg,OWDIGDyOhcI,-0.0009,"a person smoking a cigarette, cigarette clearly visible",134.5,0.2423
894,PROMOTIONAL_iEGY45xE5io_F001.jpg,iEGY45xE5io,-0.0009,"a can of beer, clearly visible",269.9,0.2256
895,PROMOTIONAL_ZPkbtIBypb0_F184.jpg,ZPkbtIBypb0,-0.0009,"a cigar being smoked, clearly visible",283.1,0.2334
896,PROMOTIONAL_5mwDEv-TSEk_F008.jpg,5mwDEv-TSEk,-0.0009,"a cigar being smoked, clearly visible",321.6,0.2358
897,PROMOTIONAL_5mwDEv-TSEk_F025.jpg,5mwDEv-TSEk,-0.0009,"a cigar being smoked, clearly visible",159.6,0.2330
898,PROMOTIONAL_7M7oRkAaujg_F023.jpg,7M7oRkAaujg,-0.0010,"a cigar being smoked, clearly visible",497.0,0.2291
899,PROMOTIONAL_DfohsAEWphs_F031.jpg,DfohsAEWphs,-0.0010,"a vape or e-cigarette device, clearly visible",262.6,0.2317
900,PROMOTIONAL_BwlGHrC73tA_F073.jpg,BwlGHrC73tA,-0.0011,"a cigar being smoked, clearly visible",219.5,0.2428
901,PROMOTIONAL_4IP3zfr8Tvk_F029.jpg,4IP3zfr8Tvk,-0.0011,"a cigar being smoked, clearly visible",108.8,0.2303
902,PROMOTIONAL_qXlhj_LwBNc_F093.jpg,qXlhj_LwBNc,-0.0011,"a cigar being smoked, clearly visible",429.9,0.2229
903,PROMOTIONAL_S2pF1WuMy2M_F052.jpg,S2pF1WuMy2M,-0.0012,a pouch or sachet of gutka or pan masala with visible branding,368.0,0.2277
904,PROMOTIONAL_gN8Ol4w9u6s_F175.jpg,gN8Ol4w9u6s,-0.0012,"a person smoking a cigarette, cigarette clearly visible",129.9,0.2467
905,PROMOTIONAL_EAnIJkAsP14_F075.jpg,EAnIJkAsP14,-0.0012,"a cigar being smoked, clearly visible",176.1,0.2122
906,PROMOTIONAL_5mwDEv-TSEk_F005.jpg,5mwDEv-TSEk,-0.0012,"a can of beer, clearly visible",151.5,0.2382
907,PROMOTIONAL_2gK6XVlfdK0_F004.jpg,2gK6XVlfdK0,-0.0012,a pouch or sachet of gutka or pan masala with visible branding,883.1,0.2284
908,PROMOTIONAL_Tl8jMFYa60o_F035.jpg,Tl8jMFYa60o,-0.0012,a pouch or sachet of gutka or pan masala with visible branding,381.8,0.2219
909,PROMOTIONAL_Lu747R2Ktis_F042.jpg,Lu747R2Ktis,-0.0012,"a cigar being smoked, clearly visible",453.2,0.2349
910,PROMOTIONAL_i8sQcC6wF1Q_F015.jpg,i8sQcC6wF1Q,-0.0013,a pouch or sachet of gutka or pan masala with visible branding,239.6,0.2232
911,PROMOTIONAL_2gK6XVlfdK0_F026.jpg,2gK6XVlfdK0,-0.0013,"a person smoking a cigarette, cigarette clearly visible",548.9,0.2151
912,PROMOTIONAL_9VLJyBaIiMQ_F016.jpg,9VLJyBaIiMQ,-0.0013,"a cigar being smoked, clearly visible",493.4,0.2316
913,PROMOTIONAL_RnL8eDxT7Cg_F064.jpg,RnL8eDxT7Cg,-0.0013,"a vape or e-cigarette device, clearly visible",318.9,0.2528
914,PROMOTIONAL_H2qy5DVUOw8_F016.jpg,H2qy5DVUOw8,-0.0013,"a cigar being smoked, clearly visible",231.7,0.2207
915,PROMOTIONAL_ZPkbtIBypb0_F329.jpg,ZPkbtIBypb0,-0.0013,"a can of beer, clearly visible",441.8,0.2448
916,PROMOTIONAL_A2GEyAxegRY_F062.jpg,A2GEyAxegRY,-0.0014,"a cigar being smoked, clearly visible",499.9,0.2289
917,PROMOTIONAL_7VDOruS-i10_F041.jpg,7VDOruS-i10,-0.0015,a pouch or sachet of gutka or pan masala with visible branding,524.3,0.2287
918,PROMOTIONAL_5mwDEv-TSEk_F058.jpg,5mwDEv-TSEk,-0.0015,"a person smoking a cigarette, cigarette clearly visible",432.7,0.2331
919,PROMOTIONAL_M98NqbcWdyI_F009.jpg,M98NqbcWdyI,-0.0015,"a person smoking a cigarette, cigarette clearly visible",148.5,0.2265
920,PROMOTIONAL_BwlGHrC73tA_F126.jpg,BwlGHrC73tA,-0.0015,"a person smoking a cigarette, cigarette clearly visible",117.5,0.2316
921,PROMOTIONAL_5mwDEv-TSEk_F081.jpg,5mwDEv-TSEk,-0.0016,"a person smoking a cigarette, cigarette clearly visible",413.5,0.2336
922,PROMOTIONAL_IrEUXOE2JHA_F045.jpg,IrEUXOE2JHA,-0.0016,"a cigar being smoked, clearly visible",328.8,0.2307
923,PROMOTIONAL_IrEUXOE2JHA_F005.jpg,IrEUXOE2JHA,-0.0016,"a vape or e-cigarette device, clearly visible",342.0,0.2355
924,PROMOTIONAL_ZPkbtIBypb0_F249.jpg,ZPkbtIBypb0,-0.0016,"a person smoking a cigarette, cigarette clearly visible",428.6,0.2437
925,PROMOTIONAL_hbQ4dEjaJ6c_F020.jpg,hbQ4dEjaJ6c,-0.0016,"a vape or e-cigarette device, clearly visible",314.3,0.2144
926,PROMOTIONAL_4rN1GAFrzi4_F062.jpg,4rN1GAFrzi4,-0.0016,"a can of beer, clearly visible",410.7,0.2191
927,PROMOTIONAL_kHlPI8FDYNg_F037.jpg,kHlPI8FDYNg,-0.0016,"a cigar being smoked, clearly visible",250.7,0.2088
928,PROMOTIONAL_ZdlX7gvDZ0U_F021.jpg,ZdlX7gvDZ0U,-0.0017,"a glass of beer or wine, clearly visible",1110.6,0.2372
929,PROMOTIONAL_kJofDnUYPhw_F299.jpg,kJofDnUYPhw,-0.0017,"a person smoking a cigarette, cigarette clearly visible",101.4,0.2250
930,PROMOTIONAL_BJpdusGS8Ak_F037.jpg,BJpdusGS8Ak,-0.0018,"a cigar being smoked, clearly visible",209.9,0.2386
931,PROMOTIONAL_tvgJjsc0xUs_F025.jpg,tvgJjsc0xUs,-0.0018,a pouch or sachet of gutka or pan masala with visible branding,164.7,0.2232
932,PROMOTIONAL_i8sQcC6wF1Q_F016.jpg,i8sQcC6wF1Q,-0.0018,a pouch or sachet of gutka or pan masala with visible branding,233.8,0.2130
933,PROMOTIONAL_kJofDnUYPhw_F063.jpg,kJofDnUYPhw,-0.0018,"a vape or e-cigarette device, clearly visible",220.6,0.2269
934,PROMOTIONAL_7M7oRkAaujg_F025.jpg,7M7oRkAaujg,-0.0018,"a cigar being smoked, clearly visible",314.9,0.2348
935,PROMOTIONAL_5mwDEv-TSEk_F009.jpg,5mwDEv-TSEk,-0.0018,"a cigar being smoked, clearly visible",447.3,0.2361
936,PROMOTIONAL_IrEUXOE2JHA_F082.jpg,IrEUXOE2JHA,-0.0018,"a person smoking a cigarette, cigarette clearly visible",167.8,0.2462
937,PROMOTIONAL_9VLJyBaIiMQ_F052.jpg,9VLJyBaIiMQ,-0.0019,"a cigar being smoked, clearly visible",352.1,0.2301
938,PROMOTIONAL_kHlPI8FDYNg_F042.jpg,kHlPI8FDYNg,-0.0019,"a person smoking a cigarette, cigarette clearly visible",290.1,0.2359
939,PROMOTIONAL_gN8Ol4w9u6s_F080.jpg,gN8Ol4w9u6s,-0.0019,"a vape or e-cigarette device, clearly visible",210.3,0.2266
940,PROMOTIONAL_RnL8eDxT7Cg_F002.jpg,RnL8eDxT7Cg,-0.0019,"a can of beer, clearly visible",170.2,0.2433
941,PROMOTIONAL_iEGY45xE5io_F035.jpg,iEGY45xE5io,-0.0020,"a person smoking a cigarette, cigarette clearly visible",211.4,0.2124
942,PROMOTIONAL_hvx16M1Pe9w_F051.jpg,hvx16M1Pe9w,-0.0020,"a can of beer, clearly visible",317.9,0.2218
943,PROMOTIONAL_rIYna5PfdDU_F035.jpg,rIYna5PfdDU,-0.0020,"a vape or e-cigarette device, clearly visible",198.5,0.2332
944,PROMOTIONAL_NEkFNbY2ZJU_F002.jpg,NEkFNbY2ZJU,-0.0020,"a cigar being smoked, clearly visible",587.5,0.2253
945,PROMOTIONAL_oWPLQY-tESk_F035.jpg,oWPLQY-tESk,-0.0021,"a glass of beer or wine, clearly visible",168.0,0.2273
946,PROMOTIONAL_ZdlX7gvDZ0U_F022.jpg,ZdlX7gvDZ0U,-0.0021,a pouch or sachet of gutka or pan masala with visible branding,1109.6,0.2349
947,PROMOTIONAL_eDkDQ2sid4o_F024.jpg,eDkDQ2sid4o,-0.0021,a pouch or sachet of gutka or pan masala with visible branding,464.7,0.2408
948,PROMOTIONAL_MGrjU_VcO5E_F001.jpg,MGrjU_VcO5E,-0.0021,"a vape or e-cigarette device, clearly visible",279.9,0.2325
949,PROMOTIONAL_NEkFNbY2ZJU_F053.jpg,NEkFNbY2ZJU,-0.0021,"a can of beer, clearly visible",208.7,0.2186
950,PROMOTIONAL_7M7oRkAaujg_F030.jpg,7M7oRkAaujg,-0.0021,"a person smoking a cigarette, cigarette clearly visible",202.1,0.2231
951,PROMOTIONAL_kJofDnUYPhw_F280.jpg,kJofDnUYPhw,-0.0022,"a vape or e-cigarette device, clearly visible",101.6,0.2298
952,PROMOTIONAL_IrEUXOE2JHA_F040.jpg,IrEUXOE2JHA,-0.0022,"a cigar being smoked, clearly visible",813.1,0.2222
953,PROMOTIONAL_BJpdusGS8Ak_F026.jpg,BJpdusGS8Ak,-0.0022,"a glass of beer or wine, clearly visible",303.1,0.2432
954,PROMOTIONAL_kJofDnUYPhw_F326.jpg,kJofDnUYPhw,-0.0022,"a can of beer, clearly visible",148.5,0.2279
955,PROMOTIONAL_hvx16M1Pe9w_F013.jpg,hvx16M1Pe9w,-0.0022,"a vape or e-cigarette device, clearly visible",687.2,0.2231
956,PROMOTIONAL_tEQISjSXuiE_F131.jpg,tEQISjSXuiE,-0.0022,"a cigar being smoked, clearly visible",101.1,0.2393
957,PROMOTIONAL_kJofDnUYPhw_F086.jpg,kJofDnUYPhw,-0.0022,"a can of beer, clearly visible",293.6,0.2423
958,PROMOTIONAL_DsWP_FrACgM_F045.jpg,DsWP_FrACgM,-0.0023,"a cigar being smoked, clearly visible",135.1,0.2163
959,PROMOTIONAL_Lu747R2Ktis_F047.jpg,Lu747R2Ktis,-0.0023,"a cigar being smoked, clearly visible",227.4,0.2268
960,PROMOTIONAL_tEQISjSXuiE_F046.jpg,tEQISjSXuiE,-0.0023,"a person smoking a cigarette, cigarette clearly visible",103.5,0.2260
961,PROMOTIONAL_ZPkbtIBypb0_F017.jpg,ZPkbtIBypb0,-0.0023,"a vape or e-cigarette device, clearly visible",368.1,0.2051
962,PROMOTIONAL_4rN1GAFrzi4_F106.jpg,4rN1GAFrzi4,-0.0023,"a person smoking a cigarette, cigarette clearly visible",573.5,0.2316
963,PROMOTIONAL_IrEUXOE2JHA_F046.jpg,IrEUXOE2JHA,-0.0023,"a cigar being smoked, clearly visible",326.5,0.2382
964,PROMOTIONAL_V30umsF1l7c_F043.jpg,V30umsF1l7c,-0.0023,"a vape or e-cigarette device, clearly visible",222.3,0.2197
965,PROMOTIONAL_AMK9MrKAXKw_F007.jpg,AMK9MrKAXKw,-0.0024,"a person smoking a cigarette, cigarette clearly visible",288.6,0.2400
966,PROMOTIONAL_kJofDnUYPhw_F042.jpg,kJofDnUYPhw,-0.0024,"a vape or e-cigarette device, clearly visible",100.0,0.2483
967,PROMOTIONAL_oWPLQY-tESk_F038.jpg,oWPLQY-tESk,-0.0024,a pouch or sachet of gutka or pan masala with visible branding,139.1,0.2179
968,PROMOTIONAL_kJofDnUYPhw_F163.jpg,kJofDnUYPhw,-0.0024,"a vape or e-cigarette device, clearly visible",184.2,0.2356
969,PROMOTIONAL_ymCBZ6xXJkY_F048.jpg,ymCBZ6xXJkY,-0.0024,"a vape or e-cigarette device, clearly visible",154.8,0.2433
970,PROMOTIONAL_RnL8eDxT7Cg_F065.jpg,RnL8eDxT7Cg,-0.0024,"a cigar being smoked, clearly visible",234.2,0.2173
971,PROMOTIONAL_qXlhj_LwBNc_F004.jpg,qXlhj_LwBNc,-0.0024,"a person smoking a cigarette, cigarette clearly visible",179.7,0.2338
972,PROMOTIONAL_kJofDnUYPhw_F167.jpg,kJofDnUYPhw,-0.0025,"a vape or e-cigarette device, clearly visible",153.9,0.2374
973,PROMOTIONAL_kJofDnUYPhw_F132.jpg,kJofDnUYPhw,-0.0025,"a vape or e-cigarette device, clearly visible",176.4,0.2316
974,PROMOTIONAL_hvx16M1Pe9w_F031.jpg,hvx16M1Pe9w,-0.0025,"a person smoking a cigarette, cigarette clearly visible",343.4,0.2297
975,PROMOTIONAL_ZPkbtIBypb0_F015.jpg,ZPkbtIBypb0,-0.0025,"a vape or e-cigarette device, clearly visible",405.8,0.2357
976,PROMOTIONAL_M98NqbcWdyI_F003.jpg,M98NqbcWdyI,-0.0025,"a vape or e-cigarette device, clearly visible",139.9,0.2386
977,PROMOTIONAL_7VDOruS-i10_F020.jpg,7VDOruS-i10,-0.0025,"a cigar being smoked, clearly visible",110.7,0.2436
978,PROMOTIONAL_EAnIJkAsP14_F021.jpg,EAnIJkAsP14,-0.0026,"a person smoking a cigarette, cigarette clearly visible",242.7,0.2380
979,PROMOTIONAL_eDkDQ2sid4o_F014.jpg,eDkDQ2sid4o,-0.0026,"a person smoking a cigarette, cigarette clearly visible",150.7,0.2272
980,PROMOTIONAL_ZdlX7gvDZ0U_F008.jpg,ZdlX7gvDZ0U,-0.0026,a pouch or sachet of gutka or pan masala with visible branding,1208.9,0.2313
981,PROMOTIONAL_Lu747R2Ktis_F049.jpg,Lu747R2Ktis,-0.0026,"a cigar being smoked, clearly visible",457.5,0.2179
982,PROMOTIONAL_IrEUXOE2JHA_F050.jpg,IrEUXOE2JHA,-0.0026,"a vape or e-cigarette device, clearly visible",155.1,0.2249
983,PROMOTIONAL_IrEUXOE2JHA_F017.jpg,IrEUXOE2JHA,-0.0026,"a cigar being smoked, clearly visible",281.7,0.2267
984,PROMOTIONAL_DsWP_FrACgM_F097.jpg,DsWP_FrACgM,-0.0026,"a vape or e-cigarette device, clearly visible",455.8,0.2247
985,PROMOTIONAL_i8sQcC6wF1Q_F014.jpg,i8sQcC6wF1Q,-0.0026,a pouch or sachet of gutka or pan masala with visible branding,231.3,0.2277
986,PROMOTIONAL_XxZ91r8k7HY_F030.jpg,XxZ91r8k7HY,-0.0026,"a person smoking a cigarette, cigarette clearly visible",333.9,0.2111
987,PROMOTIONAL_XwgNLyk38sI_F048.jpg,XwgNLyk38sI,-0.0027,"a cigar being smoked, clearly visible",187.2,0.2414
988,PROMOTIONAL_Tl8jMFYa60o_F044.jpg,Tl8jMFYa60o,-0.0027,a pouch or sachet of gutka or pan masala with visible branding,374.7,0.2092
989,PROMOTIONAL_EAnIJkAsP14_F076.jpg,EAnIJkAsP14,-0.0027,"a cigar being smoked, clearly visible",138.2,0.2070
990,PROMOTIONAL_V30umsF1l7c_F057.jpg,V30umsF1l7c,-0.0027,"a cigar being smoked, clearly visible",394.7,0.2292
991,PROMOTIONAL_5mwDEv-TSEk_F011.jpg,5mwDEv-TSEk,-0.0028,"a person smoking a cigarette, cigarette clearly visible",172.4,0.2300
992,PROMOTIONAL_3MaLTyJokyM_F024.jpg,3MaLTyJokyM,-0.0028,"a can of beer, clearly visible",144.0,0.2657
993,PROMOTIONAL_hbQ4dEjaJ6c_F078.jpg,hbQ4dEjaJ6c,-0.0028,"a vape or e-cigarette device, clearly visible",193.8,0.2306
994,PROMOTIONAL_H2qy5DVUOw8_F041.jpg,H2qy5DVUOw8,-0.0029,"a cigar being smoked, clearly visible",381.8,0.2335
995,PROMOTIONAL_XwgNLyk38sI_F017.jpg,XwgNLyk38sI,-0.0029,"a cigar being smoked, clearly visible",123.7,0.2267
996,PROMOTIONAL_OWSC-C447aY_F027.jpg,OWSC-C447aY,-0.0029,"a glass of beer or wine, clearly visible",151.3,0.2306
997,PROMOTIONAL_gN8Ol4w9u6s_F065.jpg,gN8Ol4w9u6s,-0.0029,"a person smoking a cigarette, cigarette clearly visible",162.0,0.2354
998,PROMOTIONAL_kJofDnUYPhw_F120.jpg,kJofDnUYPhw,-0.0029,"a cigar being smoked, clearly visible",147.6,0.2405
999,PROMOTIONAL_ehkKKPTZhAA_F001.jpg,ehkKKPTZhAA,-0.0029,"a vape or e-cigarette device, clearly visible",159.8,0.2320
1000,PROMOTIONAL_oC9BCdJmuZc_F027.jpg,oC9BCdJmuZc,-0.0030,"a vape or e-cigarette device, clearly visible",153.8,0.2230
1001,PROMOTIONAL_kJofDnUYPhw_F031.jpg,kJofDnUYPhw,-0.0030,"a vape or e-cigarette device, clearly visible",162.5,0.2340
1002,PROMOTIONAL_OWDIGDyOhcI_F060.jpg,OWDIGDyOhcI,-0.0030,a photo of a cigarette pack,358.8,0.2583
1003,PROMOTIONAL_XxZ91r8k7HY_F014.jpg,XxZ91r8k7HY,-0.0030,"a person smoking a cigarette, cigarette clearly visible",179.5,0.2082
1004,PROMOTIONAL_DsWP_FrACgM_F069.jpg,DsWP_FrACgM,-0.0030,a pouch or sachet of gutka or pan masala with visible branding,300.1,0.2308
1005,PROMOTIONAL_ZPkbtIBypb0_F182.jpg,ZPkbtIBypb0,-0.0031,"a cigar being smoked, clearly visible",325.5,0.2196
1006,PROMOTIONAL_RnL8eDxT7Cg_F104.jpg,RnL8eDxT7Cg,-0.0031,"a glass of beer or wine, clearly visible",515.9,0.2061
1007,PROMOTIONAL_RnL8eDxT7Cg_F017.jpg,RnL8eDxT7Cg,-0.0031,"a person smoking a cigarette, cigarette clearly visible",292.4,0.2329
1008,PROMOTIONAL_DsWP_FrACgM_F040.jpg,DsWP_FrACgM,-0.0031,"a cigar being smoked, clearly visible",104.5,0.2319
1009,PROMOTIONAL_M98NqbcWdyI_F007.jpg,M98NqbcWdyI,-0.0032,"a vape or e-cigarette device, clearly visible",164.1,0.2164
1010,PROMOTIONAL_qXlhj_LwBNc_F090.jpg,qXlhj_LwBNc,-0.0032,"a cigar being smoked, clearly visible",415.7,0.2273
1011,PROMOTIONAL_7M7oRkAaujg_F058.jpg,7M7oRkAaujg,-0.0033,"a cigar being smoked, clearly visible",575.4,0.2397
1012,PROMOTIONAL_YU0COqQ9W-A_F029.jpg,YU0COqQ9W-A,-0.0033,"a cigar being smoked, clearly visible",395.1,0.2604
1013,PROMOTIONAL_ZPkbtIBypb0_F160.jpg,ZPkbtIBypb0,-0.0033,a pouch or sachet of gutka or pan masala with visible branding,396.5,0.2303
1014,PROMOTIONAL_4rN1GAFrzi4_F128.jpg,4rN1GAFrzi4,-0.0033,"a person smoking a cigarette, cigarette clearly visible",641.5,0.2171
1015,PROMOTIONAL_H2qy5DVUOw8_F031.jpg,H2qy5DVUOw8,-0.0033,"a person smoking a cigarette, cigarette clearly visible",144.4,0.2127
1016,PROMOTIONAL_ZPkbtIBypb0_F019.jpg,ZPkbtIBypb0,-0.0034,"a vape or e-cigarette device, clearly visible",341.5,0.2222
1017,PROMOTIONAL_S2pF1WuMy2M_F009.jpg,S2pF1WuMy2M,-0.0034,a pouch or sachet of gutka or pan masala with visible branding,583.7,0.2187
1018,PROMOTIONAL_TX5r8OEXhEk_F028.jpg,TX5r8OEXhEk,-0.0034,"a person smoking a cigarette, cigarette clearly visible",558.2,0.2376
1019,PROMOTIONAL_gN8Ol4w9u6s_F075.jpg,gN8Ol4w9u6s,-0.0035,"a vape or e-cigarette device, clearly visible",203.1,0.2281
1020,PROMOTIONAL_XxZ91r8k7HY_F021.jpg,XxZ91r8k7HY,-0.0035,"a glass of beer or wine, clearly visible",449.6,0.2372
1021,PROMOTIONAL_tEQISjSXuiE_F091.jpg,tEQISjSXuiE,-0.0035,"a cigar being smoked, clearly visible",199.8,0.2378
1022,PROMOTIONAL_BwlGHrC73tA_F105.jpg,BwlGHrC73tA,-0.0035,a pouch or sachet of gutka or pan masala with visible branding,123.2,0.2239
1023,PROMOTIONAL_IrEUXOE2JHA_F077.jpg,IrEUXOE2JHA,-0.0035,"a person smoking a cigarette, cigarette clearly visible",136.3,0.2162
1024,PROMOTIONAL_tvgJjsc0xUs_F032.jpg,tvgJjsc0xUs,-0.0035,"a vape or e-cigarette device, clearly visible",167.9,0.2357
1025,PROMOTIONAL_ehkKKPTZhAA_F014.jpg,ehkKKPTZhAA,-0.0035,"a vape or e-cigarette device, clearly visible",167.3,0.2313
1026,PROMOTIONAL_oC9BCdJmuZc_F025.jpg,oC9BCdJmuZc,-0.0036,"a cigar being smoked, clearly visible",179.8,0.2306
1027,PROMOTIONAL_hbQ4dEjaJ6c_F081.jpg,hbQ4dEjaJ6c,-0.0036,"a person smoking a cigarette, cigarette clearly visible",232.5,0.2327
1028,PROMOTIONAL_ZPkbtIBypb0_F018.jpg,ZPkbtIBypb0,-0.0036,"a vape or e-cigarette device, clearly visible",371.4,0.2137
1029,PROMOTIONAL_DfohsAEWphs_F001.jpg,DfohsAEWphs,-0.0036,"a can of beer, clearly visible",480.4,0.2220
1030,PROMOTIONAL_tEQISjSXuiE_F161.jpg,tEQISjSXuiE,-0.0036,"a cigar being smoked, clearly visible",228.1,0.2345
1031,PROMOTIONAL_kJofDnUYPhw_F089.jpg,kJofDnUYPhw,-0.0036,"a can of beer, clearly visible",482.3,0.2239
1032,PROMOTIONAL_mt4Cf63vFyI_F014.jpg,mt4Cf63vFyI,-0.0037,"a can of beer, clearly visible",480.5,0.2187
1033,PROMOTIONAL_kJofDnUYPhw_F334.jpg,kJofDnUYPhw,-0.0037,"a vape or e-cigarette device, clearly visible",142.2,0.2229
1034,PROMOTIONAL_7M7oRkAaujg_F027.jpg,7M7oRkAaujg,-0.0037,"a person smoking a cigarette, cigarette clearly visible",618.8,0.2346
1035,PROMOTIONAL_M98NqbcWdyI_F047.jpg,M98NqbcWdyI,-0.0037,"a can of beer, clearly visible",128.2,0.2267
1036,PROMOTIONAL_4rN1GAFrzi4_F031.jpg,4rN1GAFrzi4,-0.0037,"a can of beer, clearly visible",388.2,0.2294
1037,PROMOTIONAL_H2qy5DVUOw8_F043.jpg,H2qy5DVUOw8,-0.0037,"a cigar being smoked, clearly visible",219.9,0.2275
1038,PROMOTIONAL_N4UF9ezYzp0_F021.jpg,N4UF9ezYzp0,-0.0037,"a cigar being smoked, clearly visible",128.9,0.2208
1039,PROMOTIONAL_RnL8eDxT7Cg_F052.jpg,RnL8eDxT7Cg,-0.0038,"a can of beer, clearly visible",117.1,0.2132
1040,PROMOTIONAL_qXlhj_LwBNc_F054.jpg,qXlhj_LwBNc,-0.0038,"a can of beer, clearly visible",107.4,0.2166
1041,PROMOTIONAL_M98NqbcWdyI_F006.jpg,M98NqbcWdyI,-0.0038,"a vape or e-cigarette device, clearly visible",172.2,0.2263
1042,PROMOTIONAL_BJpdusGS8Ak_F040.jpg,BJpdusGS8Ak,-0.0038,"a glass of beer or wine, clearly visible",568.6,0.2331
1043,PROMOTIONAL_RnL8eDxT7Cg_F053.jpg,RnL8eDxT7Cg,-0.0038,"a cigar being smoked, clearly visible",131.2,0.2292
1044,PROMOTIONAL_OWDIGDyOhcI_F015.jpg,OWDIGDyOhcI,-0.0039,"a person smoking a cigarette, cigarette clearly visible",136.1,0.2336
1045,PROMOTIONAL_BwlGHrC73tA_F172.jpg,BwlGHrC73tA,-0.0039,"a cigar being smoked, clearly visible",122.9,0.2303
1046,PROMOTIONAL_IrEUXOE2JHA_F043.jpg,IrEUXOE2JHA,-0.0039,"a vape or e-cigarette device, clearly visible",299.8,0.2037
1047,PROMOTIONAL_V30umsF1l7c_F029.jpg,V30umsF1l7c,-0.0039,"a cigar being smoked, clearly visible",283.9,0.2271
1048,PROMOTIONAL_OWDIGDyOhcI_F018.jpg,OWDIGDyOhcI,-0.0039,"a cigar being smoked, clearly visible",259.4,0.2443
1049,PROMOTIONAL_gN8Ol4w9u6s_F202.jpg,gN8Ol4w9u6s,-0.0039,a pouch or sachet of gutka or pan masala with visible branding,318.3,0.2344
1050,PROMOTIONAL_ZPkbtIBypb0_F174.jpg,ZPkbtIBypb0,-0.0039,a pouch or sachet of gutka or pan masala with visible branding,362.7,0.2349
1051,PROMOTIONAL_TX5r8OEXhEk_F009.jpg,TX5r8OEXhEk,-0.0039,"a cigar being smoked, clearly visible",223.6,0.2132
1052,PROMOTIONAL_qXlhj_LwBNc_F016.jpg,qXlhj_LwBNc,-0.0039,"a cigar being smoked, clearly visible",179.8,0.2312
1053,PROMOTIONAL_WxyusRiyLrA_F006.jpg,WxyusRiyLrA,-0.0039,"a person smoking a cigarette, cigarette clearly visible",116.2,0.2394
1054,PROMOTIONAL_ehkKKPTZhAA_F025.jpg,ehkKKPTZhAA,-0.0040,"a vape or e-cigarette device, clearly visible",178.2,0.2124
1055,PROMOTIONAL_eOXk8As-HZk_F048.jpg,eOXk8As-HZk,-0.0040,"a cigar being smoked, clearly visible",119.8,0.2219
1056,PROMOTIONAL_tEQISjSXuiE_F051.jpg,tEQISjSXuiE,-0.0040,"a person smoking a cigarette, cigarette clearly visible",241.6,0.2298
1057,PROMOTIONAL_RnL8eDxT7Cg_F070.jpg,RnL8eDxT7Cg,-0.0040,"a cigar being smoked, clearly visible",274.8,0.2354
1058,PROMOTIONAL_Tl8jMFYa60o_F034.jpg,Tl8jMFYa60o,-0.0040,a pouch or sachet of gutka or pan masala with visible branding,346.1,0.2175
1059,PROMOTIONAL_Lu747R2Ktis_F012.jpg,Lu747R2Ktis,-0.0041,"a person smoking a cigarette, cigarette clearly visible",661.1,0.2142
1060,PROMOTIONAL_Lu747R2Ktis_F007.jpg,Lu747R2Ktis,-0.0041,"a person smoking a cigarette, cigarette clearly visible",649.1,0.2191
1061,PROMOTIONAL_7VDOruS-i10_F012.jpg,7VDOruS-i10,-0.0041,"a cigar being smoked, clearly visible",410.3,0.2366
1062,PROMOTIONAL_Q0yse1BaA8w_F027.jpg,Q0yse1BaA8w,-0.0041,"a cigar being smoked, clearly visible",171.9,0.2195
1063,PROMOTIONAL_gN8Ol4w9u6s_F002.jpg,gN8Ol4w9u6s,-0.0041,a photo of a cigarette pack,393.4,0.2326
1064,PROMOTIONAL_IrEUXOE2JHA_F085.jpg,IrEUXOE2JHA,-0.0041,"a person smoking a cigarette, cigarette clearly visible",168.6,0.2313
1065,PROMOTIONAL_Tl8jMFYa60o_F027.jpg,Tl8jMFYa60o,-0.0041,a pouch or sachet of gutka or pan masala with visible branding,269.4,0.2393
1066,PROMOTIONAL_qXlhj_LwBNc_F086.jpg,qXlhj_LwBNc,-0.0041,"a can of beer, clearly visible",303.6,0.2301
1067,PROMOTIONAL_DsWP_FrACgM_F070.jpg,DsWP_FrACgM,-0.0041,a pouch or sachet of gutka or pan masala with visible branding,106.0,0.2093
1068,PROMOTIONAL_BwlGHrC73tA_F100.jpg,BwlGHrC73tA,-0.0041,"a cigar being smoked, clearly visible",182.1,0.2294
1069,PROMOTIONAL_JWnkH7vjXTg_F013.jpg,JWnkH7vjXTg,-0.0041,"a cigar being smoked, clearly visible",1538.5,0.2242
1070,PROMOTIONAL_Q0yse1BaA8w_F037.jpg,Q0yse1BaA8w,-0.0042,"a person smoking a cigarette, cigarette clearly visible",262.8,0.2108
1071,PROMOTIONAL_qXlhj_LwBNc_F087.jpg,qXlhj_LwBNc,-0.0042,"a can of beer, clearly visible",337.4,0.2245
1072,PROMOTIONAL_Cei3cHfhn1w_F024.jpg,Cei3cHfhn1w,-0.0042,"a can of beer, clearly visible",103.3,0.2159
1073,PROMOTIONAL_guFdyc-Rpj0_F029.jpg,guFdyc-Rpj0,-0.0042,a sachet of chewing tobacco with visible branding,522.4,0.2362
1074,PROMOTIONAL_5mwDEv-TSEk_F051.jpg,5mwDEv-TSEk,-0.0043,"a person smoking a cigarette, cigarette clearly visible",191.4,0.2231
1075,PROMOTIONAL_NEkFNbY2ZJU_F030.jpg,NEkFNbY2ZJU,-0.0043,"a person smoking a cigarette, cigarette clearly visible",450.1,0.2209
1076,PROMOTIONAL_AMK9MrKAXKw_F005.jpg,AMK9MrKAXKw,-0.0043,"a person smoking a cigarette, cigarette clearly visible",313.8,0.2179
1077,PROMOTIONAL_XxZ91r8k7HY_F032.jpg,XxZ91r8k7HY,-0.0043,"a person smoking a cigarette, cigarette clearly visible",225.5,0.2187
1078,PROMOTIONAL_tvgJjsc0xUs_F011.jpg,tvgJjsc0xUs,-0.0043,"a vape or e-cigarette device, clearly visible",127.3,0.2420
1079,PROMOTIONAL_tvgJjsc0xUs_F024.jpg,tvgJjsc0xUs,-0.0043,"a vape or e-cigarette device, clearly visible",213.2,0.2312
1080,PROMOTIONAL_iN7n_T5Jh54_F052.jpg,iN7n_T5Jh54,-0.0044,"a person smoking a cigarette, cigarette clearly visible",283.6,0.2201
1081,PROMOTIONAL_ZPkbtIBypb0_F244.jpg,ZPkbtIBypb0,-0.0044,"a vape or e-cigarette device, clearly visible",606.7,0.2492
1082,PROMOTIONAL_4rN1GAFrzi4_F023.jpg,4rN1GAFrzi4,-0.0044,"a person smoking a cigarette, cigarette clearly visible",609.6,0.2149
1083,PROMOTIONAL_S2pF1WuMy2M_F016.jpg,S2pF1WuMy2M,-0.0044,a pouch or sachet of gutka or pan masala with visible branding,463.2,0.2356
1084,PROMOTIONAL_hbQ4dEjaJ6c_F113.jpg,hbQ4dEjaJ6c,-0.0044,a pouch or sachet of gutka or pan masala with visible branding,166.1,0.2137
1085,PROMOTIONAL_kHlPI8FDYNg_F008.jpg,kHlPI8FDYNg,-0.0044,"a cigar being smoked, clearly visible",302.3,0.2187
1086,PROMOTIONAL_IrEUXOE2JHA_F071.jpg,IrEUXOE2JHA,-0.0044,"a vape or e-cigarette device, clearly visible",210.0,0.2487
1087,PROMOTIONAL_ZPkbtIBypb0_F054.jpg,ZPkbtIBypb0,-0.0045,a pouch or sachet of gutka or pan masala with visible branding,331.3,0.2443
1088,PROMOTIONAL_4rN1GAFrzi4_F064.jpg,4rN1GAFrzi4,-0.0045,"a can of beer, clearly visible",584.0,0.2242
1089,PROMOTIONAL_OWDIGDyOhcI_F006.jpg,OWDIGDyOhcI,-0.0045,"a person smoking a cigarette, cigarette clearly visible",164.6,0.2495
1090,PROMOTIONAL_5mwDEv-TSEk_F085.jpg,5mwDEv-TSEk,-0.0045,"a cigar being smoked, clearly visible",257.0,0.2470
1091,PROMOTIONAL_AMK9MrKAXKw_F008.jpg,AMK9MrKAXKw,-0.0045,"a person smoking a cigarette, cigarette clearly visible",301.5,0.2298
1092,PROMOTIONAL_V30umsF1l7c_F005.jpg,V30umsF1l7c,-0.0045,"a cigar being smoked, clearly visible",266.6,0.2235
1093,PROMOTIONAL_OWDIGDyOhcI_F038.jpg,OWDIGDyOhcI,-0.0045,"a person smoking a cigarette, cigarette clearly visible",253.8,0.2504
1094,PROMOTIONAL_tEQISjSXuiE_F105.jpg,tEQISjSXuiE,-0.0045,"a person smoking a cigarette, cigarette clearly visible",214.4,0.2319
1095,PROMOTIONAL_iEGY45xE5io_F032.jpg,iEGY45xE5io,-0.0046,"a vape or e-cigarette device, clearly visible",179.2,0.2039
1096,PROMOTIONAL_gN8Ol4w9u6s_F028.jpg,gN8Ol4w9u6s,-0.0046,a pouch or sachet of gutka or pan masala with visible branding,103.8,0.2425
1097,PROMOTIONAL_H2qy5DVUOw8_F029.jpg,H2qy5DVUOw8,-0.0046,a photo of a cigarette pack,1113.5,0.2526
1098,PROMOTIONAL_cz5n3qm1G8k_F006.jpg,cz5n3qm1G8k,-0.0046,"a person smoking a cigarette, cigarette clearly visible",222.0,0.2388
1099,PROMOTIONAL_oC9BCdJmuZc_F039.jpg,oC9BCdJmuZc,-0.0046,"a cigar being smoked, clearly visible",255.7,0.2279
1100,PROMOTIONAL_S2pF1WuMy2M_F048.jpg,S2pF1WuMy2M,-0.0047,"a person smoking a cigarette, cigarette clearly visible",958.5,0.2400
1101,PROMOTIONAL_kJofDnUYPhw_F014.jpg,kJofDnUYPhw,-0.0047,"a person smoking a cigarette, cigarette clearly visible",124.8,0.2426
1102,PROMOTIONAL_kJofDnUYPhw_F088.jpg,kJofDnUYPhw,-0.0047,"a vape or e-cigarette device, clearly visible",468.6,0.2259
1103,PROMOTIONAL_IrEUXOE2JHA_F022.jpg,IrEUXOE2JHA,-0.0047,"a cigar being smoked, clearly visible",197.2,0.2156
1104,PROMOTIONAL_ZPkbtIBypb0_F263.jpg,ZPkbtIBypb0,-0.0047,"a cigar being smoked, clearly visible",261.4,0.2421
1105,PROMOTIONAL_kJofDnUYPhw_F083.jpg,kJofDnUYPhw,-0.0047,a pouch or sachet of gutka or pan masala with visible branding,277.4,0.2123
1106,PROMOTIONAL_cz5n3qm1G8k_F008.jpg,cz5n3qm1G8k,-0.0047,"a person smoking a cigarette, cigarette clearly visible",203.7,0.2279
1107,PROMOTIONAL_OWDIGDyOhcI_F042.jpg,OWDIGDyOhcI,-0.0047,"a cigar being smoked, clearly visible",268.0,0.2487
1108,PROMOTIONAL_S2pF1WuMy2M_F004.jpg,S2pF1WuMy2M,-0.0047,"a can of beer, clearly visible",1464.4,0.2437
1109,PROMOTIONAL_RnL8eDxT7Cg_F067.jpg,RnL8eDxT7Cg,-0.0048,"a vape or e-cigarette device, clearly visible",235.3,0.2351
1110,PROMOTIONAL_Lu747R2Ktis_F040.jpg,Lu747R2Ktis,-0.0048,"a vape or e-cigarette device, clearly visible",448.9,0.2366
1111,PROMOTIONAL_9VLJyBaIiMQ_F057.jpg,9VLJyBaIiMQ,-0.0048,a hookah pipe,988.8,0.2184
1112,PROMOTIONAL_ZPkbtIBypb0_F241.jpg,ZPkbtIBypb0,-0.0049,"a cigar being smoked, clearly visible",257.4,0.2304
1113,PROMOTIONAL_4rN1GAFrzi4_F027.jpg,4rN1GAFrzi4,-0.0049,"a person smoking a cigarette, cigarette clearly visible",818.3,0.2260
1114,PROMOTIONAL_ZPkbtIBypb0_F139.jpg,ZPkbtIBypb0,-0.0049,"a vape or e-cigarette device, clearly visible",585.3,0.2218
1115,PROMOTIONAL_kJofDnUYPhw_F085.jpg,kJofDnUYPhw,-0.0049,"a vape or e-cigarette device, clearly visible",242.1,0.2093
1116,PROMOTIONAL_EAnIJkAsP14_F080.jpg,EAnIJkAsP14,-0.0049,"a cigar being smoked, clearly visible",145.2,0.1925
1117,PROMOTIONAL_kJofDnUYPhw_F030.jpg,kJofDnUYPhw,-0.0049,"a can of beer, clearly visible",435.2,0.2271
1118,PROMOTIONAL_NEkFNbY2ZJU_F041.jpg,NEkFNbY2ZJU,-0.0049,"a person smoking a cigarette, cigarette clearly visible",665.7,0.2190
1119,PROMOTIONAL_ymCBZ6xXJkY_F089.jpg,ymCBZ6xXJkY,-0.0049,a pouch or sachet of gutka or pan masala with visible branding,792.3,0.2180
1120,PROMOTIONAL_f5m68k2yyfo_F007.jpg,f5m68k2yyfo,-0.0049,"a cigar being smoked, clearly visible",266.4,0.2409
1121,PROMOTIONAL_eOXk8As-HZk_F108.jpg,eOXk8As-HZk,-0.0049,"a cigar being smoked, clearly visible",116.1,0.2282
1122,PROMOTIONAL_qXlhj_LwBNc_F089.jpg,qXlhj_LwBNc,-0.0049,"a can of beer, clearly visible",415.7,0.2466
1123,PROMOTIONAL_7VDOruS-i10_F037.jpg,7VDOruS-i10,-0.0049,"a vape or e-cigarette device, clearly visible",207.0,0.2266
1124,PROMOTIONAL_Lu747R2Ktis_F043.jpg,Lu747R2Ktis,-0.0050,"a person smoking a cigarette, cigarette clearly visible",374.1,0.2327
1125,PROMOTIONAL_H2qy5DVUOw8_F055.jpg,H2qy5DVUOw8,-0.0050,"a cigar being smoked, clearly visible",193.6,0.2178
1126,PROMOTIONAL_M98NqbcWdyI_F037.jpg,M98NqbcWdyI,-0.0050,"a can of beer, clearly visible",308.9,0.2334
1127,PROMOTIONAL_M98NqbcWdyI_F038.jpg,M98NqbcWdyI,-0.0050,"a can of beer, clearly visible",238.1,0.2350
1128,PROMOTIONAL_ZPkbtIBypb0_F161.jpg,ZPkbtIBypb0,-0.0051,a pouch or sachet of gutka or pan masala with visible branding,359.3,0.2347
1129,PROMOTIONAL_ZPkbtIBypb0_F186.jpg,ZPkbtIBypb0,-0.0051,"a can of beer, clearly visible",117.0,0.2363
1130,PROMOTIONAL_guFdyc-Rpj0_F005.jpg,guFdyc-Rpj0,-0.0051,"a cigar being smoked, clearly visible",114.1,0.2211
1131,PROMOTIONAL_2hv10KpfgXs_F021.jpg,2hv10KpfgXs,-0.0051,a photo of a cigarette pack,305.2,0.2503
1132,PROMOTIONAL_NEkFNbY2ZJU_F024.jpg,NEkFNbY2ZJU,-0.0051,a pouch or sachet of gutka or pan masala with visible branding,265.3,0.2191
1133,PROMOTIONAL_XxZ91r8k7HY_F022.jpg,XxZ91r8k7HY,-0.0051,"a cigar being smoked, clearly visible",2335.8,0.2157
1134,PROMOTIONAL_ymCBZ6xXJkY_F036.jpg,ymCBZ6xXJkY,-0.0051,"a person smoking a cigarette, cigarette clearly visible",195.3,0.2331
1135,PROMOTIONAL_gN8Ol4w9u6s_F091.jpg,gN8Ol4w9u6s,-0.0052,"a vape or e-cigarette device, clearly visible",724.3,0.2089
1136,PROMOTIONAL_5mwDEv-TSEk_F036.jpg,5mwDEv-TSEk,-0.0053,"a cigar being smoked, clearly visible",222.8,0.2287
1137,PROMOTIONAL_rIYna5PfdDU_F012.jpg,rIYna5PfdDU,-0.0053,"a vape or e-cigarette device, clearly visible",142.9,0.2257
1138,PROMOTIONAL_iEGY45xE5io_F052.jpg,iEGY45xE5io,-0.0053,"a vape or e-cigarette device, clearly visible",194.9,0.2145
1139,PROMOTIONAL_-vFLsll_Gpk_F014.jpg,-vFLsll_Gpk,-0.0053,"a glass of beer or wine, clearly visible",132.9,0.2348
1140,PROMOTIONAL_JWnkH7vjXTg_F018.jpg,JWnkH7vjXTg,-0.0053,"a cigar being smoked, clearly visible",2309.0,0.2176
1141,PROMOTIONAL_fmK0FYpaJ7E_F049.jpg,fmK0FYpaJ7E,-0.0053,"a cigar being smoked, clearly visible",136.8,0.2146
1142,PROMOTIONAL_kJofDnUYPhw_F332.jpg,kJofDnUYPhw,-0.0053,"a vape or e-cigarette device, clearly visible",174.5,0.2488
1143,PROMOTIONAL_rIYna5PfdDU_F036.jpg,rIYna5PfdDU,-0.0053,"a person smoking a cigarette, cigarette clearly visible",240.2,0.2303
1144,PROMOTIONAL_4rN1GAFrzi4_F101.jpg,4rN1GAFrzi4,-0.0054,"a can of beer, clearly visible",598.0,0.2117
1145,PROMOTIONAL_4rN1GAFrzi4_F099.jpg,4rN1GAFrzi4,-0.0054,"a can of beer, clearly visible",639.0,0.2223
1146,PROMOTIONAL_cz5n3qm1G8k_F007.jpg,cz5n3qm1G8k,-0.0054,"a person smoking a cigarette, cigarette clearly visible",226.6,0.2173
1147,PROMOTIONAL_hbQ4dEjaJ6c_F099.jpg,hbQ4dEjaJ6c,-0.0054,a pouch or sachet of gutka or pan masala with visible branding,218.4,0.2317
1148,PROMOTIONAL_ZPkbtIBypb0_F240.jpg,ZPkbtIBypb0,-0.0054,"a vape or e-cigarette device, clearly visible",305.9,0.2242
1149,PROMOTIONAL_gN8Ol4w9u6s_F073.jpg,gN8Ol4w9u6s,-0.0054,"a vape or e-cigarette device, clearly visible",237.9,0.2308
1150,PROMOTIONAL_hbQ4dEjaJ6c_F055.jpg,hbQ4dEjaJ6c,-0.0054,a pouch or sachet of gutka or pan masala with visible branding,201.3,0.2264
1151,PROMOTIONAL_JWnkH7vjXTg_F025.jpg,JWnkH7vjXTg,-0.0054,"a cigar being smoked, clearly visible",1319.0,0.2404
1152,PROMOTIONAL_XxZ91r8k7HY_F033.jpg,XxZ91r8k7HY,-0.0055,"a cigar being smoked, clearly visible",363.0,0.2444
1153,PROMOTIONAL_WxyusRiyLrA_F042.jpg,WxyusRiyLrA,-0.0055,"a cigar being smoked, clearly visible",148.2,0.2175
1154,PROMOTIONAL_oWPLQY-tESk_F041.jpg,oWPLQY-tESk,-0.0055,"a vape or e-cigarette device, clearly visible",173.4,0.2161
1155,PROMOTIONAL_DsWP_FrACgM_F010.jpg,DsWP_FrACgM,-0.0055,"a cigar being smoked, clearly visible",115.9,0.2128
1156,PROMOTIONAL_PkAjo3YgTSw_F007.jpg,PkAjo3YgTSw,-0.0055,a photo of a cigarette pack,192.8,0.2299
1157,PROMOTIONAL_kJofDnUYPhw_F162.jpg,kJofDnUYPhw,-0.0055,"a vape or e-cigarette device, clearly visible",137.3,0.2421
1158,PROMOTIONAL_kJofDnUYPhw_F107.jpg,kJofDnUYPhw,-0.0056,"a vape or e-cigarette device, clearly visible",226.6,0.2403
1159,PROMOTIONAL_ymCBZ6xXJkY_F073.jpg,ymCBZ6xXJkY,-0.0056,"a vape or e-cigarette device, clearly visible",183.2,0.2489
1160,PROMOTIONAL_A2GEyAxegRY_F011.jpg,A2GEyAxegRY,-0.0056,"a cigar being smoked, clearly visible",151.5,0.2240
1161,PROMOTIONAL_S2pF1WuMy2M_F026.jpg,S2pF1WuMy2M,-0.0056,"a person smoking a cigarette, cigarette clearly visible",874.2,0.2219
1162,PROMOTIONAL_Tl8jMFYa60o_F040.jpg,Tl8jMFYa60o,-0.0056,"a cigar being smoked, clearly visible",366.0,0.2489
1163,PROMOTIONAL_A2GEyAxegRY_F075.jpg,A2GEyAxegRY,-0.0057,"a vape or e-cigarette device, clearly visible",149.0,0.2317
1164,PROMOTIONAL_i8sQcC6wF1Q_F044.jpg,i8sQcC6wF1Q,-0.0057,a pouch or sachet of gutka or pan masala with visible branding,209.7,0.2097
1165,PROMOTIONAL_guFdyc-Rpj0_F015.jpg,guFdyc-Rpj0,-0.0057,"a cigar being smoked, clearly visible",403.1,0.2145
1166,PROMOTIONAL_M98NqbcWdyI_F013.jpg,M98NqbcWdyI,-0.0057,"a can of beer, clearly visible",226.0,0.2193
1167,PROMOTIONAL_A2GEyAxegRY_F048.jpg,A2GEyAxegRY,-0.0057,"a can of beer, clearly visible",292.1,0.2236
1168,PROMOTIONAL_-KtN-Sz1iMA_F018.jpg,-KtN-Sz1iMA,-0.0057,"a cigar being smoked, clearly visible",661.2,0.2517
1169,PROMOTIONAL_rIYna5PfdDU_F027.jpg,rIYna5PfdDU,-0.0057,"a vape or e-cigarette device, clearly visible",140.6,0.2646
1170,PROMOTIONAL_ZPkbtIBypb0_F196.jpg,ZPkbtIBypb0,-0.0057,"a cigar being smoked, clearly visible",500.7,0.2274
1171,PROMOTIONAL_ZPkbtIBypb0_F242.jpg,ZPkbtIBypb0,-0.0058,"a person smoking a cigarette, cigarette clearly visible",322.0,0.2168
1172,PROMOTIONAL_d87xnW1n3Ms_F010.jpg,d87xnW1n3Ms,-0.0058,"a glass of beer or wine, clearly visible",135.9,0.2521
1173,PROMOTIONAL_kJofDnUYPhw_F264.jpg,kJofDnUYPhw,-0.0059,"a can of beer, clearly visible",162.9,0.2373
1174,PROMOTIONAL_eDkDQ2sid4o_F021.jpg,eDkDQ2sid4o,-0.0059,"a cigar being smoked, clearly visible",158.4,0.2126
1175,PROMOTIONAL_ZPkbtIBypb0_F188.jpg,ZPkbtIBypb0,-0.0060,"a can of beer, clearly visible",406.0,0.2305
1176,PROMOTIONAL_Tl8jMFYa60o_F025.jpg,Tl8jMFYa60o,-0.0060,a pouch or sachet of gutka or pan masala with visible branding,311.0,0.2152
1177,PROMOTIONAL_hbQ4dEjaJ6c_F119.jpg,hbQ4dEjaJ6c,-0.0060,"a person smoking a cigarette, cigarette clearly visible",154.7,0.2209
1178,PROMOTIONAL_2hv10KpfgXs_F051.jpg,2hv10KpfgXs,-0.0060,"a person smoking a cigarette, cigarette clearly visible",113.9,0.2415
1179,PROMOTIONAL_IrEUXOE2JHA_F072.jpg,IrEUXOE2JHA,-0.0060,"a cigar being smoked, clearly visible",203.8,0.2350
1180,PROMOTIONAL_Tl8jMFYa60o_F033.jpg,Tl8jMFYa60o,-0.0060,a pouch or sachet of gutka or pan masala with visible branding,267.0,0.2227
1181,PROMOTIONAL_IrEUXOE2JHA_F004.jpg,IrEUXOE2JHA,-0.0060,"a vape or e-cigarette device, clearly visible",156.8,0.2533
1182,PROMOTIONAL_cz5n3qm1G8k_F011.jpg,cz5n3qm1G8k,-0.0060,"a vape or e-cigarette device, clearly visible",312.5,0.2239
1183,PROMOTIONAL_IrEUXOE2JHA_F065.jpg,IrEUXOE2JHA,-0.0061,"a cigar being smoked, clearly visible",325.2,0.2072
1184,PROMOTIONAL_Tl8jMFYa60o_F041.jpg,Tl8jMFYa60o,-0.0061,"a cigar being smoked, clearly visible",357.9,0.2223
1185,PROMOTIONAL_EAnIJkAsP14_F064.jpg,EAnIJkAsP14,-0.0061,"a can of beer, clearly visible",198.6,0.2203
1186,PROMOTIONAL_kJofDnUYPhw_F247.jpg,kJofDnUYPhw,-0.0061,"a cigar being smoked, clearly visible",141.0,0.2355
1187,PROMOTIONAL_ZPkbtIBypb0_F235.jpg,ZPkbtIBypb0,-0.0061,a pouch or sachet of gutka or pan masala with visible branding,410.3,0.2208
1188,PROMOTIONAL_H2qy5DVUOw8_F021.jpg,H2qy5DVUOw8,-0.0062,"a person smoking a cigarette, cigarette clearly visible",309.1,0.2189
1189,PROMOTIONAL_BJpdusGS8Ak_F019.jpg,BJpdusGS8Ak,-0.0062,"a glass of beer or wine, clearly visible",150.6,0.2480
1190,PROMOTIONAL_ZPkbtIBypb0_F261.jpg,ZPkbtIBypb0,-0.0062,"a vape or e-cigarette device, clearly visible",311.2,0.2462
1191,PROMOTIONAL_4rN1GAFrzi4_F028.jpg,4rN1GAFrzi4,-0.0062,"a person smoking a cigarette, cigarette clearly visible",638.2,0.2348
1192,PROMOTIONAL_kJofDnUYPhw_F194.jpg,kJofDnUYPhw,-0.0062,"a cigar being smoked, clearly visible",261.1,0.2282
1193,PROMOTIONAL_ymCBZ6xXJkY_F087.jpg,ymCBZ6xXJkY,-0.0062,"a can of beer, clearly visible",577.3,0.2151
1194,PROMOTIONAL_WxyusRiyLrA_F032.jpg,WxyusRiyLrA,-0.0062,"a cigar being smoked, clearly visible",102.1,0.2422
1195,PROMOTIONAL_7M7oRkAaujg_F035.jpg,7M7oRkAaujg,-0.0062,"a person smoking a cigarette, cigarette clearly visible",179.5,0.2171
1196,PROMOTIONAL_RnL8eDxT7Cg_F090.jpg,RnL8eDxT7Cg,-0.0062,"a cigar being smoked, clearly visible",373.0,0.2497
1197,PROMOTIONAL_XxZ91r8k7HY_F018.jpg,XxZ91r8k7HY,-0.0062,"a cigar being smoked, clearly visible",1003.7,0.2247
1198,PROMOTIONAL_2hv10KpfgXs_F022.jpg,2hv10KpfgXs,-0.0063,a photo of a cigarette pack,303.1,0.2436
1199,PROMOTIONAL_RnL8eDxT7Cg_F109.jpg,RnL8eDxT7Cg,-0.0063,"a person smoking a cigarette, cigarette clearly visible",278.4,0.2315
1200,PROMOTIONAL_A2GEyAxegRY_F019.jpg,A2GEyAxegRY,-0.0063,a hookah pipe,187.4,0.2070
1201,PROMOTIONAL_gN8Ol4w9u6s_F070.jpg,gN8Ol4w9u6s,-0.0063,"a person smoking a cigarette, cigarette clearly visible",310.3,0.2330
1202,PROMOTIONAL_ZPkbtIBypb0_F177.jpg,ZPkbtIBypb0,-0.0063,"a can of beer, clearly visible",396.6,0.2279
1203,PROMOTIONAL_hvx16M1Pe9w_F027.jpg,hvx16M1Pe9w,-0.0063,"a vape or e-cigarette device, clearly visible",276.1,0.2138
1204,PROMOTIONAL_TX5r8OEXhEk_F014.jpg,TX5r8OEXhEk,-0.0063,"a cigar being smoked, clearly visible",425.1,0.2161
1205,PROMOTIONAL_ehkKKPTZhAA_F010.jpg,ehkKKPTZhAA,-0.0063,"a vape or e-cigarette device, clearly visible",171.2,0.2184
1206,PROMOTIONAL_M98NqbcWdyI_F050.jpg,M98NqbcWdyI,-0.0063,"a cigar being smoked, clearly visible",210.2,0.2178
1207,PROMOTIONAL_qXlhj_LwBNc_F062.jpg,qXlhj_LwBNc,-0.0064,"a can of beer, clearly visible",246.6,0.2323
1208,PROMOTIONAL_V30umsF1l7c_F008.jpg,V30umsF1l7c,-0.0064,"a vape or e-cigarette device, clearly visible",1429.8,0.2073
1209,PROMOTIONAL_M98NqbcWdyI_F024.jpg,M98NqbcWdyI,-0.0064,"a vape or e-cigarette device, clearly visible",135.5,0.2479
1210,PROMOTIONAL_hvx16M1Pe9w_F016.jpg,hvx16M1Pe9w,-0.0064,"a vape or e-cigarette device, clearly visible",180.6,0.2280
1211,PROMOTIONAL_XxZ91r8k7HY_F038.jpg,XxZ91r8k7HY,-0.0064,"a person smoking a cigarette, cigarette clearly visible",167.8,0.2252
1212,PROMOTIONAL_TX5r8OEXhEk_F029.jpg,TX5r8OEXhEk,-0.0064,"a person smoking a cigarette, cigarette clearly visible",872.8,0.2321
1213,PROMOTIONAL_A2GEyAxegRY_F031.jpg,A2GEyAxegRY,-0.0064,"a can of beer, clearly visible",287.1,0.2147
1214,PROMOTIONAL_IrEUXOE2JHA_F081.jpg,IrEUXOE2JHA,-0.0064,"a vape or e-cigarette device, clearly visible",110.2,0.2351
1215,PROMOTIONAL_qXlhj_LwBNc_F017.jpg,qXlhj_LwBNc,-0.0064,"a cigar being smoked, clearly visible",287.1,0.2368
1216,PROMOTIONAL_mt4Cf63vFyI_F006.jpg,mt4Cf63vFyI,-0.0064,"a can of beer, clearly visible",435.1,0.2217
1217,PROMOTIONAL_gN8Ol4w9u6s_F017.jpg,gN8Ol4w9u6s,-0.0065,"a vape or e-cigarette device, clearly visible",116.2,0.2330
1218,PROMOTIONAL_A2GEyAxegRY_F006.jpg,A2GEyAxegRY,-0.0065,"a vape or e-cigarette device, clearly visible",154.3,0.2232
1219,PROMOTIONAL_ZPkbtIBypb0_F138.jpg,ZPkbtIBypb0,-0.0065,"a person smoking a cigarette, cigarette clearly visible",461.4,0.2167
1220,PROMOTIONAL_BJpdusGS8Ak_F021.jpg,BJpdusGS8Ak,-0.0065,"a glass of beer or wine, clearly visible",158.4,0.2608
1221,PROMOTIONAL_2gK6XVlfdK0_F010.jpg,2gK6XVlfdK0,-0.0066,"a person smoking a cigarette, cigarette clearly visible",419.4,0.2150
1222,PROMOTIONAL_ZjaOdXCXgJw_F050.jpg,ZjaOdXCXgJw,-0.0066,a pouch or sachet of gutka or pan masala with visible branding,299.2,0.2073
1223,PROMOTIONAL_ymCBZ6xXJkY_F077.jpg,ymCBZ6xXJkY,-0.0066,"a glass of beer or wine, clearly visible",174.7,0.2203
1224,PROMOTIONAL_MGrjU_VcO5E_F004.jpg,MGrjU_VcO5E,-0.0066,"a vape or e-cigarette device, clearly visible",509.9,0.2259
1225,PROMOTIONAL_hbQ4dEjaJ6c_F101.jpg,hbQ4dEjaJ6c,-0.0067,a photo of a cigarette pack,240.9,0.2164
1226,PROMOTIONAL_2gK6XVlfdK0_F007.jpg,2gK6XVlfdK0,-0.0067,"a person smoking a cigarette, cigarette clearly visible",647.5,0.2066
1227,PROMOTIONAL_kJofDnUYPhw_F161.jpg,kJofDnUYPhw,-0.0067,"a vape or e-cigarette device, clearly visible",140.3,0.2411
1228,PROMOTIONAL_4rN1GAFrzi4_F072.jpg,4rN1GAFrzi4,-0.0067,"a cigar being smoked, clearly visible",631.1,0.2227
1229,PROMOTIONAL_9VLJyBaIiMQ_F041.jpg,9VLJyBaIiMQ,-0.0068,"a cigar being smoked, clearly visible",398.9,0.2198
1230,PROMOTIONAL_ZPkbtIBypb0_F322.jpg,ZPkbtIBypb0,-0.0068,"a cigar being smoked, clearly visible",201.9,0.2373
1231,PROMOTIONAL_fmK0FYpaJ7E_F046.jpg,fmK0FYpaJ7E,-0.0068,"a cigar being smoked, clearly visible",107.4,0.2271
1232,PROMOTIONAL_M98NqbcWdyI_F015.jpg,M98NqbcWdyI,-0.0068,"a vape or e-cigarette device, clearly visible",159.7,0.2268
1233,PROMOTIONAL_BJpdusGS8Ak_F014.jpg,BJpdusGS8Ak,-0.0068,"a glass of beer or wine, clearly visible",168.9,0.2611
1234,PROMOTIONAL_XxZ91r8k7HY_F001.jpg,XxZ91r8k7HY,-0.0068,a photo of a cigarette pack,1115.2,0.2273
1235,PROMOTIONAL_TX5r8OEXhEk_F008.jpg,TX5r8OEXhEk,-0.0068,"a cigar being smoked, clearly visible",239.3,0.2089
1236,PROMOTIONAL_RnL8eDxT7Cg_F091.jpg,RnL8eDxT7Cg,-0.0068,"a cigar being smoked, clearly visible",237.9,0.2341
1237,PROMOTIONAL_ZjaOdXCXgJw_F006.jpg,ZjaOdXCXgJw,-0.0068,a pouch or sachet of gutka or pan masala with visible branding,346.4,0.2327
1238,PROMOTIONAL_4IP3zfr8Tvk_F138.jpg,4IP3zfr8Tvk,-0.0068,"a can of beer, clearly visible",142.9,0.2314
1239,PROMOTIONAL_iN7n_T5Jh54_F001.jpg,iN7n_T5Jh54,-0.0069,"a person smoking a cigarette, cigarette clearly visible",281.3,0.2311
1240,PROMOTIONAL_4rN1GAFrzi4_F071.jpg,4rN1GAFrzi4,-0.0069,"a cigar being smoked, clearly visible",651.7,0.2039
1241,PROMOTIONAL_Tl8jMFYa60o_F016.jpg,Tl8jMFYa60o,-0.0069,a pouch or sachet of gutka or pan masala with visible branding,451.0,0.2052
1242,PROMOTIONAL_XwgNLyk38sI_F039.jpg,XwgNLyk38sI,-0.0070,a pouch or sachet of gutka or pan masala with visible branding,161.8,0.2272
1243,PROMOTIONAL_NEkFNbY2ZJU_F028.jpg,NEkFNbY2ZJU,-0.0070,a pouch or sachet of gutka or pan masala with visible branding,217.5,0.2209
1244,PROMOTIONAL_FnULv0U14UY_F046.jpg,FnULv0U14UY,-0.0070,"a glass of beer or wine, clearly visible",143.0,0.2114
1245,PROMOTIONAL_hbQ4dEjaJ6c_F071.jpg,hbQ4dEjaJ6c,-0.0070,"a cigar being smoked, clearly visible",268.9,0.2283
1246,PROMOTIONAL_f5m68k2yyfo_F013.jpg,f5m68k2yyfo,-0.0070,"a person smoking a cigarette, cigarette clearly visible",770.2,0.2158
1247,PROMOTIONAL_ZPkbtIBypb0_F176.jpg,ZPkbtIBypb0,-0.0070,a pouch or sachet of gutka or pan masala with visible branding,271.6,0.2312
1248,PROMOTIONAL_Tl8jMFYa60o_F023.jpg,Tl8jMFYa60o,-0.0071,a pouch or sachet of gutka or pan masala with visible branding,283.2,0.2159
1249,PROMOTIONAL_5mwDEv-TSEk_F034.jpg,5mwDEv-TSEk,-0.0071,"a cigar being smoked, clearly visible",281.8,0.2263
1250,PROMOTIONAL_S2pF1WuMy2M_F029.jpg,S2pF1WuMy2M,-0.0071,a pouch or sachet of gutka or pan masala with visible branding,953.6,0.2171
1251,PROMOTIONAL_BJpdusGS8Ak_F060.jpg,BJpdusGS8Ak,-0.0071,"a cigar being smoked, clearly visible",101.4,0.2087
1252,PROMOTIONAL_ZPkbtIBypb0_F191.jpg,ZPkbtIBypb0,-0.0071,"a can of beer, clearly visible",181.8,0.2302
1253,PROMOTIONAL_XxZ91r8k7HY_F043.jpg,XxZ91r8k7HY,-0.0071,"a person smoking a cigarette, cigarette clearly visible",199.6,0.2123
1254,PROMOTIONAL_iEGY45xE5io_F050.jpg,iEGY45xE5io,-0.0071,"a vape or e-cigarette device, clearly visible",214.8,0.2285
1255,PROMOTIONAL_hvx16M1Pe9w_F024.jpg,hvx16M1Pe9w,-0.0071,"a vape or e-cigarette device, clearly visible",311.8,0.2246
1256,PROMOTIONAL_H2qy5DVUOw8_F044.jpg,H2qy5DVUOw8,-0.0071,"a person smoking a cigarette, cigarette clearly visible",120.4,0.2179
1257,PROMOTIONAL_iEGY45xE5io_F046.jpg,iEGY45xE5io,-0.0071,"a vape or e-cigarette device, clearly visible",198.2,0.2058
1258,PROMOTIONAL_A2GEyAxegRY_F036.jpg,A2GEyAxegRY,-0.0072,"a person smoking a cigarette, cigarette clearly visible",250.8,0.2196
1259,PROMOTIONAL_qXlhj_LwBNc_F040.jpg,qXlhj_LwBNc,-0.0072,"a can of beer, clearly visible",371.7,0.2176
1260,PROMOTIONAL_7M7oRkAaujg_F053.jpg,7M7oRkAaujg,-0.0072,"a person smoking a cigarette, cigarette clearly visible",399.2,0.2280
1261,PROMOTIONAL_5mwDEv-TSEk_F061.jpg,5mwDEv-TSEk,-0.0072,"a can of beer, clearly visible",370.8,0.2132
1262,PROMOTIONAL_7M7oRkAaujg_F054.jpg,7M7oRkAaujg,-0.0072,"a person smoking a cigarette, cigarette clearly visible",456.7,0.2277
1263,PROMOTIONAL_5mwDEv-TSEk_F023.jpg,5mwDEv-TSEk,-0.0072,"a can of beer, clearly visible",470.0,0.2290
1264,PROMOTIONAL_7M7oRkAaujg_F009.jpg,7M7oRkAaujg,-0.0072,"a person smoking a cigarette, cigarette clearly visible",117.4,0.2128
1265,PROMOTIONAL_qXlhj_LwBNc_F013.jpg,qXlhj_LwBNc,-0.0072,"a cigar being smoked, clearly visible",216.6,0.2285
1266,PROMOTIONAL_DfohsAEWphs_F032.jpg,DfohsAEWphs,-0.0073,"a cigar being smoked, clearly visible",287.8,0.2237
1267,PROMOTIONAL_IrEUXOE2JHA_F055.jpg,IrEUXOE2JHA,-0.0073,"a cigar being smoked, clearly visible",201.9,0.2111
1268,PROMOTIONAL_4IP3zfr8Tvk_F083.jpg,4IP3zfr8Tvk,-0.0073,"a can of beer, clearly visible",157.8,0.2323
1269,PROMOTIONAL_ZPkbtIBypb0_F154.jpg,ZPkbtIBypb0,-0.0073,"a vape or e-cigarette device, clearly visible",473.1,0.2428
1270,PROMOTIONAL_Lu747R2Ktis_F002.jpg,Lu747R2Ktis,-0.0073,"a cigar being smoked, clearly visible",1374.3,0.2244
1271,PROMOTIONAL_qXlhj_LwBNc_F041.jpg,qXlhj_LwBNc,-0.0073,"a cigar being smoked, clearly visible",310.7,0.2258
1272,PROMOTIONAL_7VDOruS-i10_F022.jpg,7VDOruS-i10,-0.0073,"a vape or e-cigarette device, clearly visible",136.6,0.2113
1273,PROMOTIONAL_ZPkbtIBypb0_F271.jpg,ZPkbtIBypb0,-0.0073,"a person smoking a cigarette, cigarette clearly visible",254.5,0.2415
1274,PROMOTIONAL_IrEUXOE2JHA_F073.jpg,IrEUXOE2JHA,-0.0073,"a person smoking a cigarette, cigarette clearly visible",229.7,0.2198
1275,PROMOTIONAL_4IP3zfr8Tvk_F119.jpg,4IP3zfr8Tvk,-0.0074,"a can of beer, clearly visible",129.7,0.2377
1276,PROMOTIONAL_kJofDnUYPhw_F156.jpg,kJofDnUYPhw,-0.0074,"a vape or e-cigarette device, clearly visible",238.2,0.2349
1277,PROMOTIONAL_S2pF1WuMy2M_F028.jpg,S2pF1WuMy2M,-0.0074,"a person smoking a cigarette, cigarette clearly visible",694.6,0.2205
1278,PROMOTIONAL_Tl8jMFYa60o_F008.jpg,Tl8jMFYa60o,-0.0074,a pouch or sachet of gutka or pan masala with visible branding,298.5,0.2233
1279,PROMOTIONAL_qXlhj_LwBNc_F015.jpg,qXlhj_LwBNc,-0.0074,"a cigar being smoked, clearly visible",169.6,0.2178
1280,PROMOTIONAL_ZPkbtIBypb0_F156.jpg,ZPkbtIBypb0,-0.0074,a pouch or sachet of gutka or pan masala with visible branding,294.6,0.2471
1281,PROMOTIONAL_hbQ4dEjaJ6c_F103.jpg,hbQ4dEjaJ6c,-0.0074,"a vape or e-cigarette device, clearly visible",170.7,0.2074
1282,PROMOTIONAL_A2GEyAxegRY_F020.jpg,A2GEyAxegRY,-0.0074,"a cigar being smoked, clearly visible",155.9,0.2392
1283,PROMOTIONAL_i8sQcC6wF1Q_F059.jpg,i8sQcC6wF1Q,-0.0074,a pouch or sachet of gutka or pan masala with visible branding,687.3,0.2319
1284,PROMOTIONAL_AMK9MrKAXKw_F009.jpg,AMK9MrKAXKw,-0.0074,"a person smoking a cigarette, cigarette clearly visible",219.9,0.2206
1285,PROMOTIONAL_hbQ4dEjaJ6c_F019.jpg,hbQ4dEjaJ6c,-0.0075,"a can of beer, clearly visible",273.6,0.2350
1286,PROMOTIONAL_NEkFNbY2ZJU_F056.jpg,NEkFNbY2ZJU,-0.0075,a pouch or sachet of gutka or pan masala with visible branding,304.8,0.2404
1287,PROMOTIONAL_7M7oRkAaujg_F013.jpg,7M7oRkAaujg,-0.0075,"a cigar being smoked, clearly visible",315.6,0.2305
1288,PROMOTIONAL_kJofDnUYPhw_F054.jpg,kJofDnUYPhw,-0.0075,"a vape or e-cigarette device, clearly visible",100.2,0.2351
1289,PROMOTIONAL_EAnIJkAsP14_F047.jpg,EAnIJkAsP14,-0.0075,"a cigar being smoked, clearly visible",244.1,0.1984
1290,PROMOTIONAL_H2qy5DVUOw8_F028.jpg,H2qy5DVUOw8,-0.0075,"a cigar being smoked, clearly visible",254.1,0.2356
1291,PROMOTIONAL_5rX-wl7b5Vg_F011.jpg,5rX-wl7b5Vg,-0.0075,"a cigar being smoked, clearly visible",943.2,0.2114
1292,PROMOTIONAL_BwlGHrC73tA_F024.jpg,BwlGHrC73tA,-0.0075,"a person smoking a cigarette, cigarette clearly visible",125.3,0.2374
1293,PROMOTIONAL_5mwDEv-TSEk_F074.jpg,5mwDEv-TSEk,-0.0075,a pouch or sachet of gutka or pan masala with visible branding,424.3,0.2268
1294,PROMOTIONAL_i8sQcC6wF1Q_F045.jpg,i8sQcC6wF1Q,-0.0075,a pouch or sachet of gutka or pan masala with visible branding,215.2,0.2127
1295,PROMOTIONAL_XwgNLyk38sI_F035.jpg,XwgNLyk38sI,-0.0076,a pouch or sachet of gutka or pan masala with visible branding,100.3,0.2247
1296,PROMOTIONAL_5mwDEv-TSEk_F006.jpg,5mwDEv-TSEk,-0.0076,"a cigar being smoked, clearly visible",194.3,0.2407
1297,PROMOTIONAL_ymCBZ6xXJkY_F060.jpg,ymCBZ6xXJkY,-0.0076,"a cigar being smoked, clearly visible",299.6,0.2202
1298,PROMOTIONAL_ZPkbtIBypb0_F238.jpg,ZPkbtIBypb0,-0.0076,a pouch or sachet of gutka or pan masala with visible branding,394.0,0.2073
1299,PROMOTIONAL_ymCBZ6xXJkY_F082.jpg,ymCBZ6xXJkY,-0.0076,"a vape or e-cigarette device, clearly visible",540.1,0.2047
1300,PROMOTIONAL_gN8Ol4w9u6s_F199.jpg,gN8Ol4w9u6s,-0.0076,"a can of beer, clearly visible",181.7,0.2168
1301,PROMOTIONAL_V30umsF1l7c_F040.jpg,V30umsF1l7c,-0.0076,"a cigar being smoked, clearly visible",296.9,0.2241
1302,PROMOTIONAL_kHlPI8FDYNg_F026.jpg,kHlPI8FDYNg,-0.0076,"a cigar being smoked, clearly visible",319.3,0.2171
1303,PROMOTIONAL_gN8Ol4w9u6s_F095.jpg,gN8Ol4w9u6s,-0.0076,"a can of beer, clearly visible",112.2,0.2368
1304,PROMOTIONAL_kJofDnUYPhw_F087.jpg,kJofDnUYPhw,-0.0077,"a vape or e-cigarette device, clearly visible",200.5,0.2349
1305,PROMOTIONAL_V30umsF1l7c_F014.jpg,V30umsF1l7c,-0.0077,a photo of a cigarette pack,369.4,0.2200
1306,PROMOTIONAL_7M7oRkAaujg_F024.jpg,7M7oRkAaujg,-0.0077,"a person smoking a cigarette, cigarette clearly visible",404.2,0.2253
1307,PROMOTIONAL_hbQ4dEjaJ6c_F037.jpg,hbQ4dEjaJ6c,-0.0077,a pouch or sachet of gutka or pan masala with visible branding,178.4,0.1972
1308,PROMOTIONAL_mt4Cf63vFyI_F017.jpg,mt4Cf63vFyI,-0.0077,"a can of beer, clearly visible",541.1,0.2256
1309,PROMOTIONAL_5mwDEv-TSEk_F019.jpg,5mwDEv-TSEk,-0.0077,"a person smoking a cigarette, cigarette clearly visible",286.2,0.2321
1310,PROMOTIONAL_iEGY45xE5io_F024.jpg,iEGY45xE5io,-0.0077,"a vape or e-cigarette device, clearly visible",170.3,0.2192
1311,PROMOTIONAL_kJofDnUYPhw_F068.jpg,kJofDnUYPhw,-0.0078,"a can of beer, clearly visible",366.8,0.2169
1312,PROMOTIONAL_RnL8eDxT7Cg_F100.jpg,RnL8eDxT7Cg,-0.0078,"a glass of beer or wine, clearly visible",332.5,0.2180
1313,PROMOTIONAL_ZPkbtIBypb0_F082.jpg,ZPkbtIBypb0,-0.0078,"a can of beer, clearly visible",271.3,0.2260
1314,PROMOTIONAL_Tl8jMFYa60o_F058.jpg,Tl8jMFYa60o,-0.0078,"a person smoking a cigarette, cigarette clearly visible",290.0,0.2256
1315,PROMOTIONAL_XxZ91r8k7HY_F042.jpg,XxZ91r8k7HY,-0.0078,"a person smoking a cigarette, cigarette clearly visible",170.7,0.2166
1316,PROMOTIONAL_DfohsAEWphs_F030.jpg,DfohsAEWphs,-0.0078,"a vape or e-cigarette device, clearly visible",284.3,0.1950
1317,PROMOTIONAL_5mwDEv-TSEk_F082.jpg,5mwDEv-TSEk,-0.0079,"a cigar being smoked, clearly visible",199.4,0.2193
1318,PROMOTIONAL_tEQISjSXuiE_F019.jpg,tEQISjSXuiE,-0.0079,"a cigar being smoked, clearly visible",143.6,0.2430
1319,PROMOTIONAL_oC9BCdJmuZc_F015.jpg,oC9BCdJmuZc,-0.0079,"a vape or e-cigarette device, clearly visible",119.5,0.2246
1320,PROMOTIONAL_RnL8eDxT7Cg_F041.jpg,RnL8eDxT7Cg,-0.0079,"a cigar being smoked, clearly visible",442.4,0.2155
1321,PROMOTIONAL_tEQISjSXuiE_F052.jpg,tEQISjSXuiE,-0.0079,"a can of beer, clearly visible",184.7,0.2252
1322,PROMOTIONAL_4IP3zfr8Tvk_F022.jpg,4IP3zfr8Tvk,-0.0079,"a cigar being smoked, clearly visible",153.7,0.2364
1323,PROMOTIONAL_M98NqbcWdyI_F022.jpg,M98NqbcWdyI,-0.0080,"a vape or e-cigarette device, clearly visible",104.2,0.2347
1324,PROMOTIONAL_rIYna5PfdDU_F018.jpg,rIYna5PfdDU,-0.0080,a pouch or sachet of gutka or pan masala with visible branding,345.6,0.2070
1325,PROMOTIONAL_OWDIGDyOhcI_F047.jpg,OWDIGDyOhcI,-0.0080,"a cigar being smoked, clearly visible",297.2,0.2256
1326,PROMOTIONAL_ZPkbtIBypb0_F243.jpg,ZPkbtIBypb0,-0.0080,"a vape or e-cigarette device, clearly visible",595.1,0.2318
1327,PROMOTIONAL_iN7n_T5Jh54_F050.jpg,iN7n_T5Jh54,-0.0080,"a person smoking a cigarette, cigarette clearly visible",258.2,0.2145
1328,PROMOTIONAL_hbQ4dEjaJ6c_F044.jpg,hbQ4dEjaJ6c,-0.0081,"a vape or e-cigarette device, clearly visible",155.5,0.2138
1329,PROMOTIONAL_kJofDnUYPhw_F071.jpg,kJofDnUYPhw,-0.0081,"a vape or e-cigarette device, clearly visible",219.6,0.2034
1330,PROMOTIONAL_7M7oRkAaujg_F041.jpg,7M7oRkAaujg,-0.0081,"a cigar being smoked, clearly visible",145.3,0.2283
1331,PROMOTIONAL_qXlhj_LwBNc_F042.jpg,qXlhj_LwBNc,-0.0081,"a cigar being smoked, clearly visible",362.5,0.2122
1332,PROMOTIONAL_i8sQcC6wF1Q_F027.jpg,i8sQcC6wF1Q,-0.0081,"a person smoking a cigarette, cigarette clearly visible",228.0,0.2132
1333,PROMOTIONAL_kJofDnUYPhw_F306.jpg,kJofDnUYPhw,-0.0081,"a can of beer, clearly visible",153.9,0.2358
1334,PROMOTIONAL_7VDOruS-i10_F034.jpg,7VDOruS-i10,-0.0081,"a cigar being smoked, clearly visible",135.4,0.2378
1335,PROMOTIONAL_OWSC-C447aY_F061.jpg,OWSC-C447aY,-0.0081,a pouch or sachet of gutka or pan masala with visible branding,251.9,0.2756
1336,PROMOTIONAL_RnL8eDxT7Cg_F105.jpg,RnL8eDxT7Cg,-0.0081,"a cigar being smoked, clearly visible",279.2,0.2303
1337,PROMOTIONAL_BwlGHrC73tA_F106.jpg,BwlGHrC73tA,-0.0081,"a person smoking a cigarette, cigarette clearly visible",118.7,0.2238
1338,PROMOTIONAL_7M7oRkAaujg_F046.jpg,7M7oRkAaujg,-0.0082,"a person smoking a cigarette, cigarette clearly visible",149.9,0.2498
1339,PROMOTIONAL_zNfEfnyxE6c_F008.jpg,zNfEfnyxE6c,-0.0082,"a vape or e-cigarette device, clearly visible",263.3,0.2270
1340,PROMOTIONAL_ehkKKPTZhAA_F011.jpg,ehkKKPTZhAA,-0.0082,"a vape or e-cigarette device, clearly visible",164.0,0.2226
1341,PROMOTIONAL_4rN1GAFrzi4_F014.jpg,4rN1GAFrzi4,-0.0082,"a cigar being smoked, clearly visible",547.0,0.2170
1342,PROMOTIONAL_NEkFNbY2ZJU_F020.jpg,NEkFNbY2ZJU,-0.0082,"a can of beer, clearly visible",296.8,0.2193
1343,PROMOTIONAL_5mwDEv-TSEk_F035.jpg,5mwDEv-TSEk,-0.0082,"a cigar being smoked, clearly visible",219.1,0.2247
1344,PROMOTIONAL_WxyusRiyLrA_F033.jpg,WxyusRiyLrA,-0.0082,"a can of beer, clearly visible",169.1,0.2442
1345,PROMOTIONAL_2gK6XVlfdK0_F015.jpg,2gK6XVlfdK0,-0.0083,"a person smoking a cigarette, cigarette clearly visible",572.1,0.2152
1346,PROMOTIONAL_Hb8o6UzLB-k_F010.jpg,Hb8o6UzLB-k,-0.0083,"a cigar being smoked, clearly visible",222.1,0.2094
1347,PROMOTIONAL_kJofDnUYPhw_F075.jpg,kJofDnUYPhw,-0.0083,a pouch or sachet of gutka or pan masala with visible branding,233.3,0.2048
1348,PROMOTIONAL_ymCBZ6xXJkY_F061.jpg,ymCBZ6xXJkY,-0.0083,"a vape or e-cigarette device, clearly visible",128.2,0.2226
1349,PROMOTIONAL_rIYna5PfdDU_F023.jpg,rIYna5PfdDU,-0.0084,"a vape or e-cigarette device, clearly visible",349.6,0.2206
1350,PROMOTIONAL_5mwDEv-TSEk_F050.jpg,5mwDEv-TSEk,-0.0084,"a cigar being smoked, clearly visible",203.7,0.2373
1351,PROMOTIONAL_A2GEyAxegRY_F098.jpg,A2GEyAxegRY,-0.0084,"a person smoking a cigarette, cigarette clearly visible",226.9,0.2098
1352,PROMOTIONAL_4rN1GAFrzi4_F118.jpg,4rN1GAFrzi4,-0.0084,a pouch or sachet of gutka or pan masala with visible branding,606.5,0.2113
1353,PROMOTIONAL_kHlPI8FDYNg_F017.jpg,kHlPI8FDYNg,-0.0084,"a cigar being smoked, clearly visible",221.8,0.2253
1354,PROMOTIONAL_IrEUXOE2JHA_F080.jpg,IrEUXOE2JHA,-0.0084,"a person smoking a cigarette, cigarette clearly visible",103.0,0.2217
1355,PROMOTIONAL_H2qy5DVUOw8_F050.jpg,H2qy5DVUOw8,-0.0084,"a cigar being smoked, clearly visible",260.5,0.2292
1356,PROMOTIONAL_DfohsAEWphs_F025.jpg,DfohsAEWphs,-0.0084,"a vape or e-cigarette device, clearly visible",248.5,0.2248
1357,PROMOTIONAL_hbQ4dEjaJ6c_F137.jpg,hbQ4dEjaJ6c,-0.0084,a pouch or sachet of gutka or pan masala with visible branding,246.6,0.2179
1358,PROMOTIONAL_qXlhj_LwBNc_F036.jpg,qXlhj_LwBNc,-0.0085,"a can of beer, clearly visible",275.8,0.2180
1359,PROMOTIONAL_o2cFKv3Sb_8_F029.jpg,o2cFKv3Sb_8,-0.0085,"a cigar being smoked, clearly visible",533.8,0.2256
1360,PROMOTIONAL_IrEUXOE2JHA_F074.jpg,IrEUXOE2JHA,-0.0085,"a cigar being smoked, clearly visible",176.6,0.2247
1361,PROMOTIONAL_kJofDnUYPhw_F148.jpg,kJofDnUYPhw,-0.0085,"a cigar being smoked, clearly visible",186.5,0.2331
1362,PROMOTIONAL_ZjaOdXCXgJw_F017.jpg,ZjaOdXCXgJw,-0.0085,"a can of beer, clearly visible",158.7,0.2179
1363,PROMOTIONAL_A2GEyAxegRY_F081.jpg,A2GEyAxegRY,-0.0085,"a vape or e-cigarette device, clearly visible",156.7,0.2261
1364,PROMOTIONAL_gN8Ol4w9u6s_F083.jpg,gN8Ol4w9u6s,-0.0086,a pouch or sachet of gutka or pan masala with visible branding,245.8,0.2272
1365,PROMOTIONAL_RnL8eDxT7Cg_F059.jpg,RnL8eDxT7Cg,-0.0086,"a cigar being smoked, clearly visible",156.9,0.2310
1366,PROMOTIONAL_hvx16M1Pe9w_F029.jpg,hvx16M1Pe9w,-0.0086,"a vape or e-cigarette device, clearly visible",503.4,0.2257
1367,PROMOTIONAL_kHlPI8FDYNg_F031.jpg,kHlPI8FDYNg,-0.0086,"a person smoking a cigarette, cigarette clearly visible",149.0,0.2429
1368,PROMOTIONAL_hbQ4dEjaJ6c_F027.jpg,hbQ4dEjaJ6c,-0.0086,"a vape or e-cigarette device, clearly visible",328.2,0.2236
1369,PROMOTIONAL_NEkFNbY2ZJU_F009.jpg,NEkFNbY2ZJU,-0.0086,a pouch or sachet of gutka or pan masala with visible branding,353.5,0.2190
1370,PROMOTIONAL_Tl8jMFYa60o_F003.jpg,Tl8jMFYa60o,-0.0086,"a cigar being smoked, clearly visible",257.2,0.2408
1371,PROMOTIONAL_kJofDnUYPhw_F152.jpg,kJofDnUYPhw,-0.0086,"a person smoking a cigarette, cigarette clearly visible",102.4,0.2362
1372,PROMOTIONAL_ymCBZ6xXJkY_F034.jpg,ymCBZ6xXJkY,-0.0086,"a vape or e-cigarette device, clearly visible",111.0,0.2346
1373,PROMOTIONAL_gN8Ol4w9u6s_F001.jpg,gN8Ol4w9u6s,-0.0087,a photo of a cigarette pack,188.3,0.2210
1374,PROMOTIONAL_ymCBZ6xXJkY_F039.jpg,ymCBZ6xXJkY,-0.0087,"a person smoking a cigarette, cigarette clearly visible",299.2,0.2158
1375,PROMOTIONAL_A2GEyAxegRY_F008.jpg,A2GEyAxegRY,-0.0087,"a cigar being smoked, clearly visible",326.0,0.2281
1376,PROMOTIONAL_IrEUXOE2JHA_F019.jpg,IrEUXOE2JHA,-0.0087,"a person smoking a cigarette, cigarette clearly visible",263.0,0.2281
1377,PROMOTIONAL_EAnIJkAsP14_F036.jpg,EAnIJkAsP14,-0.0087,"a cigar being smoked, clearly visible",577.2,0.2103
1378,PROMOTIONAL_i8sQcC6wF1Q_F035.jpg,i8sQcC6wF1Q,-0.0087,a pouch or sachet of gutka or pan masala with visible branding,274.5,0.2251
1379,PROMOTIONAL_Lu747R2Ktis_F038.jpg,Lu747R2Ktis,-0.0087,"a cigar being smoked, clearly visible",453.2,0.2242
1380,PROMOTIONAL_ZPkbtIBypb0_F164.jpg,ZPkbtIBypb0,-0.0087,"a person smoking a cigarette, cigarette clearly visible",307.0,0.2453
1381,PROMOTIONAL_Tl8jMFYa60o_F032.jpg,Tl8jMFYa60o,-0.0088,a pouch or sachet of gutka or pan masala with visible branding,274.7,0.2137
1382,PROMOTIONAL_NEkFNbY2ZJU_F050.jpg,NEkFNbY2ZJU,-0.0088,"a can of beer, clearly visible",246.7,0.1994
1383,PROMOTIONAL_4rN1GAFrzi4_F004.jpg,4rN1GAFrzi4,-0.0088,"a cigar being smoked, clearly visible",469.0,0.2228
1384,PROMOTIONAL_7M7oRkAaujg_F055.jpg,7M7oRkAaujg,-0.0088,"a person smoking a cigarette, cigarette clearly visible",510.2,0.2268
1385,PROMOTIONAL_hbQ4dEjaJ6c_F043.jpg,hbQ4dEjaJ6c,-0.0089,"a vape or e-cigarette device, clearly visible",194.6,0.2077
1386,PROMOTIONAL_cz5n3qm1G8k_F003.jpg,cz5n3qm1G8k,-0.0090,"a person smoking a cigarette, cigarette clearly visible",188.3,0.2247
1387,PROMOTIONAL_kJofDnUYPhw_F171.jpg,kJofDnUYPhw,-0.0090,"a person smoking a cigarette, cigarette clearly visible",198.0,0.2258
1388,PROMOTIONAL_A2GEyAxegRY_F039.jpg,A2GEyAxegRY,-0.0090,"a cigar being smoked, clearly visible",348.4,0.2389
1389,PROMOTIONAL_RnL8eDxT7Cg_F042.jpg,RnL8eDxT7Cg,-0.0090,"a cigar being smoked, clearly visible",736.5,0.2135
1390,PROMOTIONAL_DfohsAEWphs_F017.jpg,DfohsAEWphs,-0.0091,"a person smoking a cigarette, cigarette clearly visible",452.6,0.2245
1391,PROMOTIONAL_ZPkbtIBypb0_F272.jpg,ZPkbtIBypb0,-0.0091,"a vape or e-cigarette device, clearly visible",397.2,0.2388
1392,PROMOTIONAL_iEGY45xE5io_F058.jpg,iEGY45xE5io,-0.0091,"a person smoking a cigarette, cigarette clearly visible",258.5,0.2130
1393,PROMOTIONAL_ZPkbtIBypb0_F260.jpg,ZPkbtIBypb0,-0.0092,"a can of beer, clearly visible",204.2,0.2246
1394,PROMOTIONAL_AkkChMJv4wA_F025.jpg,AkkChMJv4wA,-0.0092,a pouch or sachet of gutka or pan masala with visible branding,106.0,0.2216
1395,PROMOTIONAL_A2GEyAxegRY_F026.jpg,A2GEyAxegRY,-0.0092,"a person smoking a cigarette, cigarette clearly visible",257.7,0.2163
1396,PROMOTIONAL_9VLJyBaIiMQ_F037.jpg,9VLJyBaIiMQ,-0.0092,"a cigar being smoked, clearly visible",354.4,0.2256
1397,PROMOTIONAL_4rN1GAFrzi4_F111.jpg,4rN1GAFrzi4,-0.0092,"a person smoking a cigarette, cigarette clearly visible",400.8,0.2278
1398,PROMOTIONAL_i8sQcC6wF1Q_F034.jpg,i8sQcC6wF1Q,-0.0092,"a person smoking a cigarette, cigarette clearly visible",241.2,0.2112
1399,PROMOTIONAL_V30umsF1l7c_F010.jpg,V30umsF1l7c,-0.0092,"a vape or e-cigarette device, clearly visible",488.9,0.2209
1400,PROMOTIONAL_ZPkbtIBypb0_F245.jpg,ZPkbtIBypb0,-0.0092,"a vape or e-cigarette device, clearly visible",610.9,0.2430
1401,PROMOTIONAL_Hb8o6UzLB-k_F001.jpg,Hb8o6UzLB-k,-0.0092,"a can of beer, clearly visible",437.1,0.2104
1402,PROMOTIONAL_kJofDnUYPhw_F166.jpg,kJofDnUYPhw,-0.0092,"a cigar being smoked, clearly visible",219.6,0.2336
1403,PROMOTIONAL_A2GEyAxegRY_F097.jpg,A2GEyAxegRY,-0.0092,"a cigar being smoked, clearly visible",143.7,0.2161
1404,PROMOTIONAL_hvx16M1Pe9w_F025.jpg,hvx16M1Pe9w,-0.0093,"a vape or e-cigarette device, clearly visible",301.1,0.2203
1405,PROMOTIONAL_OWDIGDyOhcI_F059.jpg,OWDIGDyOhcI,-0.0093,a photo of a cigarette pack,368.8,0.2685
1406,PROMOTIONAL_EAnIJkAsP14_F039.jpg,EAnIJkAsP14,-0.0093,"a cigar being smoked, clearly visible",138.7,0.2072
1407,PROMOTIONAL_qXlhj_LwBNc_F088.jpg,qXlhj_LwBNc,-0.0093,"a can of beer, clearly visible",377.4,0.2294
1408,PROMOTIONAL_qXlhj_LwBNc_F005.jpg,qXlhj_LwBNc,-0.0093,"a person smoking a cigarette, cigarette clearly visible",158.0,0.2621
1409,PROMOTIONAL_DfohsAEWphs_F005.jpg,DfohsAEWphs,-0.0094,"a vape or e-cigarette device, clearly visible",400.8,0.2253
1410,PROMOTIONAL_XxZ91r8k7HY_F031.jpg,XxZ91r8k7HY,-0.0094,"a person smoking a cigarette, cigarette clearly visible",140.2,0.2113
1411,PROMOTIONAL_OWSC-C447aY_F037.jpg,OWSC-C447aY,-0.0094,"a person smoking a cigarette, cigarette clearly visible",177.3,0.2220
1412,PROMOTIONAL_Cei3cHfhn1w_F023.jpg,Cei3cHfhn1w,-0.0094,"a cigar being smoked, clearly visible",108.4,0.2144
1413,PROMOTIONAL_ZjaOdXCXgJw_F049.jpg,ZjaOdXCXgJw,-0.0094,a pouch or sachet of gutka or pan masala with visible branding,262.8,0.2128
1414,PROMOTIONAL_qXlhj_LwBNc_F026.jpg,qXlhj_LwBNc,-0.0094,"a can of beer, clearly visible",243.5,0.2155
1415,PROMOTIONAL_ymCBZ6xXJkY_F021.jpg,ymCBZ6xXJkY,-0.0095,"a vape or e-cigarette device, clearly visible",132.8,0.2440
1416,PROMOTIONAL_7M7oRkAaujg_F028.jpg,7M7oRkAaujg,-0.0095,"a cigar being smoked, clearly visible",644.6,0.2343
1417,PROMOTIONAL_hbQ4dEjaJ6c_F038.jpg,hbQ4dEjaJ6c,-0.0095,a hookah pipe,214.8,0.2239
1418,PROMOTIONAL_A2GEyAxegRY_F093.jpg,A2GEyAxegRY,-0.0095,"a vape or e-cigarette device, clearly visible",361.0,0.2155
1419,PROMOTIONAL_gN8Ol4w9u6s_F178.jpg,gN8Ol4w9u6s,-0.0095,"a person smoking a cigarette, cigarette clearly visible",113.7,0.2340
1420,PROMOTIONAL_mt4Cf63vFyI_F011.jpg,mt4Cf63vFyI,-0.0095,"a vape or e-cigarette device, clearly visible",201.8,0.2023
1421,PROMOTIONAL_gN8Ol4w9u6s_F114.jpg,gN8Ol4w9u6s,-0.0096,"a vape or e-cigarette device, clearly visible",359.9,0.2396
1422,PROMOTIONAL_A2GEyAxegRY_F083.jpg,A2GEyAxegRY,-0.0096,"a vape or e-cigarette device, clearly visible",418.9,0.2214
1423,PROMOTIONAL_f5m68k2yyfo_F015.jpg,f5m68k2yyfo,-0.0096,"a cigar being smoked, clearly visible",750.1,0.2207
1424,PROMOTIONAL_iEGY45xE5io_F033.jpg,iEGY45xE5io,-0.0096,"a person smoking a cigarette, cigarette clearly visible",293.1,0.2161
1425,PROMOTIONAL_Hb8o6UzLB-k_F005.jpg,Hb8o6UzLB-k,-0.0096,"a vape or e-cigarette device, clearly visible",234.0,0.2409
1426,PROMOTIONAL_4rN1GAFrzi4_F091.jpg,4rN1GAFrzi4,-0.0096,"a can of beer, clearly visible",671.2,0.2263
1427,PROMOTIONAL_4IP3zfr8Tvk_F049.jpg,4IP3zfr8Tvk,-0.0096,"a cigar being smoked, clearly visible",165.2,0.2150
1428,PROMOTIONAL_BwlGHrC73tA_F181.jpg,BwlGHrC73tA,-0.0096,"a can of beer, clearly visible",139.3,0.2253
1429,PROMOTIONAL_iEGY45xE5io_F028.jpg,iEGY45xE5io,-0.0097,"a can of beer, clearly visible",395.5,0.2125
1430,PROMOTIONAL_DsWP_FrACgM_F078.jpg,DsWP_FrACgM,-0.0097,"a vape or e-cigarette device, clearly visible",197.6,0.2333
1431,PROMOTIONAL_i8sQcC6wF1Q_F058.jpg,i8sQcC6wF1Q,-0.0097,a pouch or sachet of gutka or pan masala with visible branding,332.5,0.2208
1432,PROMOTIONAL_OWDIGDyOhcI_F028.jpg,OWDIGDyOhcI,-0.0097,"a cigar being smoked, clearly visible",379.7,0.2462
1433,PROMOTIONAL_4rN1GAFrzi4_F115.jpg,4rN1GAFrzi4,-0.0098,"a can of beer, clearly visible",494.5,0.2173
1434,PROMOTIONAL_RnL8eDxT7Cg_F030.jpg,RnL8eDxT7Cg,-0.0098,"a cigar being smoked, clearly visible",357.3,0.2233
1435,PROMOTIONAL_4IP3zfr8Tvk_F013.jpg,4IP3zfr8Tvk,-0.0098,a hookah pipe,217.3,0.2356
1436,PROMOTIONAL_BJpdusGS8Ak_F002.jpg,BJpdusGS8Ak,-0.0098,a photo of a cigarette pack,2486.4,0.1966
1437,PROMOTIONAL_H2qy5DVUOw8_F015.jpg,H2qy5DVUOw8,-0.0099,"a cigar being smoked, clearly visible",109.4,0.2253
1438,PROMOTIONAL_tvgJjsc0xUs_F016.jpg,tvgJjsc0xUs,-0.0099,a pouch or sachet of gutka or pan masala with visible branding,156.4,0.2144
1439,PROMOTIONAL_gN8Ol4w9u6s_F201.jpg,gN8Ol4w9u6s,-0.0099,a pouch or sachet of gutka or pan masala with visible branding,329.7,0.2268
1440,PROMOTIONAL_wE8AsupuJAI_F018.jpg,wE8AsupuJAI,-0.0099,"a cigar being smoked, clearly visible",148.6,0.2178
1441,PROMOTIONAL_rIYna5PfdDU_F024.jpg,rIYna5PfdDU,-0.0099,"a vape or e-cigarette device, clearly visible",366.9,0.2279
1442,PROMOTIONAL_iEGY45xE5io_F034.jpg,iEGY45xE5io,-0.0099,"a person smoking a cigarette, cigarette clearly visible",254.2,0.2158
1443,PROMOTIONAL_9VLJyBaIiMQ_F031.jpg,9VLJyBaIiMQ,-0.0099,"a vape or e-cigarette device, clearly visible",194.3,0.2176
1444,PROMOTIONAL_NEkFNbY2ZJU_F040.jpg,NEkFNbY2ZJU,-0.0099,"a can of beer, clearly visible",316.4,0.2281
1445,PROMOTIONAL_kJofDnUYPhw_F033.jpg,kJofDnUYPhw,-0.0100,"a vape or e-cigarette device, clearly visible",108.1,0.2288
1446,PROMOTIONAL_5mwDEv-TSEk_F056.jpg,5mwDEv-TSEk,-0.0100,"a cigar being smoked, clearly visible",199.9,0.2173
1447,PROMOTIONAL_-KtN-Sz1iMA_F022.jpg,-KtN-Sz1iMA,-0.0100,"a glass of beer or wine, clearly visible",155.0,0.2390
1448,PROMOTIONAL_7M7oRkAaujg_F056.jpg,7M7oRkAaujg,-0.0100,"a person smoking a cigarette, cigarette clearly visible",572.2,0.2434
1449,PROMOTIONAL_NEkFNbY2ZJU_F027.jpg,NEkFNbY2ZJU,-0.0100,"a person smoking a cigarette, cigarette clearly visible",481.0,0.2184
1450,PROMOTIONAL_hbQ4dEjaJ6c_F006.jpg,hbQ4dEjaJ6c,-0.0100,"a vape or e-cigarette device, clearly visible",222.9,0.2249
1451,PROMOTIONAL_ZPkbtIBypb0_F236.jpg,ZPkbtIBypb0,-0.0100,a pouch or sachet of gutka or pan masala with visible branding,381.8,0.2079
1452,PROMOTIONAL_f5m68k2yyfo_F016.jpg,f5m68k2yyfo,-0.0100,"a cigar being smoked, clearly visible",763.9,0.2311
1453,PROMOTIONAL_rIYna5PfdDU_F047.jpg,rIYna5PfdDU,-0.0100,"a vape or e-cigarette device, clearly visible",218.4,0.2284
1454,PROMOTIONAL_Q0yse1BaA8w_F008.jpg,Q0yse1BaA8w,-0.0100,a pouch or sachet of gutka or pan masala with visible branding,277.0,0.2118
1455,PROMOTIONAL_tEQISjSXuiE_F098.jpg,tEQISjSXuiE,-0.0100,"a cigar being smoked, clearly visible",237.7,0.2266
1456,PROMOTIONAL_OWDIGDyOhcI_F027.jpg,OWDIGDyOhcI,-0.0101,"a cigar being smoked, clearly visible",138.0,0.2453
1457,PROMOTIONAL_kJofDnUYPhw_F284.jpg,kJofDnUYPhw,-0.0101,"a cigar being smoked, clearly visible",103.6,0.2268
1458,PROMOTIONAL_Tl8jMFYa60o_F011.jpg,Tl8jMFYa60o,-0.0101,a pouch or sachet of gutka or pan masala with visible branding,242.9,0.2280
1459,PROMOTIONAL_tEQISjSXuiE_F058.jpg,tEQISjSXuiE,-0.0102,"a cigar being smoked, clearly visible",173.7,0.2290
1460,PROMOTIONAL_hbQ4dEjaJ6c_F016.jpg,hbQ4dEjaJ6c,-0.0102,"a cigar being smoked, clearly visible",214.5,0.2448
1461,PROMOTIONAL_hbQ4dEjaJ6c_F025.jpg,hbQ4dEjaJ6c,-0.0102,a pouch or sachet of gutka or pan masala with visible branding,165.7,0.2181
1462,PROMOTIONAL_V30umsF1l7c_F052.jpg,V30umsF1l7c,-0.0102,"a cigar being smoked, clearly visible",215.3,0.2189
1463,PROMOTIONAL_XwgNLyk38sI_F029.jpg,XwgNLyk38sI,-0.0102,"a cigar being smoked, clearly visible",130.3,0.2246
1464,PROMOTIONAL_-vFLsll_Gpk_F016.jpg,-vFLsll_Gpk,-0.0102,"a cigar being smoked, clearly visible",342.4,0.2272
1465,PROMOTIONAL_4rN1GAFrzi4_F037.jpg,4rN1GAFrzi4,-0.0102,"a person smoking a cigarette, cigarette clearly visible",671.4,0.2223
1466,PROMOTIONAL_Hb8o6UzLB-k_F025.jpg,Hb8o6UzLB-k,-0.0102,"a cigar being smoked, clearly visible",168.4,0.2310
1467,PROMOTIONAL_gN8Ol4w9u6s_F124.jpg,gN8Ol4w9u6s,-0.0102,"a vape or e-cigarette device, clearly visible",289.4,0.2124
1468,PROMOTIONAL_IrEUXOE2JHA_F021.jpg,IrEUXOE2JHA,-0.0102,"a person smoking a cigarette, cigarette clearly visible",180.7,0.2141
1469,PROMOTIONAL_hbQ4dEjaJ6c_F035.jpg,hbQ4dEjaJ6c,-0.0102,"a person smoking a cigarette, cigarette clearly visible",154.0,0.2213
1470,PROMOTIONAL_hbQ4dEjaJ6c_F014.jpg,hbQ4dEjaJ6c,-0.0102,"a person smoking a cigarette, cigarette clearly visible",152.7,0.2051
1471,PROMOTIONAL_kJofDnUYPhw_F053.jpg,kJofDnUYPhw,-0.0103,"a vape or e-cigarette device, clearly visible",104.8,0.2370
1472,PROMOTIONAL_gN8Ol4w9u6s_F119.jpg,gN8Ol4w9u6s,-0.0103,"a vape or e-cigarette device, clearly visible",300.0,0.2304
1473,PROMOTIONAL_4rN1GAFrzi4_F081.jpg,4rN1GAFrzi4,-0.0103,a pouch or sachet of gutka or pan masala with visible branding,487.0,0.2085
1474,PROMOTIONAL_A2GEyAxegRY_F051.jpg,A2GEyAxegRY,-0.0103,"a cigar being smoked, clearly visible",406.7,0.2137
1475,PROMOTIONAL_oC9BCdJmuZc_F034.jpg,oC9BCdJmuZc,-0.0104,"a cigar being smoked, clearly visible",866.9,0.2312
1476,PROMOTIONAL_A2GEyAxegRY_F028.jpg,A2GEyAxegRY,-0.0104,"a person smoking a cigarette, cigarette clearly visible",250.1,0.2187
1477,PROMOTIONAL_wE8AsupuJAI_F017.jpg,wE8AsupuJAI,-0.0104,"a cigar being smoked, clearly visible",171.2,0.2231
1478,PROMOTIONAL_5mwDEv-TSEk_F060.jpg,5mwDEv-TSEk,-0.0104,"a cigar being smoked, clearly visible",437.4,0.2206
1479,PROMOTIONAL_hvx16M1Pe9w_F022.jpg,hvx16M1Pe9w,-0.0104,a pouch or sachet of gutka or pan masala with visible branding,761.6,0.2100
1480,PROMOTIONAL_fmK0FYpaJ7E_F036.jpg,fmK0FYpaJ7E,-0.0104,"a cigar being smoked, clearly visible",123.5,0.2397
1481,PROMOTIONAL_sxrCjmqRTz0_F043.jpg,sxrCjmqRTz0,-0.0104,"a person smoking a cigarette, cigarette clearly visible",122.7,0.2739
1482,PROMOTIONAL_hvx16M1Pe9w_F021.jpg,hvx16M1Pe9w,-0.0104,a pouch or sachet of gutka or pan masala with visible branding,763.6,0.2086
1483,PROMOTIONAL_qXlhj_LwBNc_F064.jpg,qXlhj_LwBNc,-0.0104,"a can of beer, clearly visible",278.2,0.2257
1484,PROMOTIONAL_hbQ4dEjaJ6c_F145.jpg,hbQ4dEjaJ6c,-0.0105,a pouch or sachet of gutka or pan masala with visible branding,224.9,0.1954
1485,PROMOTIONAL_4IP3zfr8Tvk_F109.jpg,4IP3zfr8Tvk,-0.0105,"a cigar being smoked, clearly visible",102.9,0.2280
1486,PROMOTIONAL_V30umsF1l7c_F049.jpg,V30umsF1l7c,-0.0106,"a can of beer, clearly visible",270.6,0.2142
1487,PROMOTIONAL_V30umsF1l7c_F035.jpg,V30umsF1l7c,-0.0106,"a can of beer, clearly visible",493.1,0.2213
1488,PROMOTIONAL_kJofDnUYPhw_F181.jpg,kJofDnUYPhw,-0.0106,"a vape or e-cigarette device, clearly visible",258.4,0.2392
1489,PROMOTIONAL_cz5n3qm1G8k_F005.jpg,cz5n3qm1G8k,-0.0106,"a person smoking a cigarette, cigarette clearly visible",201.5,0.2228
1490,PROMOTIONAL_ZPkbtIBypb0_F187.jpg,ZPkbtIBypb0,-0.0106,"a can of beer, clearly visible",558.9,0.2126
1491,PROMOTIONAL_ZPkbtIBypb0_F257.jpg,ZPkbtIBypb0,-0.0106,"a person smoking a cigarette, cigarette clearly visible",438.7,0.2285
1492,PROMOTIONAL_gN8Ol4w9u6s_F078.jpg,gN8Ol4w9u6s,-0.0106,"a can of beer, clearly visible",287.2,0.2262
1493,PROMOTIONAL_ZPkbtIBypb0_F170.jpg,ZPkbtIBypb0,-0.0106,a pouch or sachet of gutka or pan masala with visible branding,243.7,0.2261
1494,PROMOTIONAL_kJofDnUYPhw_F159.jpg,kJofDnUYPhw,-0.0106,"a vape or e-cigarette device, clearly visible",162.0,0.2350
1495,PROMOTIONAL_hvx16M1Pe9w_F038.jpg,hvx16M1Pe9w,-0.0106,"a can of beer, clearly visible",595.9,0.2154
1496,PROMOTIONAL_ZPkbtIBypb0_F142.jpg,ZPkbtIBypb0,-0.0106,"a vape or e-cigarette device, clearly visible",393.6,0.2135
1497,PROMOTIONAL_4rN1GAFrzi4_F077.jpg,4rN1GAFrzi4,-0.0107,a pouch or sachet of gutka or pan masala with visible branding,566.8,0.2194
1498,PROMOTIONAL_kJofDnUYPhw_F157.jpg,kJofDnUYPhw,-0.0107,"a vape or e-cigarette device, clearly visible",223.5,0.2327
1499,PROMOTIONAL_o2cFKv3Sb_8_F006.jpg,o2cFKv3Sb_8,-0.0107,"a cigar being smoked, clearly visible",281.4,0.2135
1500,PROMOTIONAL_ZPkbtIBypb0_F134.jpg,ZPkbtIBypb0,-0.0107,"a vape or e-cigarette device, clearly visible",449.8,0.2283
1501,PROMOTIONAL_kJofDnUYPhw_F076.jpg,kJofDnUYPhw,-0.0107,"a vape or e-cigarette device, clearly visible",203.7,0.2080
1502,PROMOTIONAL_eXcoTo86OOw_F014.jpg,eXcoTo86OOw,-0.0107,"a cigar being smoked, clearly visible",108.2,0.2227
1503,PROMOTIONAL_DsWP_FrACgM_F023.jpg,DsWP_FrACgM,-0.0107,a pouch or sachet of gutka or pan masala with visible branding,154.9,0.2131
1504,PROMOTIONAL_oC9BCdJmuZc_F009.jpg,oC9BCdJmuZc,-0.0107,"a cigar being smoked, clearly visible",224.4,0.2270
1505,PROMOTIONAL_kJofDnUYPhw_F069.jpg,kJofDnUYPhw,-0.0107,"a vape or e-cigarette device, clearly visible",270.1,0.2093
1506,PROMOTIONAL_4IP3zfr8Tvk_F136.jpg,4IP3zfr8Tvk,-0.0108,"a can of beer, clearly visible",111.2,0.2177
1507,PROMOTIONAL_FnULv0U14UY_F003.jpg,FnULv0U14UY,-0.0108,a pouch or sachet of gutka or pan masala with visible branding,1008.7,0.2315
1508,PROMOTIONAL_ZPkbtIBypb0_F169.jpg,ZPkbtIBypb0,-0.0108,a pouch or sachet of gutka or pan masala with visible branding,317.5,0.2217
1509,PROMOTIONAL_gN8Ol4w9u6s_F064.jpg,gN8Ol4w9u6s,-0.0108,"a person smoking a cigarette, cigarette clearly visible",170.7,0.2317
1510,PROMOTIONAL_Hb8o6UzLB-k_F020.jpg,Hb8o6UzLB-k,-0.0108,"a cigar being smoked, clearly visible",582.0,0.2204
1511,PROMOTIONAL_cz5n3qm1G8k_F004.jpg,cz5n3qm1G8k,-0.0108,"a cigar being smoked, clearly visible",410.1,0.2112
1512,PROMOTIONAL_hbQ4dEjaJ6c_F110.jpg,hbQ4dEjaJ6c,-0.0108,"a vape or e-cigarette device, clearly visible",145.3,0.2153
1513,PROMOTIONAL_XxZ91r8k7HY_F039.jpg,XxZ91r8k7HY,-0.0108,"a person smoking a cigarette, cigarette clearly visible",169.1,0.2235
1514,PROMOTIONAL_qXlhj_LwBNc_F085.jpg,qXlhj_LwBNc,-0.0109,"a can of beer, clearly visible",253.8,0.2393
1515,PROMOTIONAL_Lu747R2Ktis_F052.jpg,Lu747R2Ktis,-0.0109,a pouch or sachet of gutka or pan masala with visible branding,562.8,0.2073
1516,PROMOTIONAL_XxZ91r8k7HY_F015.jpg,XxZ91r8k7HY,-0.0109,"a glass of beer or wine, clearly visible",549.1,0.2089
1517,PROMOTIONAL_V30umsF1l7c_F030.jpg,V30umsF1l7c,-0.0109,"a vape or e-cigarette device, clearly visible",202.0,0.2200
1518,PROMOTIONAL_M98NqbcWdyI_F046.jpg,M98NqbcWdyI,-0.0109,"a vape or e-cigarette device, clearly visible",419.8,0.2160
1519,PROMOTIONAL_gN8Ol4w9u6s_F215.jpg,gN8Ol4w9u6s,-0.0109,"a glass of beer or wine, clearly visible",236.8,0.2276
1520,PROMOTIONAL_kJofDnUYPhw_F339.jpg,kJofDnUYPhw,-0.0109,"a person smoking a cigarette, cigarette clearly visible",101.1,0.2410
1521,PROMOTIONAL_kJofDnUYPhw_F121.jpg,kJofDnUYPhw,-0.0109,"a vape or e-cigarette device, clearly visible",176.2,0.2271
1522,PROMOTIONAL_5mwDEv-TSEk_F045.jpg,5mwDEv-TSEk,-0.0110,a pouch or sachet of gutka or pan masala with visible branding,501.9,0.2367
1523,PROMOTIONAL_Lu747R2Ktis_F055.jpg,Lu747R2Ktis,-0.0110,"a cigar being smoked, clearly visible",406.6,0.2111
1524,PROMOTIONAL_ZPkbtIBypb0_F056.jpg,ZPkbtIBypb0,-0.0110,"a can of beer, clearly visible",367.0,0.2308
1525,PROMOTIONAL_kJofDnUYPhw_F185.jpg,kJofDnUYPhw,-0.0111,"a vape or e-cigarette device, clearly visible",253.6,0.2284
1526,PROMOTIONAL_7VDOruS-i10_F036.jpg,7VDOruS-i10,-0.0111,"a can of beer, clearly visible",823.3,0.2150
1527,PROMOTIONAL_V30umsF1l7c_F046.jpg,V30umsF1l7c,-0.0111,"a can of beer, clearly visible",262.7,0.1932
1528,PROMOTIONAL_EAnIJkAsP14_F073.jpg,EAnIJkAsP14,-0.0111,"a person smoking a cigarette, cigarette clearly visible",144.5,0.2017
1529,PROMOTIONAL_gN8Ol4w9u6s_F186.jpg,gN8Ol4w9u6s,-0.0111,"a can of beer, clearly visible",112.1,0.2296
1530,PROMOTIONAL_ZPkbtIBypb0_F212.jpg,ZPkbtIBypb0,-0.0111,"a vape or e-cigarette device, clearly visible",416.4,0.2271
1531,PROMOTIONAL_A2GEyAxegRY_F100.jpg,A2GEyAxegRY,-0.0111,"a cigar being smoked, clearly visible",499.4,0.2219
1532,PROMOTIONAL_Kr8XAnR80XA_F041.jpg,Kr8XAnR80XA,-0.0112,"a cigar being smoked, clearly visible",101.1,0.2427
1533,PROMOTIONAL_7M7oRkAaujg_F057.jpg,7M7oRkAaujg,-0.0112,"a cigar being smoked, clearly visible",537.3,0.2333
1534,PROMOTIONAL_cz5n3qm1G8k_F010.jpg,cz5n3qm1G8k,-0.0112,"a vape or e-cigarette device, clearly visible",345.9,0.2254
1535,PROMOTIONAL_OWDIGDyOhcI_F016.jpg,OWDIGDyOhcI,-0.0112,"a cigar being smoked, clearly visible",113.5,0.2117
1536,PROMOTIONAL_DsWP_FrACgM_F034.jpg,DsWP_FrACgM,-0.0112,"a vape or e-cigarette device, clearly visible",159.1,0.2334
1537,PROMOTIONAL_hvx16M1Pe9w_F050.jpg,hvx16M1Pe9w,-0.0113,"a can of beer, clearly visible",420.1,0.2153
1538,PROMOTIONAL_5mwDEv-TSEk_F022.jpg,5mwDEv-TSEk,-0.0113,"a person smoking a cigarette, cigarette clearly visible",204.1,0.2550
1539,PROMOTIONAL_gN8Ol4w9u6s_F106.jpg,gN8Ol4w9u6s,-0.0113,"a person smoking a cigarette, cigarette clearly visible",237.9,0.2237
1540,PROMOTIONAL_f5m68k2yyfo_F017.jpg,f5m68k2yyfo,-0.0113,"a person smoking a cigarette, cigarette clearly visible",748.3,0.2280
1541,PROMOTIONAL_kJofDnUYPhw_F036.jpg,kJofDnUYPhw,-0.0113,"a vape or e-cigarette device, clearly visible",101.3,0.2333
1542,PROMOTIONAL_oWPLQY-tESk_F019.jpg,oWPLQY-tESk,-0.0114,"a vape or e-cigarette device, clearly visible",598.7,0.2139
1543,PROMOTIONAL_Q0yse1BaA8w_F019.jpg,Q0yse1BaA8w,-0.0114,a pouch or sachet of gutka or pan masala with visible branding,252.2,0.2102
1544,PROMOTIONAL_kJofDnUYPhw_F080.jpg,kJofDnUYPhw,-0.0114,a hookah pipe,216.8,0.2018
1545,PROMOTIONAL_BJpdusGS8Ak_F031.jpg,BJpdusGS8Ak,-0.0114,"a glass of beer or wine, clearly visible",438.9,0.2745
1546,PROMOTIONAL_-KtN-Sz1iMA_F015.jpg,-KtN-Sz1iMA,-0.0114,"a glass of beer or wine, clearly visible",207.1,0.2221
1547,PROMOTIONAL_4IP3zfr8Tvk_F035.jpg,4IP3zfr8Tvk,-0.0114,"a person smoking a cigarette, cigarette clearly visible",133.5,0.2219
1548,PROMOTIONAL_ZjaOdXCXgJw_F035.jpg,ZjaOdXCXgJw,-0.0114,"a person smoking a cigarette, cigarette clearly visible",197.2,0.2211
1549,PROMOTIONAL_9VLJyBaIiMQ_F049.jpg,9VLJyBaIiMQ,-0.0114,a pouch or sachet of gutka or pan masala with visible branding,239.8,0.1992
1550,PROMOTIONAL_N4UF9ezYzp0_F013.jpg,N4UF9ezYzp0,-0.0114,"a cigar being smoked, clearly visible",111.0,0.2335
1551,PROMOTIONAL_5mwDEv-TSEk_F040.jpg,5mwDEv-TSEk,-0.0115,"a cigar being smoked, clearly visible",338.0,0.2284
1552,PROMOTIONAL_qXlhj_LwBNc_F096.jpg,qXlhj_LwBNc,-0.0115,"a can of beer, clearly visible",232.0,0.2326
1553,PROMOTIONAL_kHlPI8FDYNg_F051.jpg,kHlPI8FDYNg,-0.0115,"a cigar being smoked, clearly visible",290.8,0.2231
1554,PROMOTIONAL_qXlhj_LwBNc_F039.jpg,qXlhj_LwBNc,-0.0115,"a can of beer, clearly visible",208.4,0.2017
1555,PROMOTIONAL_f5m68k2yyfo_F019.jpg,f5m68k2yyfo,-0.0115,"a person smoking a cigarette, cigarette clearly visible",998.2,0.2257
1556,PROMOTIONAL_kJofDnUYPhw_F338.jpg,kJofDnUYPhw,-0.0115,"a person smoking a cigarette, cigarette clearly visible",102.4,0.2332
1557,PROMOTIONAL_eOXk8As-HZk_F114.jpg,eOXk8As-HZk,-0.0116,"a cigar being smoked, clearly visible",105.0,0.2046
1558,PROMOTIONAL_kJofDnUYPhw_F196.jpg,kJofDnUYPhw,-0.0116,"a vape or e-cigarette device, clearly visible",214.2,0.2285
1559,PROMOTIONAL_5mwDEv-TSEk_F024.jpg,5mwDEv-TSEk,-0.0116,"a person smoking a cigarette, cigarette clearly visible",556.0,0.2269
1560,PROMOTIONAL_4rN1GAFrzi4_F056.jpg,4rN1GAFrzi4,-0.0116,"a can of beer, clearly visible",490.9,0.2143
1561,PROMOTIONAL_ZjaOdXCXgJw_F045.jpg,ZjaOdXCXgJw,-0.0116,a pouch or sachet of gutka or pan masala with visible branding,662.7,0.2113
1562,PROMOTIONAL_tEQISjSXuiE_F018.jpg,tEQISjSXuiE,-0.0116,"a cigar being smoked, clearly visible",116.8,0.2096
1563,PROMOTIONAL_7M7oRkAaujg_F007.jpg,7M7oRkAaujg,-0.0116,"a cigar being smoked, clearly visible",493.2,0.2262
1564,PROMOTIONAL_ZPkbtIBypb0_F040.jpg,ZPkbtIBypb0,-0.0116,"a can of beer, clearly visible",438.1,0.2407
1565,PROMOTIONAL_ZPkbtIBypb0_F166.jpg,ZPkbtIBypb0,-0.0116,a pouch or sachet of gutka or pan masala with visible branding,391.3,0.2193
1566,PROMOTIONAL_hbQ4dEjaJ6c_F045.jpg,hbQ4dEjaJ6c,-0.0117,"a vape or e-cigarette device, clearly visible",169.6,0.2176
1567,PROMOTIONAL_AkkChMJv4wA_F029.jpg,AkkChMJv4wA,-0.0117,a hookah pipe,100.6,0.2282
1568,PROMOTIONAL_gN8Ol4w9u6s_F174.jpg,gN8Ol4w9u6s,-0.0117,a pouch or sachet of gutka or pan masala with visible branding,106.7,0.2291
1569,PROMOTIONAL_BJpdusGS8Ak_F076.jpg,BJpdusGS8Ak,-0.0117,"a glass of beer or wine, clearly visible",513.1,0.2382
1570,PROMOTIONAL_BwlGHrC73tA_F084.jpg,BwlGHrC73tA,-0.0117,a pouch or sachet of gutka or pan masala with visible branding,162.5,0.2196
1571,PROMOTIONAL_i8sQcC6wF1Q_F056.jpg,i8sQcC6wF1Q,-0.0118,a pouch or sachet of gutka or pan masala with visible branding,210.2,0.2135
1572,PROMOTIONAL_kJofDnUYPhw_F208.jpg,kJofDnUYPhw,-0.0118,"a person smoking a cigarette, cigarette clearly visible",111.1,0.2207
1573,PROMOTIONAL_4rN1GAFrzi4_F060.jpg,4rN1GAFrzi4,-0.0118,"a can of beer, clearly visible",617.4,0.2041
1574,PROMOTIONAL_4rN1GAFrzi4_F143.jpg,4rN1GAFrzi4,-0.0118,"a glass of beer or wine, clearly visible",439.4,0.2125
1575,PROMOTIONAL_hvx16M1Pe9w_F045.jpg,hvx16M1Pe9w,-0.0118,"a vape or e-cigarette device, clearly visible",258.8,0.2082
1576,PROMOTIONAL_DsWP_FrACgM_F033.jpg,DsWP_FrACgM,-0.0118,"a vape or e-cigarette device, clearly visible",179.0,0.2147
1577,PROMOTIONAL_BwlGHrC73tA_F107.jpg,BwlGHrC73tA,-0.0118,a pouch or sachet of gutka or pan masala with visible branding,123.4,0.2113
1578,PROMOTIONAL_IrEUXOE2JHA_F036.jpg,IrEUXOE2JHA,-0.0118,"a vape or e-cigarette device, clearly visible",213.2,0.2201
1579,PROMOTIONAL_9VLJyBaIiMQ_F015.jpg,9VLJyBaIiMQ,-0.0119,"a can of beer, clearly visible",220.0,0.2354
1580,PROMOTIONAL_hbQ4dEjaJ6c_F041.jpg,hbQ4dEjaJ6c,-0.0119,"a cigar being smoked, clearly visible",328.9,0.2138
1581,PROMOTIONAL_hbQ4dEjaJ6c_F136.jpg,hbQ4dEjaJ6c,-0.0119,"a person smoking a cigarette, cigarette clearly visible",165.3,0.2186
1582,PROMOTIONAL_AkkChMJv4wA_F027.jpg,AkkChMJv4wA,-0.0119,a pouch or sachet of gutka or pan masala with visible branding,109.9,0.2124
1583,PROMOTIONAL_kJofDnUYPhw_F354.jpg,kJofDnUYPhw,-0.0119,"a cigar being smoked, clearly visible",102.7,0.2410
1584,PROMOTIONAL_DsWP_FrACgM_F025.jpg,DsWP_FrACgM,-0.0119,"a cigar being smoked, clearly visible",189.8,0.2013
1585,PROMOTIONAL_2hv10KpfgXs_F049.jpg,2hv10KpfgXs,-0.0119,"a person smoking a cigarette, cigarette clearly visible",121.3,0.2306
1586,PROMOTIONAL_V30umsF1l7c_F021.jpg,V30umsF1l7c,-0.0119,a pouch or sachet of gutka or pan masala with visible branding,790.5,0.1979
1587,PROMOTIONAL_RnL8eDxT7Cg_F039.jpg,RnL8eDxT7Cg,-0.0119,"a cigar being smoked, clearly visible",742.3,0.2062
1588,PROMOTIONAL_RnL8eDxT7Cg_F054.jpg,RnL8eDxT7Cg,-0.0119,"a cigar being smoked, clearly visible",561.5,0.2111
1589,PROMOTIONAL_BJpdusGS8Ak_F048.jpg,BJpdusGS8Ak,-0.0119,"a can of beer, clearly visible",111.3,0.2161
1590,PROMOTIONAL_H2qy5DVUOw8_F006.jpg,H2qy5DVUOw8,-0.0120,"a cigar being smoked, clearly visible",151.9,0.2187
1591,PROMOTIONAL_oC9BCdJmuZc_F037.jpg,oC9BCdJmuZc,-0.0120,"a can of beer, clearly visible",179.1,0.2153
1592,PROMOTIONAL_BwlGHrC73tA_F083.jpg,BwlGHrC73tA,-0.0120,a pouch or sachet of gutka or pan masala with visible branding,148.7,0.2088
1593,PROMOTIONAL_kJofDnUYPhw_F066.jpg,kJofDnUYPhw,-0.0120,"a can of beer, clearly visible",266.1,0.2092
1594,PROMOTIONAL_4rN1GAFrzi4_F054.jpg,4rN1GAFrzi4,-0.0120,"a glass of beer or wine, clearly visible",730.4,0.2072
1595,PROMOTIONAL_V30umsF1l7c_F054.jpg,V30umsF1l7c,-0.0120,"a cigar being smoked, clearly visible",383.7,0.2209
1596,PROMOTIONAL_ZPkbtIBypb0_F273.jpg,ZPkbtIBypb0,-0.0120,"a vape or e-cigarette device, clearly visible",318.5,0.2239
1597,PROMOTIONAL_ymCBZ6xXJkY_F019.jpg,ymCBZ6xXJkY,-0.0121,"a can of beer, clearly visible",376.9,0.2023
1598,PROMOTIONAL_Lu747R2Ktis_F032.jpg,Lu747R2Ktis,-0.0121,"a cigar being smoked, clearly visible",469.3,0.2215
1599,PROMOTIONAL_hbQ4dEjaJ6c_F140.jpg,hbQ4dEjaJ6c,-0.0121,"a person smoking a cigarette, cigarette clearly visible",224.8,0.2059
1600,PROMOTIONAL_kJofDnUYPhw_F127.jpg,kJofDnUYPhw,-0.0121,"a can of beer, clearly visible",220.2,0.2261
1601,PROMOTIONAL_iN7n_T5Jh54_F056.jpg,iN7n_T5Jh54,-0.0121,"a person smoking a cigarette, cigarette clearly visible",446.8,0.2212
1602,PROMOTIONAL_7M7oRkAaujg_F014.jpg,7M7oRkAaujg,-0.0121,"a cigar being smoked, clearly visible",309.1,0.2239
1603,PROMOTIONAL_ZjaOdXCXgJw_F007.jpg,ZjaOdXCXgJw,-0.0122,"a person smoking a cigarette, cigarette clearly visible",666.8,0.2118
1604,PROMOTIONAL_Q0yse1BaA8w_F016.jpg,Q0yse1BaA8w,-0.0122,"a person smoking a cigarette, cigarette clearly visible",272.3,0.2298
1605,PROMOTIONAL_Lu747R2Ktis_F003.jpg,Lu747R2Ktis,-0.0122,"a cigar being smoked, clearly visible",972.4,0.2145
1606,PROMOTIONAL_hbQ4dEjaJ6c_F058.jpg,hbQ4dEjaJ6c,-0.0122,"a vape or e-cigarette device, clearly visible",144.9,0.1976
1607,PROMOTIONAL_kHlPI8FDYNg_F036.jpg,kHlPI8FDYNg,-0.0122,"a cigar being smoked, clearly visible",221.2,0.2107
1608,PROMOTIONAL_f5m68k2yyfo_F014.jpg,f5m68k2yyfo,-0.0123,"a cigar being smoked, clearly visible",846.9,0.2306
1609,PROMOTIONAL_M98NqbcWdyI_F031.jpg,M98NqbcWdyI,-0.0123,"a cigar being smoked, clearly visible",112.3,0.2355
1610,PROMOTIONAL_RnL8eDxT7Cg_F099.jpg,RnL8eDxT7Cg,-0.0123,"a can of beer, clearly visible",331.7,0.2194
1611,PROMOTIONAL_Tl8jMFYa60o_F049.jpg,Tl8jMFYa60o,-0.0123,"a person smoking a cigarette, cigarette clearly visible",393.0,0.2133
1612,PROMOTIONAL_4rN1GAFrzi4_F025.jpg,4rN1GAFrzi4,-0.0123,"a can of beer, clearly visible",637.2,0.2176
1613,PROMOTIONAL_7M7oRkAaujg_F002.jpg,7M7oRkAaujg,-0.0123,"a cigar being smoked, clearly visible",413.5,0.2267
1614,PROMOTIONAL_kJofDnUYPhw_F082.jpg,kJofDnUYPhw,-0.0123,"a can of beer, clearly visible",288.0,0.2129
1615,PROMOTIONAL_XxZ91r8k7HY_F027.jpg,XxZ91r8k7HY,-0.0123,"a cigar being smoked, clearly visible",172.7,0.2067
1616,PROMOTIONAL_iEGY45xE5io_F013.jpg,iEGY45xE5io,-0.0124,a hookah pipe,225.8,0.1942
1617,PROMOTIONAL_gN8Ol4w9u6s_F076.jpg,gN8Ol4w9u6s,-0.0124,"a vape or e-cigarette device, clearly visible",246.5,0.2336
1618,PROMOTIONAL_RnL8eDxT7Cg_F024.jpg,RnL8eDxT7Cg,-0.0124,"a vape or e-cigarette device, clearly visible",168.1,0.2332
1619,PROMOTIONAL_BwlGHrC73tA_F088.jpg,BwlGHrC73tA,-0.0124,"a cigar being smoked, clearly visible",180.1,0.2197
1620,PROMOTIONAL_i8sQcC6wF1Q_F026.jpg,i8sQcC6wF1Q,-0.0124,"a person smoking a cigarette, cigarette clearly visible",225.7,0.2064
1621,PROMOTIONAL_kJofDnUYPhw_F100.jpg,kJofDnUYPhw,-0.0124,"a person smoking a cigarette, cigarette clearly visible",131.1,0.2288
1622,PROMOTIONAL_Tl8jMFYa60o_F048.jpg,Tl8jMFYa60o,-0.0124,a pouch or sachet of gutka or pan masala with visible branding,290.5,0.2119
1623,PROMOTIONAL_BJpdusGS8Ak_F070.jpg,BJpdusGS8Ak,-0.0124,"a vape or e-cigarette device, clearly visible",182.8,0.2291
1624,PROMOTIONAL_RnL8eDxT7Cg_F043.jpg,RnL8eDxT7Cg,-0.0124,"a cigar being smoked, clearly visible",194.6,0.2168
1625,PROMOTIONAL_gN8Ol4w9u6s_F093.jpg,gN8Ol4w9u6s,-0.0124,"a person smoking a cigarette, cigarette clearly visible",214.8,0.2302
1626,PROMOTIONAL_kJofDnUYPhw_F047.jpg,kJofDnUYPhw,-0.0124,"a vape or e-cigarette device, clearly visible",109.6,0.2165
1627,PROMOTIONAL_kJofDnUYPhw_F122.jpg,kJofDnUYPhw,-0.0124,a pouch or sachet of gutka or pan masala with visible branding,251.6,0.2330
1628,PROMOTIONAL_ZPkbtIBypb0_F167.jpg,ZPkbtIBypb0,-0.0125,a pouch or sachet of gutka or pan masala with visible branding,392.0,0.2217
1629,PROMOTIONAL_S2pF1WuMy2M_F022.jpg,S2pF1WuMy2M,-0.0125,"a person smoking a cigarette, cigarette clearly visible",945.0,0.2314
1630,PROMOTIONAL_ZPkbtIBypb0_F143.jpg,ZPkbtIBypb0,-0.0125,"a vape or e-cigarette device, clearly visible",451.0,0.2149
1631,PROMOTIONAL_9VLJyBaIiMQ_F039.jpg,9VLJyBaIiMQ,-0.0125,"a can of beer, clearly visible",318.1,0.2155
1632,PROMOTIONAL_kJofDnUYPhw_F070.jpg,kJofDnUYPhw,-0.0125,"a vape or e-cigarette device, clearly visible",211.1,0.2061
1633,PROMOTIONAL_Lu747R2Ktis_F020.jpg,Lu747R2Ktis,-0.0125,"a cigar being smoked, clearly visible",1100.8,0.2337
1634,PROMOTIONAL_ZjaOdXCXgJw_F026.jpg,ZjaOdXCXgJw,-0.0126,"a person smoking a cigarette, cigarette clearly visible",404.9,0.2260
1635,PROMOTIONAL_S2pF1WuMy2M_F057.jpg,S2pF1WuMy2M,-0.0126,a photo of a cigarette pack,200.0,0.2543
1636,PROMOTIONAL_ZPkbtIBypb0_F168.jpg,ZPkbtIBypb0,-0.0126,a pouch or sachet of gutka or pan masala with visible branding,295.6,0.2212
1637,PROMOTIONAL_i8sQcC6wF1Q_F050.jpg,i8sQcC6wF1Q,-0.0126,a pouch or sachet of gutka or pan masala with visible branding,273.8,0.2043
1638,PROMOTIONAL_ehkKKPTZhAA_F028.jpg,ehkKKPTZhAA,-0.0126,"a vape or e-cigarette device, clearly visible",217.0,0.2491
1639,PROMOTIONAL_o2cFKv3Sb_8_F008.jpg,o2cFKv3Sb_8,-0.0126,a pouch or sachet of gutka or pan masala with visible branding,231.9,0.2502
1640,PROMOTIONAL_zNfEfnyxE6c_F009.jpg,zNfEfnyxE6c,-0.0126,"a vape or e-cigarette device, clearly visible",324.5,0.2148
1641,PROMOTIONAL_kJofDnUYPhw_F305.jpg,kJofDnUYPhw,-0.0126,"a can of beer, clearly visible",153.8,0.2361
1642,PROMOTIONAL_V30umsF1l7c_F051.jpg,V30umsF1l7c,-0.0126,"a vape or e-cigarette device, clearly visible",319.4,0.2257
1643,PROMOTIONAL_EAnIJkAsP14_F051.jpg,EAnIJkAsP14,-0.0126,"a cigar being smoked, clearly visible",331.5,0.2166
1644,PROMOTIONAL_IrEUXOE2JHA_F059.jpg,IrEUXOE2JHA,-0.0126,"a vape or e-cigarette device, clearly visible",304.7,0.2236
1645,PROMOTIONAL_gN8Ol4w9u6s_F016.jpg,gN8Ol4w9u6s,-0.0127,"a vape or e-cigarette device, clearly visible",467.5,0.1982
1646,PROMOTIONAL_ZPkbtIBypb0_F179.jpg,ZPkbtIBypb0,-0.0127,"a cigar being smoked, clearly visible",352.9,0.2233
1647,PROMOTIONAL_ZjaOdXCXgJw_F044.jpg,ZjaOdXCXgJw,-0.0127,a hookah pipe,310.2,0.2023
1648,PROMOTIONAL_S2pF1WuMy2M_F031.jpg,S2pF1WuMy2M,-0.0127,"a person smoking a cigarette, cigarette clearly visible",966.5,0.2252
1649,PROMOTIONAL_Tl8jMFYa60o_F030.jpg,Tl8jMFYa60o,-0.0127,a pouch or sachet of gutka or pan masala with visible branding,407.7,0.2130
1650,PROMOTIONAL_OWSC-C447aY_F002.jpg,OWSC-C447aY,-0.0127,"a cigar being smoked, clearly visible",316.4,0.2453
1651,PROMOTIONAL_kJofDnUYPhw_F029.jpg,kJofDnUYPhw,-0.0127,"a can of beer, clearly visible",437.2,0.2257
1652,PROMOTIONAL_ZPkbtIBypb0_F150.jpg,ZPkbtIBypb0,-0.0127,"a can of beer, clearly visible",197.7,0.2236
1653,PROMOTIONAL_hbQ4dEjaJ6c_F131.jpg,hbQ4dEjaJ6c,-0.0127,"a vape or e-cigarette device, clearly visible",265.2,0.2080
1654,PROMOTIONAL_-vFLsll_Gpk_F011.jpg,-vFLsll_Gpk,-0.0128,"a cigar being smoked, clearly visible",304.0,0.2283
1655,PROMOTIONAL_IrEUXOE2JHA_F020.jpg,IrEUXOE2JHA,-0.0128,a pouch or sachet of gutka or pan masala with visible branding,230.9,0.2328
1656,PROMOTIONAL_eOXk8As-HZk_F104.jpg,eOXk8As-HZk,-0.0128,"a cigar being smoked, clearly visible",107.6,0.2356
1657,PROMOTIONAL_4rN1GAFrzi4_F094.jpg,4rN1GAFrzi4,-0.0129,"a can of beer, clearly visible",526.6,0.2220
1658,PROMOTIONAL_kJofDnUYPhw_F128.jpg,kJofDnUYPhw,-0.0129,"a can of beer, clearly visible",216.8,0.2264
1659,PROMOTIONAL_V30umsF1l7c_F031.jpg,V30umsF1l7c,-0.0129,"a vape or e-cigarette device, clearly visible",209.0,0.2093
1660,PROMOTIONAL_oWPLQY-tESk_F040.jpg,oWPLQY-tESk,-0.0129,"a vape or e-cigarette device, clearly visible",100.6,0.2093
1661,PROMOTIONAL_4rN1GAFrzi4_F068.jpg,4rN1GAFrzi4,-0.0129,"a glass of beer or wine, clearly visible",524.3,0.2081
1662,PROMOTIONAL_OWDIGDyOhcI_F030.jpg,OWDIGDyOhcI,-0.0130,"a cigar being smoked, clearly visible",331.7,0.2260
1663,PROMOTIONAL_kJofDnUYPhw_F223.jpg,kJofDnUYPhw,-0.0130,a pouch or sachet of gutka or pan masala with visible branding,132.5,0.2261
1664,PROMOTIONAL_kJofDnUYPhw_F179.jpg,kJofDnUYPhw,-0.0130,"a vape or e-cigarette device, clearly visible",263.9,0.2293
1665,PROMOTIONAL_gN8Ol4w9u6s_F241.jpg,gN8Ol4w9u6s,-0.0130,"a person smoking a cigarette, cigarette clearly visible",117.8,0.2173
1666,PROMOTIONAL_kJofDnUYPhw_F204.jpg,kJofDnUYPhw,-0.0130,"a cigar being smoked, clearly visible",316.0,0.2325
1667,PROMOTIONAL_ob1RBsKnLP0_F022.jpg,ob1RBsKnLP0,-0.0131,"a cigar being smoked, clearly visible",119.5,0.2128
1668,PROMOTIONAL_DfohsAEWphs_F004.jpg,DfohsAEWphs,-0.0131,"a can of beer, clearly visible",289.0,0.2136
1669,PROMOTIONAL_tEQISjSXuiE_F061.jpg,tEQISjSXuiE,-0.0131,"a cigar being smoked, clearly visible",192.0,0.2398
1670,PROMOTIONAL_o2cFKv3Sb_8_F027.jpg,o2cFKv3Sb_8,-0.0131,"a cigar being smoked, clearly visible",317.2,0.2190
1671,PROMOTIONAL_OWDIGDyOhcI_F049.jpg,OWDIGDyOhcI,-0.0131,"a glass of beer or wine, clearly visible",211.8,0.2366
1672,PROMOTIONAL_ZPkbtIBypb0_F094.jpg,ZPkbtIBypb0,-0.0131,"a can of beer, clearly visible",576.1,0.2275
1673,PROMOTIONAL_hbQ4dEjaJ6c_F061.jpg,hbQ4dEjaJ6c,-0.0131,a hookah pipe,388.2,0.2089
1674,PROMOTIONAL_BwlGHrC73tA_F092.jpg,BwlGHrC73tA,-0.0132,"a cigar being smoked, clearly visible",162.6,0.2174
1675,PROMOTIONAL_oWPLQY-tESk_F037.jpg,oWPLQY-tESk,-0.0132,a pouch or sachet of gutka or pan masala with visible branding,156.7,0.2092
1676,PROMOTIONAL_ZPkbtIBypb0_F328.jpg,ZPkbtIBypb0,-0.0132,"a can of beer, clearly visible",453.3,0.2367
1677,PROMOTIONAL_9VLJyBaIiMQ_F043.jpg,9VLJyBaIiMQ,-0.0132,"a vape or e-cigarette device, clearly visible",230.4,0.2194
1678,PROMOTIONAL_WxyusRiyLrA_F058.jpg,WxyusRiyLrA,-0.0132,"a cigar being smoked, clearly visible",131.9,0.2285
1679,PROMOTIONAL_XxZ91r8k7HY_F024.jpg,XxZ91r8k7HY,-0.0132,"a person smoking a cigarette, cigarette clearly visible",552.9,0.2175
1680,PROMOTIONAL_5mwDEv-TSEk_F084.jpg,5mwDEv-TSEk,-0.0132,"a person smoking a cigarette, cigarette clearly visible",215.6,0.2247
1681,PROMOTIONAL_iN7n_T5Jh54_F008.jpg,iN7n_T5Jh54,-0.0132,a pouch or sachet of gutka or pan masala with visible branding,334.5,0.2231
1682,PROMOTIONAL_wE8AsupuJAI_F014.jpg,wE8AsupuJAI,-0.0132,a pouch or sachet of gutka or pan masala with visible branding,149.8,0.2369
1683,PROMOTIONAL_hbQ4dEjaJ6c_F046.jpg,hbQ4dEjaJ6c,-0.0133,"a cigar being smoked, clearly visible",178.4,0.2360
1684,PROMOTIONAL_FnULv0U14UY_F034.jpg,FnULv0U14UY,-0.0133,"a cigar being smoked, clearly visible",151.7,0.2033
1685,PROMOTIONAL_9VLJyBaIiMQ_F036.jpg,9VLJyBaIiMQ,-0.0133,"a cigar being smoked, clearly visible",205.7,0.2206
1686,PROMOTIONAL_hbQ4dEjaJ6c_F054.jpg,hbQ4dEjaJ6c,-0.0134,a pouch or sachet of gutka or pan masala with visible branding,203.9,0.2168
1687,PROMOTIONAL_S2pF1WuMy2M_F010.jpg,S2pF1WuMy2M,-0.0134,"a person smoking a cigarette, cigarette clearly visible",618.0,0.2034
1688,PROMOTIONAL_gN8Ol4w9u6s_F063.jpg,gN8Ol4w9u6s,-0.0134,"a vape or e-cigarette device, clearly visible",193.5,0.2178
1689,PROMOTIONAL_kJofDnUYPhw_F337.jpg,kJofDnUYPhw,-0.0134,"a vape or e-cigarette device, clearly visible",134.2,0.2446
1690,PROMOTIONAL_hbQ4dEjaJ6c_F068.jpg,hbQ4dEjaJ6c,-0.0135,"a vape or e-cigarette device, clearly visible",197.6,0.1826
1691,PROMOTIONAL_ymCBZ6xXJkY_F038.jpg,ymCBZ6xXJkY,-0.0135,"a person smoking a cigarette, cigarette clearly visible",277.8,0.2149
1692,PROMOTIONAL_ZPkbtIBypb0_F067.jpg,ZPkbtIBypb0,-0.0135,"a can of beer, clearly visible",326.5,0.2190
1693,PROMOTIONAL_4IP3zfr8Tvk_F150.jpg,4IP3zfr8Tvk,-0.0135,"a cigar being smoked, clearly visible",176.1,0.2261
1694,PROMOTIONAL_kJofDnUYPhw_F079.jpg,kJofDnUYPhw,-0.0135,"a vape or e-cigarette device, clearly visible",245.9,0.2108
1695,PROMOTIONAL_5rX-wl7b5Vg_F014.jpg,5rX-wl7b5Vg,-0.0136,"a vape or e-cigarette device, clearly visible",211.6,0.2122
1696,PROMOTIONAL_kJofDnUYPhw_F037.jpg,kJofDnUYPhw,-0.0136,"a vape or e-cigarette device, clearly visible",344.8,0.2127
1697,PROMOTIONAL_RnL8eDxT7Cg_F037.jpg,RnL8eDxT7Cg,-0.0136,"a vape or e-cigarette device, clearly visible",425.4,0.1952
1698,PROMOTIONAL_JWnkH7vjXTg_F017.jpg,JWnkH7vjXTg,-0.0136,"a cigar being smoked, clearly visible",2246.2,0.2396
1699,PROMOTIONAL_2hv10KpfgXs_F050.jpg,2hv10KpfgXs,-0.0136,"a person smoking a cigarette, cigarette clearly visible",119.0,0.2285
1700,PROMOTIONAL_NEkFNbY2ZJU_F012.jpg,NEkFNbY2ZJU,-0.0136,"a person smoking a cigarette, cigarette clearly visible",719.0,0.2150
1701,PROMOTIONAL_OWDIGDyOhcI_F002.jpg,OWDIGDyOhcI,-0.0136,"a cigar being smoked, clearly visible",293.9,0.2206
1702,PROMOTIONAL_9VLJyBaIiMQ_F026.jpg,9VLJyBaIiMQ,-0.0136,"a cigar being smoked, clearly visible",228.1,0.2128
1703,PROMOTIONAL_A2GEyAxegRY_F040.jpg,A2GEyAxegRY,-0.0137,a photo of a cigarette pack,414.7,0.2307
1704,PROMOTIONAL_5mwDEv-TSEk_F026.jpg,5mwDEv-TSEk,-0.0137,"a cigar being smoked, clearly visible",307.2,0.2284
1705,PROMOTIONAL_fmK0FYpaJ7E_F028.jpg,fmK0FYpaJ7E,-0.0137,"a cigar being smoked, clearly visible",113.3,0.2384
1706,PROMOTIONAL_Lu747R2Ktis_F034.jpg,Lu747R2Ktis,-0.0137,"a can of beer, clearly visible",292.7,0.2201
1707,PROMOTIONAL_9VLJyBaIiMQ_F050.jpg,9VLJyBaIiMQ,-0.0137,a hookah pipe,263.5,0.2218
1708,PROMOTIONAL_XwgNLyk38sI_F015.jpg,XwgNLyk38sI,-0.0137,"a cigar being smoked, clearly visible",183.7,0.2258
1709,PROMOTIONAL_5mwDEv-TSEk_F027.jpg,5mwDEv-TSEk,-0.0137,"a cigar being smoked, clearly visible",371.8,0.2336
1710,PROMOTIONAL_kJofDnUYPhw_F137.jpg,kJofDnUYPhw,-0.0137,a pouch or sachet of gutka or pan masala with visible branding,176.9,0.2321
1711,PROMOTIONAL_-KtN-Sz1iMA_F010.jpg,-KtN-Sz1iMA,-0.0137,"a vape or e-cigarette device, clearly visible",175.3,0.2619
1712,PROMOTIONAL_kJofDnUYPhw_F324.jpg,kJofDnUYPhw,-0.0137,"a vape or e-cigarette device, clearly visible",109.9,0.2225
1713,PROMOTIONAL_V30umsF1l7c_F036.jpg,V30umsF1l7c,-0.0137,"a can of beer, clearly visible",282.3,0.2136
1714,PROMOTIONAL_9VLJyBaIiMQ_F014.jpg,9VLJyBaIiMQ,-0.0138,"a cigar being smoked, clearly visible",209.3,0.2336
1715,PROMOTIONAL_Q0yse1BaA8w_F002.jpg,Q0yse1BaA8w,-0.0138,"a person smoking a cigarette, cigarette clearly visible",349.5,0.2152
1716,PROMOTIONAL_hvx16M1Pe9w_F056.jpg,hvx16M1Pe9w,-0.0138,"a cigar being smoked, clearly visible",228.8,0.2032
1717,PROMOTIONAL_BJpdusGS8Ak_F069.jpg,BJpdusGS8Ak,-0.0138,"a cigar being smoked, clearly visible",158.3,0.2424
1718,PROMOTIONAL_Tl8jMFYa60o_F051.jpg,Tl8jMFYa60o,-0.0138,a pouch or sachet of gutka or pan masala with visible branding,358.5,0.2140
1719,PROMOTIONAL_5rX-wl7b5Vg_F017.jpg,5rX-wl7b5Vg,-0.0138,"a vape or e-cigarette device, clearly visible",216.4,0.2287
1720,PROMOTIONAL_eDkDQ2sid4o_F005.jpg,eDkDQ2sid4o,-0.0138,"a person smoking a cigarette, cigarette clearly visible",129.6,0.2379
1721,PROMOTIONAL_tvgJjsc0xUs_F033.jpg,tvgJjsc0xUs,-0.0138,a pouch or sachet of gutka or pan masala with visible branding,132.5,0.1985
1722,PROMOTIONAL_ZPkbtIBypb0_F004.jpg,ZPkbtIBypb0,-0.0139,a pouch or sachet of gutka or pan masala with visible branding,280.8,0.2084
1723,PROMOTIONAL_qXlhj_LwBNc_F072.jpg,qXlhj_LwBNc,-0.0139,"a vape or e-cigarette device, clearly visible",119.3,0.2240
1724,PROMOTIONAL_A2GEyAxegRY_F068.jpg,A2GEyAxegRY,-0.0139,"a cigar being smoked, clearly visible",146.6,0.2082
1725,PROMOTIONAL_5mwDEv-TSEk_F063.jpg,5mwDEv-TSEk,-0.0139,"a cigar being smoked, clearly visible",157.7,0.2277
1726,PROMOTIONAL_kJofDnUYPhw_F206.jpg,kJofDnUYPhw,-0.0139,"a vape or e-cigarette device, clearly visible",105.2,0.2365
1727,PROMOTIONAL_hbQ4dEjaJ6c_F005.jpg,hbQ4dEjaJ6c,-0.0139,"a cigar being smoked, clearly visible",166.8,0.2188
1728,PROMOTIONAL_XxZ91r8k7HY_F020.jpg,XxZ91r8k7HY,-0.0139,"a person smoking a cigarette, cigarette clearly visible",154.8,0.2156
1729,PROMOTIONAL_gN8Ol4w9u6s_F079.jpg,gN8Ol4w9u6s,-0.0139,"a vape or e-cigarette device, clearly visible",295.6,0.2255
1730,PROMOTIONAL_tEQISjSXuiE_F099.jpg,tEQISjSXuiE,-0.0139,"a person smoking a cigarette, cigarette clearly visible",207.6,0.2254
1731,PROMOTIONAL_ZPkbtIBypb0_F086.jpg,ZPkbtIBypb0,-0.0140,"a vape or e-cigarette device, clearly visible",109.8,0.2575
1732,PROMOTIONAL_oC9BCdJmuZc_F017.jpg,oC9BCdJmuZc,-0.0140,"a cigar being smoked, clearly visible",255.7,0.2302
1733,PROMOTIONAL_5mwDEv-TSEk_F053.jpg,5mwDEv-TSEk,-0.0140,"a cigar being smoked, clearly visible",263.4,0.2352
1734,PROMOTIONAL_OWSC-C447aY_F017.jpg,OWSC-C447aY,-0.0140,"a cigar being smoked, clearly visible",525.6,0.2153
1735,PROMOTIONAL_hbQ4dEjaJ6c_F105.jpg,hbQ4dEjaJ6c,-0.0140,"a vape or e-cigarette device, clearly visible",153.6,0.2027
1736,PROMOTIONAL_kJofDnUYPhw_F092.jpg,kJofDnUYPhw,-0.0140,"a person smoking a cigarette, cigarette clearly visible",203.3,0.2529
1737,PROMOTIONAL_fmK0FYpaJ7E_F051.jpg,fmK0FYpaJ7E,-0.0140,"a cigar being smoked, clearly visible",193.1,0.2318
1738,PROMOTIONAL_kJofDnUYPhw_F160.jpg,kJofDnUYPhw,-0.0141,"a person smoking a cigarette, cigarette clearly visible",154.7,0.2276
1739,PROMOTIONAL_RnL8eDxT7Cg_F022.jpg,RnL8eDxT7Cg,-0.0141,"a person smoking a cigarette, cigarette clearly visible",187.4,0.2299
1740,PROMOTIONAL_ZPkbtIBypb0_F124.jpg,ZPkbtIBypb0,-0.0141,"a can of beer, clearly visible",425.8,0.2140
1741,PROMOTIONAL_oC9BCdJmuZc_F031.jpg,oC9BCdJmuZc,-0.0141,"a cigar being smoked, clearly visible",1032.6,0.2250
1742,PROMOTIONAL_fmK0FYpaJ7E_F022.jpg,fmK0FYpaJ7E,-0.0141,"a cigar being smoked, clearly visible",119.8,0.2111
1743,PROMOTIONAL_ymCBZ6xXJkY_F035.jpg,ymCBZ6xXJkY,-0.0141,"a person smoking a cigarette, cigarette clearly visible",352.8,0.2159
1744,PROMOTIONAL_4rN1GAFrzi4_F042.jpg,4rN1GAFrzi4,-0.0142,"a person smoking a cigarette, cigarette clearly visible",622.6,0.2100
1745,PROMOTIONAL_4IP3zfr8Tvk_F139.jpg,4IP3zfr8Tvk,-0.0142,"a cigar being smoked, clearly visible",141.4,0.2237
1746,PROMOTIONAL_ZPkbtIBypb0_F266.jpg,ZPkbtIBypb0,-0.0142,"a vape or e-cigarette device, clearly visible",221.3,0.2473
1747,PROMOTIONAL_M98NqbcWdyI_F054.jpg,M98NqbcWdyI,-0.0142,"a cigar being smoked, clearly visible",153.0,0.2168
1748,PROMOTIONAL_ZPkbtIBypb0_F228.jpg,ZPkbtIBypb0,-0.0142,"a can of beer, clearly visible",159.8,0.2292
1749,PROMOTIONAL_AkkChMJv4wA_F058.jpg,AkkChMJv4wA,-0.0142,"a vape or e-cigarette device, clearly visible",116.6,0.2317
1750,PROMOTIONAL_kJofDnUYPhw_F197.jpg,kJofDnUYPhw,-0.0142,"a vape or e-cigarette device, clearly visible",216.6,0.2307
1751,PROMOTIONAL_Tl8jMFYa60o_F052.jpg,Tl8jMFYa60o,-0.0142,a pouch or sachet of gutka or pan masala with visible branding,399.0,0.2150
1752,PROMOTIONAL_ZjaOdXCXgJw_F033.jpg,ZjaOdXCXgJw,-0.0143,"a cigar being smoked, clearly visible",1555.6,0.2063
1753,PROMOTIONAL_kJofDnUYPhw_F188.jpg,kJofDnUYPhw,-0.0143,"a cigar being smoked, clearly visible",278.7,0.2215
1754,PROMOTIONAL_fmK0FYpaJ7E_F025.jpg,fmK0FYpaJ7E,-0.0143,"a cigar being smoked, clearly visible",165.5,0.2215
1755,PROMOTIONAL_WxyusRiyLrA_F026.jpg,WxyusRiyLrA,-0.0143,a pouch or sachet of gutka or pan masala with visible branding,143.4,0.2137
1756,PROMOTIONAL_BwlGHrC73tA_F097.jpg,BwlGHrC73tA,-0.0143,"a cigar being smoked, clearly visible",194.0,0.2279
1757,PROMOTIONAL_XwgNLyk38sI_F049.jpg,XwgNLyk38sI,-0.0143,"a cigar being smoked, clearly visible",148.6,0.2223
1758,PROMOTIONAL_qXlhj_LwBNc_F027.jpg,qXlhj_LwBNc,-0.0144,"a cigar being smoked, clearly visible",116.6,0.2312
1759,PROMOTIONAL_RnL8eDxT7Cg_F025.jpg,RnL8eDxT7Cg,-0.0144,"a cigar being smoked, clearly visible",194.0,0.2220
1760,PROMOTIONAL_gN8Ol4w9u6s_F031.jpg,gN8Ol4w9u6s,-0.0144,"a cigar being smoked, clearly visible",103.2,0.2154
1761,PROMOTIONAL_ZPkbtIBypb0_F292.jpg,ZPkbtIBypb0,-0.0144,"a can of beer, clearly visible",205.0,0.2230
1762,PROMOTIONAL_Q0yse1BaA8w_F006.jpg,Q0yse1BaA8w,-0.0145,a pouch or sachet of gutka or pan masala with visible branding,300.7,0.2220
1763,PROMOTIONAL_hbQ4dEjaJ6c_F012.jpg,hbQ4dEjaJ6c,-0.0145,"a vape or e-cigarette device, clearly visible",179.4,0.2172
1764,PROMOTIONAL_7M7oRkAaujg_F011.jpg,7M7oRkAaujg,-0.0145,"a cigar being smoked, clearly visible",347.5,0.2317
1765,PROMOTIONAL_RnL8eDxT7Cg_F003.jpg,RnL8eDxT7Cg,-0.0145,"a cigar being smoked, clearly visible",400.5,0.2032
1766,PROMOTIONAL_NEkFNbY2ZJU_F045.jpg,NEkFNbY2ZJU,-0.0145,"a cigar being smoked, clearly visible",686.6,0.2334
1767,PROMOTIONAL_rIYna5PfdDU_F013.jpg,rIYna5PfdDU,-0.0146,"a vape or e-cigarette device, clearly visible",179.2,0.2234
1768,PROMOTIONAL_4rN1GAFrzi4_F152.jpg,4rN1GAFrzi4,-0.0146,a photo of a cigarette pack,907.4,0.2414
1769,PROMOTIONAL_ZPkbtIBypb0_F148.jpg,ZPkbtIBypb0,-0.0146,"a can of beer, clearly visible",209.8,0.2281
1770,PROMOTIONAL_o2cFKv3Sb_8_F040.jpg,o2cFKv3Sb_8,-0.0146,a pouch or sachet of gutka or pan masala with visible branding,1224.2,0.2367
1771,PROMOTIONAL_ZPkbtIBypb0_F264.jpg,ZPkbtIBypb0,-0.0146,"a vape or e-cigarette device, clearly visible",242.6,0.2424
1772,PROMOTIONAL_A2GEyAxegRY_F005.jpg,A2GEyAxegRY,-0.0146,"a vape or e-cigarette device, clearly visible",251.0,0.2440
1773,PROMOTIONAL_JWnkH7vjXTg_F012.jpg,JWnkH7vjXTg,-0.0146,"a cigar being smoked, clearly visible",1476.6,0.2130
1774,PROMOTIONAL_oWPLQY-tESk_F003.jpg,oWPLQY-tESk,-0.0146,"a vape or e-cigarette device, clearly visible",220.3,0.2372
1775,PROMOTIONAL_ZjaOdXCXgJw_F016.jpg,ZjaOdXCXgJw,-0.0146,"a can of beer, clearly visible",224.4,0.2163
1776,PROMOTIONAL_iN7n_T5Jh54_F048.jpg,iN7n_T5Jh54,-0.0146,"a person smoking a cigarette, cigarette clearly visible",270.3,0.2076
1777,PROMOTIONAL_A2GEyAxegRY_F069.jpg,A2GEyAxegRY,-0.0146,"a person smoking a cigarette, cigarette clearly visible",146.0,0.2136
1778,PROMOTIONAL_9VLJyBaIiMQ_F029.jpg,9VLJyBaIiMQ,-0.0147,"a vape or e-cigarette device, clearly visible",231.1,0.2194
1779,PROMOTIONAL_kJofDnUYPhw_F252.jpg,kJofDnUYPhw,-0.0147,"a vape or e-cigarette device, clearly visible",106.8,0.2244
1780,PROMOTIONAL_oWPLQY-tESk_F017.jpg,oWPLQY-tESk,-0.0147,"a cigar being smoked, clearly visible",204.4,0.2151
1781,PROMOTIONAL_ZjaOdXCXgJw_F039.jpg,ZjaOdXCXgJw,-0.0147,"a can of beer, clearly visible",2359.7,0.1951
1782,PROMOTIONAL_mt4Cf63vFyI_F013.jpg,mt4Cf63vFyI,-0.0147,"a vape or e-cigarette device, clearly visible",358.8,0.1886
1783,PROMOTIONAL_oWPLQY-tESk_F050.jpg,oWPLQY-tESk,-0.0147,"a vape or e-cigarette device, clearly visible",268.7,0.2220
1784,PROMOTIONAL_5mwDEv-TSEk_F073.jpg,5mwDEv-TSEk,-0.0147,"a glass of beer or wine, clearly visible",458.3,0.2182
1785,PROMOTIONAL_sxrCjmqRTz0_F003.jpg,sxrCjmqRTz0,-0.0147,"a cigar being smoked, clearly visible",104.2,0.2507
1786,PROMOTIONAL_IrEUXOE2JHA_F058.jpg,IrEUXOE2JHA,-0.0147,"a person smoking a cigarette, cigarette clearly visible",368.8,0.2195
1787,PROMOTIONAL_iEGY45xE5io_F047.jpg,iEGY45xE5io,-0.0148,"a vape or e-cigarette device, clearly visible",208.2,0.1947
1788,PROMOTIONAL_DsWP_FrACgM_F096.jpg,DsWP_FrACgM,-0.0148,"a vape or e-cigarette device, clearly visible",375.8,0.1994
1789,PROMOTIONAL_oWPLQY-tESk_F039.jpg,oWPLQY-tESk,-0.0148,"a vape or e-cigarette device, clearly visible",107.5,0.2111
1790,PROMOTIONAL_N4UF9ezYzp0_F015.jpg,N4UF9ezYzp0,-0.0148,"a cigar being smoked, clearly visible",109.0,0.2158
1791,PROMOTIONAL_kJofDnUYPhw_F151.jpg,kJofDnUYPhw,-0.0149,"a person smoking a cigarette, cigarette clearly visible",123.0,0.2278
1792,PROMOTIONAL_Lu747R2Ktis_F045.jpg,Lu747R2Ktis,-0.0149,"a cigar being smoked, clearly visible",271.6,0.2136
1793,PROMOTIONAL_4rN1GAFrzi4_F018.jpg,4rN1GAFrzi4,-0.0149,"a person smoking a cigarette, cigarette clearly visible",758.6,0.2144
1794,PROMOTIONAL_EAnIJkAsP14_F053.jpg,EAnIJkAsP14,-0.0150,"a vape or e-cigarette device, clearly visible",118.4,0.1989
1795,PROMOTIONAL_ZPkbtIBypb0_F135.jpg,ZPkbtIBypb0,-0.0150,"a person smoking a cigarette, cigarette clearly visible",496.7,0.2184
1796,PROMOTIONAL_A2GEyAxegRY_F035.jpg,A2GEyAxegRY,-0.0150,"a cigar being smoked, clearly visible",271.2,0.2318
1797,PROMOTIONAL_Tl8jMFYa60o_F001.jpg,Tl8jMFYa60o,-0.0150,a pouch or sachet of gutka or pan masala with visible branding,181.2,0.2436
1798,PROMOTIONAL_H2qy5DVUOw8_F054.jpg,H2qy5DVUOw8,-0.0150,"a person smoking a cigarette, cigarette clearly visible",152.9,0.2143
1799,PROMOTIONAL_A2GEyAxegRY_F088.jpg,A2GEyAxegRY,-0.0150,"a cigar being smoked, clearly visible",111.4,0.2214
1800,PROMOTIONAL_EAnIJkAsP14_F055.jpg,EAnIJkAsP14,-0.0151,"a cigar being smoked, clearly visible",180.8,0.2037
1801,PROMOTIONAL_tEQISjSXuiE_F145.jpg,tEQISjSXuiE,-0.0151,"a cigar being smoked, clearly visible",107.0,0.2370
1802,PROMOTIONAL_M98NqbcWdyI_F051.jpg,M98NqbcWdyI,-0.0151,"a cigar being smoked, clearly visible",106.0,0.2134
1803,PROMOTIONAL_5mwDEv-TSEk_F018.jpg,5mwDEv-TSEk,-0.0151,"a cigar being smoked, clearly visible",509.1,0.2605
1804,PROMOTIONAL_sxrCjmqRTz0_F036.jpg,sxrCjmqRTz0,-0.0151,"a person smoking a cigarette, cigarette clearly visible",103.6,0.2405
1805,PROMOTIONAL_hvx16M1Pe9w_F052.jpg,hvx16M1Pe9w,-0.0151,"a can of beer, clearly visible",277.9,0.2181
1806,PROMOTIONAL_5mwDEv-TSEk_F092.jpg,5mwDEv-TSEk,-0.0151,a photo of a cigarette pack,607.2,0.2285
1807,PROMOTIONAL_A2GEyAxegRY_F017.jpg,A2GEyAxegRY,-0.0151,"a cigar being smoked, clearly visible",168.3,0.2224
1808,PROMOTIONAL_OWDIGDyOhcI_F052.jpg,OWDIGDyOhcI,-0.0151,"a cigar being smoked, clearly visible",171.0,0.2338
1809,PROMOTIONAL_hvx16M1Pe9w_F054.jpg,hvx16M1Pe9w,-0.0151,"a can of beer, clearly visible",206.7,0.2077
1810,PROMOTIONAL_hbQ4dEjaJ6c_F018.jpg,hbQ4dEjaJ6c,-0.0152,"a glass of beer or wine, clearly visible",277.4,0.2064
1811,PROMOTIONAL_hbQ4dEjaJ6c_F154.jpg,hbQ4dEjaJ6c,-0.0152,a photo of a cigarette pack,573.4,0.2154
1812,PROMOTIONAL_ZPkbtIBypb0_F248.jpg,ZPkbtIBypb0,-0.0152,"a person smoking a cigarette, cigarette clearly visible",407.9,0.2441
1813,PROMOTIONAL_BwlGHrC73tA_F012.jpg,BwlGHrC73tA,-0.0152,"a can of beer, clearly visible",504.8,0.2101
1814,PROMOTIONAL_JWnkH7vjXTg_F026.jpg,JWnkH7vjXTg,-0.0152,"a cigar being smoked, clearly visible",1397.9,0.2289
1815,PROMOTIONAL_OWSC-C447aY_F028.jpg,OWSC-C447aY,-0.0152,"a vape or e-cigarette device, clearly visible",120.9,0.2169
1816,PROMOTIONAL_IrEUXOE2JHA_F051.jpg,IrEUXOE2JHA,-0.0152,"a vape or e-cigarette device, clearly visible",185.1,0.2138
1817,PROMOTIONAL_BwlGHrC73tA_F146.jpg,BwlGHrC73tA,-0.0153,"a cigar being smoked, clearly visible",135.5,0.2190
1818,PROMOTIONAL_hbQ4dEjaJ6c_F114.jpg,hbQ4dEjaJ6c,-0.0153,a pouch or sachet of gutka or pan masala with visible branding,223.6,0.2086
1819,PROMOTIONAL_mt4Cf63vFyI_F004.jpg,mt4Cf63vFyI,-0.0153,"a vape or e-cigarette device, clearly visible",197.5,0.2050
1820,PROMOTIONAL_kJofDnUYPhw_F004.jpg,kJofDnUYPhw,-0.0153,"a person smoking a cigarette, cigarette clearly visible",214.5,0.2321
1821,PROMOTIONAL_V30umsF1l7c_F019.jpg,V30umsF1l7c,-0.0153,a photo of a cigarette pack,611.9,0.2101
1822,PROMOTIONAL_BwlGHrC73tA_F075.jpg,BwlGHrC73tA,-0.0153,"a cigar being smoked, clearly visible",128.8,0.2193
1823,PROMOTIONAL_7VDOruS-i10_F035.jpg,7VDOruS-i10,-0.0153,"a cigar being smoked, clearly visible",928.6,0.2078
1824,PROMOTIONAL_kJofDnUYPhw_F170.jpg,kJofDnUYPhw,-0.0153,"a vape or e-cigarette device, clearly visible",195.6,0.2337
1825,PROMOTIONAL_V30umsF1l7c_F024.jpg,V30umsF1l7c,-0.0153,"a cigar being smoked, clearly visible",300.9,0.2095
1826,PROMOTIONAL_4rN1GAFrzi4_F092.jpg,4rN1GAFrzi4,-0.0153,a pouch or sachet of gutka or pan masala with visible branding,664.6,0.2096
1827,PROMOTIONAL_4rN1GAFrzi4_F087.jpg,4rN1GAFrzi4,-0.0153,"a can of beer, clearly visible",602.6,0.2022
1828,PROMOTIONAL_RnL8eDxT7Cg_F033.jpg,RnL8eDxT7Cg,-0.0153,"a vape or e-cigarette device, clearly visible",181.5,0.2412
1829,PROMOTIONAL_hbQ4dEjaJ6c_F102.jpg,hbQ4dEjaJ6c,-0.0153,"a vape or e-cigarette device, clearly visible",173.5,0.1984
1830,PROMOTIONAL_A2GEyAxegRY_F043.jpg,A2GEyAxegRY,-0.0153,"a cigar being smoked, clearly visible",349.5,0.2339
1831,PROMOTIONAL_rIYna5PfdDU_F050.jpg,rIYna5PfdDU,-0.0154,a pouch or sachet of gutka or pan masala with visible branding,366.7,0.2196
1832,PROMOTIONAL_iEGY45xE5io_F019.jpg,iEGY45xE5io,-0.0154,"a vape or e-cigarette device, clearly visible",165.2,0.2062
1833,PROMOTIONAL_f5m68k2yyfo_F008.jpg,f5m68k2yyfo,-0.0154,"a cigar being smoked, clearly visible",797.1,0.2202
1834,PROMOTIONAL_qXlhj_LwBNc_F079.jpg,qXlhj_LwBNc,-0.0154,"a can of beer, clearly visible",686.8,0.1991
1835,PROMOTIONAL_qXlhj_LwBNc_F029.jpg,qXlhj_LwBNc,-0.0154,"a cigar being smoked, clearly visible",122.9,0.2264
1836,PROMOTIONAL_gN8Ol4w9u6s_F118.jpg,gN8Ol4w9u6s,-0.0154,"a cigar being smoked, clearly visible",303.6,0.2096
1837,PROMOTIONAL_kJofDnUYPhw_F265.jpg,kJofDnUYPhw,-0.0154,"a person smoking a cigarette, cigarette clearly visible",142.1,0.2333
1838,PROMOTIONAL_kJofDnUYPhw_F091.jpg,kJofDnUYPhw,-0.0154,"a person smoking a cigarette, cigarette clearly visible",159.1,0.2448
1839,PROMOTIONAL_2hv10KpfgXs_F039.jpg,2hv10KpfgXs,-0.0154,"a cigar being smoked, clearly visible",161.3,0.2205
1840,PROMOTIONAL_tEQISjSXuiE_F106.jpg,tEQISjSXuiE,-0.0154,"a person smoking a cigarette, cigarette clearly visible",201.9,0.2331
1841,PROMOTIONAL_iEGY45xE5io_F037.jpg,iEGY45xE5io,-0.0155,"a vape or e-cigarette device, clearly visible",266.9,0.2068
1842,PROMOTIONAL_A2GEyAxegRY_F089.jpg,A2GEyAxegRY,-0.0155,"a cigar being smoked, clearly visible",118.7,0.2395
1843,PROMOTIONAL_H2qy5DVUOw8_F030.jpg,H2qy5DVUOw8,-0.0155,a pouch or sachet of gutka or pan masala with visible branding,1433.8,0.2401
1844,PROMOTIONAL_hbQ4dEjaJ6c_F022.jpg,hbQ4dEjaJ6c,-0.0155,a hookah pipe,313.4,0.2200
1845,PROMOTIONAL_Tl8jMFYa60o_F031.jpg,Tl8jMFYa60o,-0.0156,a pouch or sachet of gutka or pan masala with visible branding,374.0,0.2251
1846,PROMOTIONAL_N4UF9ezYzp0_F025.jpg,N4UF9ezYzp0,-0.0156,"a cigar being smoked, clearly visible",113.1,0.2309
1847,PROMOTIONAL_H2qy5DVUOw8_F007.jpg,H2qy5DVUOw8,-0.0156,"a cigar being smoked, clearly visible",157.8,0.2160
1848,PROMOTIONAL_gN8Ol4w9u6s_F213.jpg,gN8Ol4w9u6s,-0.0156,"a glass of beer or wine, clearly visible",267.9,0.2265
1849,PROMOTIONAL_BwlGHrC73tA_F013.jpg,BwlGHrC73tA,-0.0156,"a can of beer, clearly visible",453.5,0.2175
1850,PROMOTIONAL_gN8Ol4w9u6s_F071.jpg,gN8Ol4w9u6s,-0.0157,"a person smoking a cigarette, cigarette clearly visible",228.2,0.2229
1851,PROMOTIONAL_OWSC-C447aY_F038.jpg,OWSC-C447aY,-0.0157,"a person smoking a cigarette, cigarette clearly visible",170.0,0.2146
1852,PROMOTIONAL_V30umsF1l7c_F003.jpg,V30umsF1l7c,-0.0157,"a vape or e-cigarette device, clearly visible",233.2,0.2184
1853,PROMOTIONAL_kJofDnUYPhw_F224.jpg,kJofDnUYPhw,-0.0157,a pouch or sachet of gutka or pan masala with visible branding,130.4,0.2248
1854,PROMOTIONAL_kJofDnUYPhw_F158.jpg,kJofDnUYPhw,-0.0157,"a person smoking a cigarette, cigarette clearly visible",171.8,0.2293
1855,PROMOTIONAL_EAnIJkAsP14_F060.jpg,EAnIJkAsP14,-0.0158,"a person smoking a cigarette, cigarette clearly visible",109.9,0.2082
1856,PROMOTIONAL_4rN1GAFrzi4_F086.jpg,4rN1GAFrzi4,-0.0158,"a can of beer, clearly visible",582.5,0.2167
1857,PROMOTIONAL_guFdyc-Rpj0_F004.jpg,guFdyc-Rpj0,-0.0158,"a vape or e-cigarette device, clearly visible",123.3,0.2158
1858,PROMOTIONAL_Q0yse1BaA8w_F033.jpg,Q0yse1BaA8w,-0.0158,a pouch or sachet of gutka or pan masala with visible branding,367.9,0.2045
1859,PROMOTIONAL_ZjaOdXCXgJw_F036.jpg,ZjaOdXCXgJw,-0.0158,a pouch or sachet of gutka or pan masala with visible branding,182.8,0.2249
1860,PROMOTIONAL_iEGY45xE5io_F011.jpg,iEGY45xE5io,-0.0158,"a vape or e-cigarette device, clearly visible",227.6,0.1922
1861,PROMOTIONAL_9VLJyBaIiMQ_F035.jpg,9VLJyBaIiMQ,-0.0158,a pouch or sachet of gutka or pan masala with visible branding,270.1,0.2245
1862,PROMOTIONAL_BJpdusGS8Ak_F015.jpg,BJpdusGS8Ak,-0.0158,"a person smoking a cigarette, cigarette clearly visible",370.6,0.2335
1863,PROMOTIONAL_hbQ4dEjaJ6c_F033.jpg,hbQ4dEjaJ6c,-0.0158,"a vape or e-cigarette device, clearly visible",153.2,0.2103
1864,PROMOTIONAL_gN8Ol4w9u6s_F094.jpg,gN8Ol4w9u6s,-0.0159,"a vape or e-cigarette device, clearly visible",163.2,0.2323
1865,PROMOTIONAL_BJpdusGS8Ak_F005.jpg,BJpdusGS8Ak,-0.0159,"a vape or e-cigarette device, clearly visible",570.9,0.2117
1866,PROMOTIONAL_4rN1GAFrzi4_F133.jpg,4rN1GAFrzi4,-0.0159,"a glass of beer or wine, clearly visible",655.0,0.2276
1867,PROMOTIONAL_ZPkbtIBypb0_F232.jpg,ZPkbtIBypb0,-0.0159,"a person smoking a cigarette, cigarette clearly visible",492.9,0.2088
1868,PROMOTIONAL_qXlhj_LwBNc_F048.jpg,qXlhj_LwBNc,-0.0159,"a cigar being smoked, clearly visible",179.9,0.2087
1869,PROMOTIONAL_L-bg5RLiOaQ_F009.jpg,L-bg5RLiOaQ,-0.0159,"a can of beer, clearly visible",104.5,0.2015
1870,PROMOTIONAL_oWPLQY-tESk_F009.jpg,oWPLQY-tESk,-0.0160,"a vape or e-cigarette device, clearly visible",448.1,0.2016
1871,PROMOTIONAL_M98NqbcWdyI_F005.jpg,M98NqbcWdyI,-0.0160,"a can of beer, clearly visible",180.9,0.2149
1872,PROMOTIONAL_ZPkbtIBypb0_F255.jpg,ZPkbtIBypb0,-0.0160,"a can of beer, clearly visible",360.6,0.2303
1873,PROMOTIONAL_oWPLQY-tESk_F020.jpg,oWPLQY-tESk,-0.0160,"a vape or e-cigarette device, clearly visible",318.0,0.2060
1874,PROMOTIONAL_EAnIJkAsP14_F038.jpg,EAnIJkAsP14,-0.0160,"a person smoking a cigarette, cigarette clearly visible",108.1,0.2105
1875,PROMOTIONAL_kJofDnUYPhw_F081.jpg,kJofDnUYPhw,-0.0160,"a vape or e-cigarette device, clearly visible",220.3,0.1958
1876,PROMOTIONAL_ZjaOdXCXgJw_F047.jpg,ZjaOdXCXgJw,-0.0160,a pouch or sachet of gutka or pan masala with visible branding,471.7,0.2024
1877,PROMOTIONAL_Kr8XAnR80XA_F035.jpg,Kr8XAnR80XA,-0.0160,"a glass of beer or wine, clearly visible",211.7,0.2241
1878,PROMOTIONAL_oWPLQY-tESk_F032.jpg,oWPLQY-tESk,-0.0160,"a vape or e-cigarette device, clearly visible",191.8,0.2384
1879,PROMOTIONAL_Cei3cHfhn1w_F027.jpg,Cei3cHfhn1w,-0.0160,"a can of beer, clearly visible",109.6,0.2119
1880,PROMOTIONAL_4IP3zfr8Tvk_F039.jpg,4IP3zfr8Tvk,-0.0161,"a can of beer, clearly visible",154.2,0.2239
1881,PROMOTIONAL_XwgNLyk38sI_F052.jpg,XwgNLyk38sI,-0.0161,"a vape or e-cigarette device, clearly visible",216.3,0.2297
1882,PROMOTIONAL_hbQ4dEjaJ6c_F096.jpg,hbQ4dEjaJ6c,-0.0161,a pouch or sachet of gutka or pan masala with visible branding,217.9,0.2057
1883,PROMOTIONAL_iEGY45xE5io_F041.jpg,iEGY45xE5io,-0.0161,"a can of beer, clearly visible",202.6,0.2057
1884,PROMOTIONAL_EAnIJkAsP14_F044.jpg,EAnIJkAsP14,-0.0161,"a cigar being smoked, clearly visible",413.7,0.2020
1885,PROMOTIONAL_gN8Ol4w9u6s_F113.jpg,gN8Ol4w9u6s,-0.0161,"a vape or e-cigarette device, clearly visible",797.7,0.1977
1886,PROMOTIONAL_hbQ4dEjaJ6c_F024.jpg,hbQ4dEjaJ6c,-0.0162,"a can of beer, clearly visible",310.7,0.2270
1887,PROMOTIONAL_hvx16M1Pe9w_F026.jpg,hvx16M1Pe9w,-0.0162,"a vape or e-cigarette device, clearly visible",332.8,0.2218
1888,PROMOTIONAL_oWPLQY-tESk_F021.jpg,oWPLQY-tESk,-0.0162,"a person smoking a cigarette, cigarette clearly visible",332.4,0.2086
1889,PROMOTIONAL_7M7oRkAaujg_F004.jpg,7M7oRkAaujg,-0.0162,"a cigar being smoked, clearly visible",155.5,0.2264
1890,PROMOTIONAL_7VDOruS-i10_F045.jpg,7VDOruS-i10,-0.0162,a photo of a cigarette pack,585.2,0.1929
1891,PROMOTIONAL_hbQ4dEjaJ6c_F032.jpg,hbQ4dEjaJ6c,-0.0162,"a person smoking a cigarette, cigarette clearly visible",252.1,0.2219
1892,PROMOTIONAL_4rN1GAFrzi4_F107.jpg,4rN1GAFrzi4,-0.0162,"a can of beer, clearly visible",483.0,0.2138
1893,PROMOTIONAL_kHlPI8FDYNg_F006.jpg,kHlPI8FDYNg,-0.0162,"a cigar being smoked, clearly visible",168.8,0.2233
1894,PROMOTIONAL_XwgNLyk38sI_F059.jpg,XwgNLyk38sI,-0.0162,"a cigar being smoked, clearly visible",162.9,0.2051
1895,PROMOTIONAL_ZPkbtIBypb0_F108.jpg,ZPkbtIBypb0,-0.0162,"a can of beer, clearly visible",364.8,0.2397
1896,PROMOTIONAL_XwgNLyk38sI_F056.jpg,XwgNLyk38sI,-0.0163,"a cigar being smoked, clearly visible",236.8,0.2082
1897,PROMOTIONAL_4rN1GAFrzi4_F090.jpg,4rN1GAFrzi4,-0.0163,a pouch or sachet of gutka or pan masala with visible branding,703.4,0.2142
1898,PROMOTIONAL_RnL8eDxT7Cg_F028.jpg,RnL8eDxT7Cg,-0.0163,"a person smoking a cigarette, cigarette clearly visible",214.9,0.2173
1899,PROMOTIONAL_cz5n3qm1G8k_F009.jpg,cz5n3qm1G8k,-0.0163,"a vape or e-cigarette device, clearly visible",342.7,0.2053
1900,PROMOTIONAL_V30umsF1l7c_F033.jpg,V30umsF1l7c,-0.0163,"a vape or e-cigarette device, clearly visible",254.0,0.2183
1901,PROMOTIONAL_NEkFNbY2ZJU_F052.jpg,NEkFNbY2ZJU,-0.0163,"a can of beer, clearly visible",200.0,0.2142
1902,PROMOTIONAL_Cei3cHfhn1w_F015.jpg,Cei3cHfhn1w,-0.0163,"a can of beer, clearly visible",137.2,0.2017
1903,PROMOTIONAL_BJpdusGS8Ak_F022.jpg,BJpdusGS8Ak,-0.0163,a hookah pipe,267.0,0.2512
1904,PROMOTIONAL_ZPkbtIBypb0_F136.jpg,ZPkbtIBypb0,-0.0164,"a person smoking a cigarette, cigarette clearly visible",500.1,0.2259
1905,PROMOTIONAL_fmK0FYpaJ7E_F006.jpg,fmK0FYpaJ7E,-0.0164,"a vape or e-cigarette device, clearly visible",105.2,0.2514
1906,PROMOTIONAL_IrEUXOE2JHA_F057.jpg,IrEUXOE2JHA,-0.0164,a photo of a cigarette pack,472.8,0.2024
1907,PROMOTIONAL_ZPkbtIBypb0_F137.jpg,ZPkbtIBypb0,-0.0164,"a vape or e-cigarette device, clearly visible",348.7,0.2164
1908,PROMOTIONAL_BwlGHrC73tA_F074.jpg,BwlGHrC73tA,-0.0164,"a person smoking a cigarette, cigarette clearly visible",167.6,0.2137
1909,PROMOTIONAL_ymCBZ6xXJkY_F086.jpg,ymCBZ6xXJkY,-0.0164,"a can of beer, clearly visible",715.4,0.2025
1910,PROMOTIONAL_ymCBZ6xXJkY_F018.jpg,ymCBZ6xXJkY,-0.0164,"a cigar being smoked, clearly visible",235.1,0.2019
1911,PROMOTIONAL_Q0yse1BaA8w_F005.jpg,Q0yse1BaA8w,-0.0164,"a cigar being smoked, clearly visible",262.0,0.2213
1912,PROMOTIONAL_kJofDnUYPhw_F023.jpg,kJofDnUYPhw,-0.0164,"a vape or e-cigarette device, clearly visible",120.9,0.2180
1913,PROMOTIONAL_5mwDEv-TSEk_F065.jpg,5mwDEv-TSEk,-0.0164,"a cigar being smoked, clearly visible",222.0,0.2052
1914,PROMOTIONAL_ZPkbtIBypb0_F267.jpg,ZPkbtIBypb0,-0.0165,"a person smoking a cigarette, cigarette clearly visible",255.3,0.2203
1915,PROMOTIONAL_9VLJyBaIiMQ_F027.jpg,9VLJyBaIiMQ,-0.0165,"a can of beer, clearly visible",310.8,0.2178
1916,PROMOTIONAL_AMK9MrKAXKw_F010.jpg,AMK9MrKAXKw,-0.0165,"a person smoking a cigarette, cigarette clearly visible",216.8,0.2087
1917,PROMOTIONAL_kJofDnUYPhw_F098.jpg,kJofDnUYPhw,-0.0165,"a person smoking a cigarette, cigarette clearly visible",152.1,0.2268
1918,PROMOTIONAL_kJofDnUYPhw_F130.jpg,kJofDnUYPhw,-0.0165,"a vape or e-cigarette device, clearly visible",182.5,0.2234
1919,PROMOTIONAL_4rN1GAFrzi4_F055.jpg,4rN1GAFrzi4,-0.0165,"a can of beer, clearly visible",520.8,0.2066
1920,PROMOTIONAL_JWnkH7vjXTg_F008.jpg,JWnkH7vjXTg,-0.0165,"a cigar being smoked, clearly visible",2095.0,0.2239
1921,PROMOTIONAL_RnL8eDxT7Cg_F073.jpg,RnL8eDxT7Cg,-0.0166,"a vape or e-cigarette device, clearly visible",119.7,0.2319
1922,PROMOTIONAL_oWPLQY-tESk_F042.jpg,oWPLQY-tESk,-0.0166,"a vape or e-cigarette device, clearly visible",595.5,0.2027
1923,PROMOTIONAL_gN8Ol4w9u6s_F069.jpg,gN8Ol4w9u6s,-0.0166,"a vape or e-cigarette device, clearly visible",310.8,0.2262
1924,PROMOTIONAL_gN8Ol4w9u6s_F067.jpg,gN8Ol4w9u6s,-0.0166,"a person smoking a cigarette, cigarette clearly visible",377.4,0.2205
1925,PROMOTIONAL_gN8Ol4w9u6s_F142.jpg,gN8Ol4w9u6s,-0.0166,"a vape or e-cigarette device, clearly visible",408.5,0.2182
1926,PROMOTIONAL_2hv10KpfgXs_F025.jpg,2hv10KpfgXs,-0.0166,"a cigar being smoked, clearly visible",150.1,0.2144
1927,PROMOTIONAL_5rX-wl7b5Vg_F012.jpg,5rX-wl7b5Vg,-0.0167,"a vape or e-cigarette device, clearly visible",237.4,0.2353
1928,PROMOTIONAL_V30umsF1l7c_F012.jpg,V30umsF1l7c,-0.0167,"a can of beer, clearly visible",947.2,0.2190
1929,PROMOTIONAL_XxZ91r8k7HY_F036.jpg,XxZ91r8k7HY,-0.0167,"a person smoking a cigarette, cigarette clearly visible",213.3,0.2147
1930,PROMOTIONAL_hvx16M1Pe9w_F015.jpg,hvx16M1Pe9w,-0.0167,"a vape or e-cigarette device, clearly visible",602.9,0.2224
1931,PROMOTIONAL_XxZ91r8k7HY_F026.jpg,XxZ91r8k7HY,-0.0167,"a can of beer, clearly visible",1825.1,0.1943
1932,PROMOTIONAL_XxZ91r8k7HY_F017.jpg,XxZ91r8k7HY,-0.0167,"a cigar being smoked, clearly visible",269.6,0.2080
1933,PROMOTIONAL_Tl8jMFYa60o_F050.jpg,Tl8jMFYa60o,-0.0167,"a person smoking a cigarette, cigarette clearly visible",365.0,0.1967
1934,PROMOTIONAL_ZPkbtIBypb0_F141.jpg,ZPkbtIBypb0,-0.0167,"a vape or e-cigarette device, clearly visible",396.7,0.2184
1935,PROMOTIONAL_A2GEyAxegRY_F050.jpg,A2GEyAxegRY,-0.0167,"a cigar being smoked, clearly visible",458.1,0.2131
1936,PROMOTIONAL_sxrCjmqRTz0_F044.jpg,sxrCjmqRTz0,-0.0168,a photo of a cigarette pack,116.9,0.2726
1937,PROMOTIONAL_ZPkbtIBypb0_F111.jpg,ZPkbtIBypb0,-0.0168,"a vape or e-cigarette device, clearly visible",345.3,0.2021
1938,PROMOTIONAL_-vFLsll_Gpk_F010.jpg,-vFLsll_Gpk,-0.0168,a pouch or sachet of gutka or pan masala with visible branding,115.5,0.1956
1939,PROMOTIONAL_hbQ4dEjaJ6c_F134.jpg,hbQ4dEjaJ6c,-0.0168,"a person smoking a cigarette, cigarette clearly visible",236.9,0.1970
1940,PROMOTIONAL_EAnIJkAsP14_F031.jpg,EAnIJkAsP14,-0.0168,"a cigar being smoked, clearly visible",1033.5,0.1952
1941,PROMOTIONAL_oWPLQY-tESk_F013.jpg,oWPLQY-tESk,-0.0168,a pouch or sachet of gutka or pan masala with visible branding,132.8,0.2008
1942,PROMOTIONAL_EAnIJkAsP14_F056.jpg,EAnIJkAsP14,-0.0168,"a cigar being smoked, clearly visible",117.6,0.2089
1943,PROMOTIONAL_ymCBZ6xXJkY_F116.jpg,ymCBZ6xXJkY,-0.0168,a pouch or sachet of gutka or pan masala with visible branding,3193.1,0.2122
1944,PROMOTIONAL_kJofDnUYPhw_F061.jpg,kJofDnUYPhw,-0.0168,"a can of beer, clearly visible",360.3,0.2110
1945,PROMOTIONAL_A2GEyAxegRY_F064.jpg,A2GEyAxegRY,-0.0168,"a can of beer, clearly visible",158.3,0.2299
1946,PROMOTIONAL_kJofDnUYPhw_F198.jpg,kJofDnUYPhw,-0.0168,"a vape or e-cigarette device, clearly visible",217.5,0.2207
1947,PROMOTIONAL_4rN1GAFrzi4_F066.jpg,4rN1GAFrzi4,-0.0168,"a can of beer, clearly visible",672.6,0.2083
1948,PROMOTIONAL_sxrCjmqRTz0_F045.jpg,sxrCjmqRTz0,-0.0169,"a person smoking a cigarette, cigarette clearly visible",117.9,0.2686
1949,PROMOTIONAL_rIYna5PfdDU_F022.jpg,rIYna5PfdDU,-0.0169,"a vape or e-cigarette device, clearly visible",484.3,0.2056
1950,PROMOTIONAL_BwlGHrC73tA_F115.jpg,BwlGHrC73tA,-0.0169,a pouch or sachet of gutka or pan masala with visible branding,127.9,0.2242
1951,PROMOTIONAL_o2cFKv3Sb_8_F026.jpg,o2cFKv3Sb_8,-0.0169,"a cigar being smoked, clearly visible",239.1,0.2150
1952,PROMOTIONAL_M98NqbcWdyI_F052.jpg,M98NqbcWdyI,-0.0169,"a vape or e-cigarette device, clearly visible",194.3,0.2141
1953,PROMOTIONAL_9VLJyBaIiMQ_F022.jpg,9VLJyBaIiMQ,-0.0169,"a cigar being smoked, clearly visible",212.4,0.2143
1954,PROMOTIONAL_ZPkbtIBypb0_F038.jpg,ZPkbtIBypb0,-0.0169,"a can of beer, clearly visible",305.9,0.2408
1955,PROMOTIONAL_ZjaOdXCXgJw_F014.jpg,ZjaOdXCXgJw,-0.0169,a pouch or sachet of gutka or pan masala with visible branding,282.8,0.2151
1956,PROMOTIONAL_7VDOruS-i10_F039.jpg,7VDOruS-i10,-0.0169,a hookah pipe,127.3,0.2241
1957,PROMOTIONAL_gN8Ol4w9u6s_F206.jpg,gN8Ol4w9u6s,-0.0169,"a can of beer, clearly visible",270.4,0.2203
1958,PROMOTIONAL_kJofDnUYPhw_F329.jpg,kJofDnUYPhw,-0.0169,"a vape or e-cigarette device, clearly visible",217.0,0.2407
1959,PROMOTIONAL_ZPkbtIBypb0_F215.jpg,ZPkbtIBypb0,-0.0169,"a cigar being smoked, clearly visible",108.7,0.2462
1960,PROMOTIONAL_kJofDnUYPhw_F139.jpg,kJofDnUYPhw,-0.0170,a pouch or sachet of gutka or pan masala with visible branding,285.1,0.2123
1961,PROMOTIONAL_gN8Ol4w9u6s_F211.jpg,gN8Ol4w9u6s,-0.0170,"a vape or e-cigarette device, clearly visible",258.2,0.2111
1962,PROMOTIONAL_oWPLQY-tESk_F049.jpg,oWPLQY-tESk,-0.0170,"a vape or e-cigarette device, clearly visible",389.6,0.2143
1963,PROMOTIONAL_oWPLQY-tESk_F043.jpg,oWPLQY-tESk,-0.0170,"a vape or e-cigarette device, clearly visible",513.6,0.2038
1964,PROMOTIONAL_hbQ4dEjaJ6c_F125.jpg,hbQ4dEjaJ6c,-0.0170,"a vape or e-cigarette device, clearly visible",163.9,0.2151
1965,PROMOTIONAL_tEQISjSXuiE_F092.jpg,tEQISjSXuiE,-0.0170,"a can of beer, clearly visible",233.5,0.2213
1966,PROMOTIONAL_BwlGHrC73tA_F124.jpg,BwlGHrC73tA,-0.0170,"a person smoking a cigarette, cigarette clearly visible",136.3,0.2282
1967,PROMOTIONAL_o2cFKv3Sb_8_F030.jpg,o2cFKv3Sb_8,-0.0170,"a vape or e-cigarette device, clearly visible",202.5,0.2048
1968,PROMOTIONAL_RnL8eDxT7Cg_F038.jpg,RnL8eDxT7Cg,-0.0170,"a glass of beer or wine, clearly visible",894.6,0.1938
1969,PROMOTIONAL_i8sQcC6wF1Q_F019.jpg,i8sQcC6wF1Q,-0.0170,"a person smoking a cigarette, cigarette clearly visible",236.9,0.2197
1970,PROMOTIONAL_A2GEyAxegRY_F047.jpg,A2GEyAxegRY,-0.0170,"a vape or e-cigarette device, clearly visible",184.7,0.2279
1971,PROMOTIONAL_4IP3zfr8Tvk_F112.jpg,4IP3zfr8Tvk,-0.0170,"a cigar being smoked, clearly visible",111.0,0.2283
1972,PROMOTIONAL_ZPkbtIBypb0_F064.jpg,ZPkbtIBypb0,-0.0171,"a vape or e-cigarette device, clearly visible",377.5,0.2321
1973,PROMOTIONAL_oWPLQY-tESk_F018.jpg,oWPLQY-tESk,-0.0171,"a cigar being smoked, clearly visible",459.2,0.2255
1974,PROMOTIONAL_Tl8jMFYa60o_F002.jpg,Tl8jMFYa60o,-0.0171,"a person smoking a cigarette, cigarette clearly visible",224.1,0.2346
1975,PROMOTIONAL_4rN1GAFrzi4_F059.jpg,4rN1GAFrzi4,-0.0171,"a can of beer, clearly visible",453.8,0.2195
1976,PROMOTIONAL_4IP3zfr8Tvk_F131.jpg,4IP3zfr8Tvk,-0.0171,"a cigar being smoked, clearly visible",227.5,0.2159
1977,PROMOTIONAL_BwlGHrC73tA_F023.jpg,BwlGHrC73tA,-0.0172,"a vape or e-cigarette device, clearly visible",109.8,0.2234
1978,PROMOTIONAL_A2GEyAxegRY_F027.jpg,A2GEyAxegRY,-0.0172,"a person smoking a cigarette, cigarette clearly visible",271.8,0.2197
1979,PROMOTIONAL_5mwDEv-TSEk_F021.jpg,5mwDEv-TSEk,-0.0172,a pouch or sachet of gutka or pan masala with visible branding,157.2,0.2489
1980,PROMOTIONAL_H2qy5DVUOw8_F020.jpg,H2qy5DVUOw8,-0.0172,"a person smoking a cigarette, cigarette clearly visible",274.6,0.2121
1981,PROMOTIONAL_XwgNLyk38sI_F055.jpg,XwgNLyk38sI,-0.0172,"a cigar being smoked, clearly visible",176.2,0.2165
1982,PROMOTIONAL_BwlGHrC73tA_F182.jpg,BwlGHrC73tA,-0.0172,"a person smoking a cigarette, cigarette clearly visible",150.4,0.2142
1983,PROMOTIONAL_gN8Ol4w9u6s_F037.jpg,gN8Ol4w9u6s,-0.0172,"a vape or e-cigarette device, clearly visible",920.4,0.1977
1984,PROMOTIONAL_kJofDnUYPhw_F353.jpg,kJofDnUYPhw,-0.0172,"a cigar being smoked, clearly visible",488.6,0.2602
1985,PROMOTIONAL_M98NqbcWdyI_F044.jpg,M98NqbcWdyI,-0.0172,"a cigar being smoked, clearly visible",177.6,0.2111
1986,PROMOTIONAL_kJofDnUYPhw_F140.jpg,kJofDnUYPhw,-0.0172,a pouch or sachet of gutka or pan masala with visible branding,195.1,0.2213
1987,PROMOTIONAL_9VLJyBaIiMQ_F053.jpg,9VLJyBaIiMQ,-0.0172,"a cigar being smoked, clearly visible",175.2,0.2322
1988,PROMOTIONAL_DsWP_FrACgM_F049.jpg,DsWP_FrACgM,-0.0172,"a glass of beer or wine, clearly visible",704.1,0.1991
1989,PROMOTIONAL_gN8Ol4w9u6s_F229.jpg,gN8Ol4w9u6s,-0.0172,a photo of a cigarette pack,729.1,0.2036
1990,PROMOTIONAL_XwgNLyk38sI_F058.jpg,XwgNLyk38sI,-0.0173,"a cigar being smoked, clearly visible",176.6,0.2313
1991,PROMOTIONAL_kJofDnUYPhw_F207.jpg,kJofDnUYPhw,-0.0173,"a person smoking a cigarette, cigarette clearly visible",109.8,0.2160
1992,PROMOTIONAL_kJofDnUYPhw_F141.jpg,kJofDnUYPhw,-0.0173,"a vape or e-cigarette device, clearly visible",196.0,0.2323
1993,PROMOTIONAL_ZPkbtIBypb0_F163.jpg,ZPkbtIBypb0,-0.0173,"a person smoking a cigarette, cigarette clearly visible",375.8,0.2212
1994,PROMOTIONAL_IrEUXOE2JHA_F012.jpg,IrEUXOE2JHA,-0.0173,"a cigar being smoked, clearly visible",187.3,0.2225
1995,PROMOTIONAL_ZdlX7gvDZ0U_F003.jpg,ZdlX7gvDZ0U,-0.0173,a pouch or sachet of gutka or pan masala with visible branding,1768.6,0.2077
1996,PROMOTIONAL_gN8Ol4w9u6s_F180.jpg,gN8Ol4w9u6s,-0.0173,a pouch or sachet of gutka or pan masala with visible branding,115.6,0.2165
1997,PROMOTIONAL_qXlhj_LwBNc_F080.jpg,qXlhj_LwBNc,-0.0174,"a vape or e-cigarette device, clearly visible",609.5,0.2032
1998,PROMOTIONAL_4rN1GAFrzi4_F102.jpg,4rN1GAFrzi4,-0.0174,"a can of beer, clearly visible",577.1,0.2034
1999,PROMOTIONAL_S2pF1WuMy2M_F042.jpg,S2pF1WuMy2M,-0.0174,"a person smoking a cigarette, cigarette clearly visible",848.1,0.2146
2000,PROMOTIONAL_ZjaOdXCXgJw_F043.jpg,ZjaOdXCXgJw,-0.0174,"a person smoking a cigarette, cigarette clearly visible",521.3,0.2201
2001,PROMOTIONAL_hbQ4dEjaJ6c_F070.jpg,hbQ4dEjaJ6c,-0.0174,"a vape or e-cigarette device, clearly visible",270.5,0.2159
2002,PROMOTIONAL_RnL8eDxT7Cg_F087.jpg,RnL8eDxT7Cg,-0.0174,"a cigar being smoked, clearly visible",223.3,0.2175
2003,PROMOTIONAL_ZPkbtIBypb0_F041.jpg,ZPkbtIBypb0,-0.0174,"a vape or e-cigarette device, clearly visible",288.7,0.2356
2004,PROMOTIONAL_oWPLQY-tESk_F024.jpg,oWPLQY-tESk,-0.0174,"a vape or e-cigarette device, clearly visible",432.0,0.2109
2005,PROMOTIONAL_ZjaOdXCXgJw_F032.jpg,ZjaOdXCXgJw,-0.0174,a pouch or sachet of gutka or pan masala with visible branding,109.2,0.2230
2006,PROMOTIONAL_ymCBZ6xXJkY_F037.jpg,ymCBZ6xXJkY,-0.0175,"a person smoking a cigarette, cigarette clearly visible",258.1,0.2264
2007,PROMOTIONAL_kJofDnUYPhw_F182.jpg,kJofDnUYPhw,-0.0175,"a vape or e-cigarette device, clearly visible",262.8,0.2269
2008,PROMOTIONAL_4rN1GAFrzi4_F002.jpg,4rN1GAFrzi4,-0.0175,"a vape or e-cigarette device, clearly visible",442.4,0.2042
2009,PROMOTIONAL_4IP3zfr8Tvk_F006.jpg,4IP3zfr8Tvk,-0.0175,"a cigar being smoked, clearly visible",140.0,0.2169
2010,PROMOTIONAL_OWSC-C447aY_F029.jpg,OWSC-C447aY,-0.0175,"a glass of beer or wine, clearly visible",115.6,0.2166
2011,PROMOTIONAL_7VDOruS-i10_F015.jpg,7VDOruS-i10,-0.0176,"a cigar being smoked, clearly visible",197.6,0.2333
2012,PROMOTIONAL_4IP3zfr8Tvk_F065.jpg,4IP3zfr8Tvk,-0.0176,"a cigar being smoked, clearly visible",125.0,0.2138
2013,PROMOTIONAL_guFdyc-Rpj0_F020.jpg,guFdyc-Rpj0,-0.0176,"a cigar being smoked, clearly visible",622.6,0.2059
2014,PROMOTIONAL_gN8Ol4w9u6s_F132.jpg,gN8Ol4w9u6s,-0.0176,"a vape or e-cigarette device, clearly visible",302.9,0.2212
2015,PROMOTIONAL_gN8Ol4w9u6s_F141.jpg,gN8Ol4w9u6s,-0.0176,"a vape or e-cigarette device, clearly visible",165.1,0.2163
2016,PROMOTIONAL_i8sQcC6wF1Q_F048.jpg,i8sQcC6wF1Q,-0.0176,"a person smoking a cigarette, cigarette clearly visible",253.9,0.1991
2017,PROMOTIONAL_kJofDnUYPhw_F331.jpg,kJofDnUYPhw,-0.0176,"a vape or e-cigarette device, clearly visible",193.8,0.2347
2018,PROMOTIONAL_ZPkbtIBypb0_F338.jpg,ZPkbtIBypb0,-0.0176,a pouch or sachet of gutka or pan masala with visible branding,1573.9,0.1940
2019,PROMOTIONAL_hbQ4dEjaJ6c_F023.jpg,hbQ4dEjaJ6c,-0.0177,"a glass of beer or wine, clearly visible",271.0,0.2137
2020,PROMOTIONAL_cz5n3qm1G8k_F012.jpg,cz5n3qm1G8k,-0.0177,"a vape or e-cigarette device, clearly visible",228.8,0.2181
2021,PROMOTIONAL_2hv10KpfgXs_F038.jpg,2hv10KpfgXs,-0.0177,"a person smoking a cigarette, cigarette clearly visible",160.5,0.2329
2022,PROMOTIONAL_hbQ4dEjaJ6c_F104.jpg,hbQ4dEjaJ6c,-0.0177,"a vape or e-cigarette device, clearly visible",207.5,0.2130
2023,PROMOTIONAL_rIYna5PfdDU_F020.jpg,rIYna5PfdDU,-0.0177,"a vape or e-cigarette device, clearly visible",197.3,0.2269
2024,PROMOTIONAL_oWPLQY-tESk_F052.jpg,oWPLQY-tESk,-0.0178,"a vape or e-cigarette device, clearly visible",184.7,0.2218
2025,PROMOTIONAL_gN8Ol4w9u6s_F205.jpg,gN8Ol4w9u6s,-0.0178,"a vape or e-cigarette device, clearly visible",322.9,0.2282
2026,PROMOTIONAL_qXlhj_LwBNc_F046.jpg,qXlhj_LwBNc,-0.0178,"a cigar being smoked, clearly visible",140.5,0.2471
2027,PROMOTIONAL_IrEUXOE2JHA_F079.jpg,IrEUXOE2JHA,-0.0178,"a vape or e-cigarette device, clearly visible",135.1,0.2353
2028,PROMOTIONAL_A2GEyAxegRY_F032.jpg,A2GEyAxegRY,-0.0178,"a cigar being smoked, clearly visible",309.2,0.2202
2029,PROMOTIONAL_A2GEyAxegRY_F076.jpg,A2GEyAxegRY,-0.0178,"a vape or e-cigarette device, clearly visible",137.7,0.2038
2030,PROMOTIONAL_-vFLsll_Gpk_F029.jpg,-vFLsll_Gpk,-0.0178,a hookah pipe,234.6,0.2074
2031,PROMOTIONAL_hbQ4dEjaJ6c_F057.jpg,hbQ4dEjaJ6c,-0.0178,"a vape or e-cigarette device, clearly visible",141.1,0.1956
2032,PROMOTIONAL_M98NqbcWdyI_F048.jpg,M98NqbcWdyI,-0.0178,a hookah pipe,278.9,0.2182
2033,PROMOTIONAL_kJofDnUYPhw_F129.jpg,kJofDnUYPhw,-0.0178,"a vape or e-cigarette device, clearly visible",158.4,0.2373
2034,PROMOTIONAL_kJofDnUYPhw_F177.jpg,kJofDnUYPhw,-0.0179,"a vape or e-cigarette device, clearly visible",194.0,0.2257
2035,PROMOTIONAL_kJofDnUYPhw_F193.jpg,kJofDnUYPhw,-0.0179,"a cigar being smoked, clearly visible",273.9,0.2252
2036,PROMOTIONAL_ymCBZ6xXJkY_F078.jpg,ymCBZ6xXJkY,-0.0179,"a glass of beer or wine, clearly visible",191.5,0.2205
2037,PROMOTIONAL_kJofDnUYPhw_F101.jpg,kJofDnUYPhw,-0.0179,"a person smoking a cigarette, cigarette clearly visible",234.0,0.2266
2038,PROMOTIONAL_N4UF9ezYzp0_F024.jpg,N4UF9ezYzp0,-0.0179,"a cigar being smoked, clearly visible",134.8,0.2134
2039,PROMOTIONAL_4rN1GAFrzi4_F114.jpg,4rN1GAFrzi4,-0.0179,"a can of beer, clearly visible",588.6,0.2324
2040,PROMOTIONAL_Tl8jMFYa60o_F013.jpg,Tl8jMFYa60o,-0.0179,a pouch or sachet of gutka or pan masala with visible branding,301.6,0.2055
2041,PROMOTIONAL_AkkChMJv4wA_F023.jpg,AkkChMJv4wA,-0.0179,a pouch or sachet of gutka or pan masala with visible branding,102.8,0.1880
2042,PROMOTIONAL_hbQ4dEjaJ6c_F085.jpg,hbQ4dEjaJ6c,-0.0179,a pouch or sachet of gutka or pan masala with visible branding,251.8,0.2070
2043,PROMOTIONAL_ZPkbtIBypb0_F217.jpg,ZPkbtIBypb0,-0.0179,a pouch or sachet of gutka or pan masala with visible branding,468.3,0.2006
2044,PROMOTIONAL_kJofDnUYPhw_F056.jpg,kJofDnUYPhw,-0.0180,a pouch or sachet of gutka or pan masala with visible branding,149.6,0.2173
2045,PROMOTIONAL_DsWP_FrACgM_F009.jpg,DsWP_FrACgM,-0.0180,"a cigar being smoked, clearly visible",166.4,0.2151
2046,PROMOTIONAL_gN8Ol4w9u6s_F168.jpg,gN8Ol4w9u6s,-0.0180,"a vape or e-cigarette device, clearly visible",815.6,0.1874
2047,PROMOTIONAL_oC9BCdJmuZc_F022.jpg,oC9BCdJmuZc,-0.0180,a pouch or sachet of gutka or pan masala with visible branding,264.9,0.2447
2048,PROMOTIONAL_3MaLTyJokyM_F036.jpg,3MaLTyJokyM,-0.0180,"a can of beer, clearly visible",154.1,0.2022
2049,PROMOTIONAL_iEGY45xE5io_F042.jpg,iEGY45xE5io,-0.0180,"a vape or e-cigarette device, clearly visible",218.8,0.2213
2050,PROMOTIONAL_RnL8eDxT7Cg_F007.jpg,RnL8eDxT7Cg,-0.0180,a photo of a cigarette pack,571.3,0.2164
2051,PROMOTIONAL_4IP3zfr8Tvk_F137.jpg,4IP3zfr8Tvk,-0.0181,"a can of beer, clearly visible",131.4,0.2195
2052,PROMOTIONAL_9VLJyBaIiMQ_F056.jpg,9VLJyBaIiMQ,-0.0181,a hookah pipe,1052.1,0.1908
2053,PROMOTIONAL_Q0yse1BaA8w_F026.jpg,Q0yse1BaA8w,-0.0181,"a person smoking a cigarette, cigarette clearly visible",945.0,0.1852
2054,PROMOTIONAL_ymCBZ6xXJkY_F081.jpg,ymCBZ6xXJkY,-0.0181,"a can of beer, clearly visible",638.8,0.2117
2055,PROMOTIONAL_EAnIJkAsP14_F054.jpg,EAnIJkAsP14,-0.0182,"a person smoking a cigarette, cigarette clearly visible",113.1,0.2019
2056,PROMOTIONAL_kJofDnUYPhw_F124.jpg,kJofDnUYPhw,-0.0182,"a can of beer, clearly visible",224.2,0.2194
2057,PROMOTIONAL_hvx16M1Pe9w_F055.jpg,hvx16M1Pe9w,-0.0182,"a can of beer, clearly visible",200.4,0.1963
2058,PROMOTIONAL_kJofDnUYPhw_F114.jpg,kJofDnUYPhw,-0.0182,"a person smoking a cigarette, cigarette clearly visible",138.2,0.2433
2059,PROMOTIONAL_gN8Ol4w9u6s_F143.jpg,gN8Ol4w9u6s,-0.0182,"a cigar being smoked, clearly visible",407.4,0.2196
2060,PROMOTIONAL_qXlhj_LwBNc_F049.jpg,qXlhj_LwBNc,-0.0182,"a can of beer, clearly visible",285.6,0.2010
2061,PROMOTIONAL_9VLJyBaIiMQ_F058.jpg,9VLJyBaIiMQ,-0.0182,a hookah pipe,1113.1,0.2249
2062,PROMOTIONAL_OWDIGDyOhcI_F041.jpg,OWDIGDyOhcI,-0.0182,"a cigar being smoked, clearly visible",337.7,0.2307
2063,PROMOTIONAL_A2GEyAxegRY_F055.jpg,A2GEyAxegRY,-0.0182,"a cigar being smoked, clearly visible",1056.3,0.2070
2064,PROMOTIONAL_EAnIJkAsP14_F041.jpg,EAnIJkAsP14,-0.0183,"a cigar being smoked, clearly visible",329.1,0.2105
2065,PROMOTIONAL_DfohsAEWphs_F029.jpg,DfohsAEWphs,-0.0183,"a cigar being smoked, clearly visible",352.8,0.2041
2066,PROMOTIONAL_-IRKWvvlT-M_F001.jpg,-IRKWvvlT-M,-0.0183,"a cigar being smoked, clearly visible",301.1,0.2240
2067,PROMOTIONAL_4rN1GAFrzi4_F113.jpg,4rN1GAFrzi4,-0.0183,"a can of beer, clearly visible",705.5,0.2142
2068,PROMOTIONAL_DfohsAEWphs_F023.jpg,DfohsAEWphs,-0.0183,"a person smoking a cigarette, cigarette clearly visible",536.2,0.2132
2069,PROMOTIONAL_Tl8jMFYa60o_F012.jpg,Tl8jMFYa60o,-0.0183,a pouch or sachet of gutka or pan masala with visible branding,343.6,0.2124
2070,PROMOTIONAL_Tl8jMFYa60o_F060.jpg,Tl8jMFYa60o,-0.0183,a pouch or sachet of gutka or pan masala with visible branding,422.4,0.2257
2071,PROMOTIONAL_hvx16M1Pe9w_F053.jpg,hvx16M1Pe9w,-0.0184,"a cigar being smoked, clearly visible",347.1,0.2004
2072,PROMOTIONAL_BwlGHrC73tA_F128.jpg,BwlGHrC73tA,-0.0184,"a cigar being smoked, clearly visible",121.7,0.2138
2073,PROMOTIONAL_RnL8eDxT7Cg_F106.jpg,RnL8eDxT7Cg,-0.0184,"a cigar being smoked, clearly visible",139.5,0.2073
2074,PROMOTIONAL_5mwDEv-TSEk_F071.jpg,5mwDEv-TSEk,-0.0184,"a cigar being smoked, clearly visible",191.9,0.1995
2075,PROMOTIONAL_5rX-wl7b5Vg_F002.jpg,5rX-wl7b5Vg,-0.0184,"a vape or e-cigarette device, clearly visible",259.8,0.2088
2076,PROMOTIONAL_A2GEyAxegRY_F007.jpg,A2GEyAxegRY,-0.0184,"a cigar being smoked, clearly visible",331.3,0.2164
2077,PROMOTIONAL_gN8Ol4w9u6s_F216.jpg,gN8Ol4w9u6s,-0.0184,"a vape or e-cigarette device, clearly visible",230.6,0.2269
2078,PROMOTIONAL_Tl8jMFYa60o_F043.jpg,Tl8jMFYa60o,-0.0184,"a cigar being smoked, clearly visible",477.0,0.2059
2079,PROMOTIONAL_ymCBZ6xXJkY_F010.jpg,ymCBZ6xXJkY,-0.0185,"a cigar being smoked, clearly visible",190.0,0.2022
2080,PROMOTIONAL_kJofDnUYPhw_F345.jpg,kJofDnUYPhw,-0.0185,"a vape or e-cigarette device, clearly visible",507.6,0.2249
2081,PROMOTIONAL_hbQ4dEjaJ6c_F090.jpg,hbQ4dEjaJ6c,-0.0185,a pouch or sachet of gutka or pan masala with visible branding,261.2,0.2129
2082,PROMOTIONAL_7M7oRkAaujg_F019.jpg,7M7oRkAaujg,-0.0185,"a person smoking a cigarette, cigarette clearly visible",351.5,0.2012
2083,PROMOTIONAL_ymCBZ6xXJkY_F066.jpg,ymCBZ6xXJkY,-0.0185,"a cigar being smoked, clearly visible",132.0,0.2056
2084,PROMOTIONAL_hbQ4dEjaJ6c_F144.jpg,hbQ4dEjaJ6c,-0.0185,"a glass of beer or wine, clearly visible",275.1,0.2065
2085,PROMOTIONAL_kJofDnUYPhw_F149.jpg,kJofDnUYPhw,-0.0185,"a vape or e-cigarette device, clearly visible",123.5,0.2344
2086,PROMOTIONAL_NEkFNbY2ZJU_F008.jpg,NEkFNbY2ZJU,-0.0185,a pouch or sachet of gutka or pan masala with visible branding,336.9,0.2080
2087,PROMOTIONAL_hbQ4dEjaJ6c_F092.jpg,hbQ4dEjaJ6c,-0.0185,"a vape or e-cigarette device, clearly visible",231.7,0.1959
2088,PROMOTIONAL_gN8Ol4w9u6s_F131.jpg,gN8Ol4w9u6s,-0.0185,"a cigar being smoked, clearly visible",321.7,0.2194
2089,PROMOTIONAL_9VLJyBaIiMQ_F006.jpg,9VLJyBaIiMQ,-0.0185,"a glass of beer or wine, clearly visible",152.0,0.2174
2090,PROMOTIONAL_H2qy5DVUOw8_F022.jpg,H2qy5DVUOw8,-0.0185,"a person smoking a cigarette, cigarette clearly visible",230.2,0.2110
2091,PROMOTIONAL_ZPkbtIBypb0_F201.jpg,ZPkbtIBypb0,-0.0185,"a person smoking a cigarette, cigarette clearly visible",376.2,0.2135
2092,PROMOTIONAL_rIYna5PfdDU_F041.jpg,rIYna5PfdDU,-0.0185,a pouch or sachet of gutka or pan masala with visible branding,789.7,0.2292
2093,PROMOTIONAL_ymCBZ6xXJkY_F074.jpg,ymCBZ6xXJkY,-0.0186,"a can of beer, clearly visible",217.8,0.1906
2094,PROMOTIONAL_kJofDnUYPhw_F183.jpg,kJofDnUYPhw,-0.0186,"a vape or e-cigarette device, clearly visible",268.4,0.2174
2095,PROMOTIONAL_iEGY45xE5io_F003.jpg,iEGY45xE5io,-0.0186,"a can of beer, clearly visible",354.6,0.2016
2096,PROMOTIONAL_zNfEfnyxE6c_F012.jpg,zNfEfnyxE6c,-0.0186,"a vape or e-cigarette device, clearly visible",304.5,0.2156
2097,PROMOTIONAL_kJofDnUYPhw_F343.jpg,kJofDnUYPhw,-0.0186,"a vape or e-cigarette device, clearly visible",302.4,0.2342
2098,PROMOTIONAL_kJofDnUYPhw_F009.jpg,kJofDnUYPhw,-0.0186,"a person smoking a cigarette, cigarette clearly visible",199.9,0.2512
2099,PROMOTIONAL_9VLJyBaIiMQ_F045.jpg,9VLJyBaIiMQ,-0.0186,"a can of beer, clearly visible",244.5,0.2072
2100,PROMOTIONAL_ZjaOdXCXgJw_F008.jpg,ZjaOdXCXgJw,-0.0186,"a can of beer, clearly visible",980.0,0.2284
2101,PROMOTIONAL_EAnIJkAsP14_F032.jpg,EAnIJkAsP14,-0.0186,"a cigar being smoked, clearly visible",353.2,0.1993
2102,PROMOTIONAL_5mwDEv-TSEk_F044.jpg,5mwDEv-TSEk,-0.0187,"a glass of beer or wine, clearly visible",553.0,0.2349
2103,PROMOTIONAL_5mwDEv-TSEk_F064.jpg,5mwDEv-TSEk,-0.0187,"a cigar being smoked, clearly visible",258.7,0.2070
2104,PROMOTIONAL_9VLJyBaIiMQ_F051.jpg,9VLJyBaIiMQ,-0.0187,"a vape or e-cigarette device, clearly visible",244.8,0.2257
2105,PROMOTIONAL_hbQ4dEjaJ6c_F064.jpg,hbQ4dEjaJ6c,-0.0187,"a vape or e-cigarette device, clearly visible",331.4,0.2008
2106,PROMOTIONAL_iEGY45xE5io_F051.jpg,iEGY45xE5io,-0.0187,"a vape or e-cigarette device, clearly visible",197.5,0.1827
2107,PROMOTIONAL_gN8Ol4w9u6s_F177.jpg,gN8Ol4w9u6s,-0.0187,"a person smoking a cigarette, cigarette clearly visible",100.4,0.2164
2108,PROMOTIONAL_eDkDQ2sid4o_F002.jpg,eDkDQ2sid4o,-0.0187,"a cigar being smoked, clearly visible",200.3,0.2181
2109,PROMOTIONAL_gN8Ol4w9u6s_F136.jpg,gN8Ol4w9u6s,-0.0187,"a vape or e-cigarette device, clearly visible",277.4,0.2144
2110,PROMOTIONAL_Q0yse1BaA8w_F001.jpg,Q0yse1BaA8w,-0.0187,a pouch or sachet of gutka or pan masala with visible branding,293.8,0.2123
2111,PROMOTIONAL_MGrjU_VcO5E_F006.jpg,MGrjU_VcO5E,-0.0187,"a vape or e-cigarette device, clearly visible",217.7,0.2088
2112,PROMOTIONAL_7M7oRkAaujg_F016.jpg,7M7oRkAaujg,-0.0188,"a person smoking a cigarette, cigarette clearly visible",289.9,0.2103
2113,PROMOTIONAL_DsWP_FrACgM_F014.jpg,DsWP_FrACgM,-0.0188,"a vape or e-cigarette device, clearly visible",109.1,0.2094
2114,PROMOTIONAL_H2qy5DVUOw8_F036.jpg,H2qy5DVUOw8,-0.0188,"a person smoking a cigarette, cigarette clearly visible",318.0,0.2140
2115,PROMOTIONAL_4rN1GAFrzi4_F103.jpg,4rN1GAFrzi4,-0.0188,"a can of beer, clearly visible",552.3,0.2052
2116,PROMOTIONAL_gN8Ol4w9u6s_F191.jpg,gN8Ol4w9u6s,-0.0188,"a can of beer, clearly visible",181.7,0.2261
2117,PROMOTIONAL_hbQ4dEjaJ6c_F130.jpg,hbQ4dEjaJ6c,-0.0188,"a can of beer, clearly visible",183.6,0.2257
2118,PROMOTIONAL_hbQ4dEjaJ6c_F133.jpg,hbQ4dEjaJ6c,-0.0189,"a vape or e-cigarette device, clearly visible",239.6,0.2191
2119,PROMOTIONAL_4IP3zfr8Tvk_F144.jpg,4IP3zfr8Tvk,-0.0189,"a can of beer, clearly visible",161.7,0.2164
2120,PROMOTIONAL_RnL8eDxT7Cg_F079.jpg,RnL8eDxT7Cg,-0.0189,"a person smoking a cigarette, cigarette clearly visible",154.5,0.2167
2121,PROMOTIONAL_ZdlX7gvDZ0U_F005.jpg,ZdlX7gvDZ0U,-0.0189,a pouch or sachet of gutka or pan masala with visible branding,1455.3,0.2094
2122,PROMOTIONAL_7M7oRkAaujg_F043.jpg,7M7oRkAaujg,-0.0189,"a person smoking a cigarette, cigarette clearly visible",171.6,0.2274
2123,PROMOTIONAL_gN8Ol4w9u6s_F231.jpg,gN8Ol4w9u6s,-0.0189,"a vape or e-cigarette device, clearly visible",100.3,0.2160
2124,PROMOTIONAL_ZPkbtIBypb0_F254.jpg,ZPkbtIBypb0,-0.0189,"a can of beer, clearly visible",404.8,0.2214
2125,PROMOTIONAL_Hb8o6UzLB-k_F021.jpg,Hb8o6UzLB-k,-0.0189,"a cigar being smoked, clearly visible",232.8,0.2342
2126,PROMOTIONAL_RnL8eDxT7Cg_F060.jpg,RnL8eDxT7Cg,-0.0189,"a glass of beer or wine, clearly visible",133.8,0.2112
2127,PROMOTIONAL_gN8Ol4w9u6s_F212.jpg,gN8Ol4w9u6s,-0.0189,"a vape or e-cigarette device, clearly visible",315.8,0.2292
2128,PROMOTIONAL_4rN1GAFrzi4_F080.jpg,4rN1GAFrzi4,-0.0189,"a can of beer, clearly visible",498.3,0.1993
2129,PROMOTIONAL_ZPkbtIBypb0_F081.jpg,ZPkbtIBypb0,-0.0189,"a person smoking a cigarette, cigarette clearly visible",326.0,0.2178
2130,PROMOTIONAL_IrEUXOE2JHA_F030.jpg,IrEUXOE2JHA,-0.0189,"a cigar being smoked, clearly visible",223.9,0.2067
2131,PROMOTIONAL_ZPkbtIBypb0_F027.jpg,ZPkbtIBypb0,-0.0189,a pouch or sachet of gutka or pan masala with visible branding,395.1,0.2232
2132,PROMOTIONAL_5mwDEv-TSEk_F016.jpg,5mwDEv-TSEk,-0.0189,"a cigar being smoked, clearly visible",100.3,0.2187
2133,PROMOTIONAL_JWnkH7vjXTg_F019.jpg,JWnkH7vjXTg,-0.0190,"a cigar being smoked, clearly visible",1859.2,0.2134
2134,PROMOTIONAL_kJofDnUYPhw_F169.jpg,kJofDnUYPhw,-0.0190,"a vape or e-cigarette device, clearly visible",211.7,0.2345
2135,PROMOTIONAL_hbQ4dEjaJ6c_F122.jpg,hbQ4dEjaJ6c,-0.0190,"a cigar being smoked, clearly visible",208.8,0.2254
2136,PROMOTIONAL_DfohsAEWphs_F002.jpg,DfohsAEWphs,-0.0190,"a can of beer, clearly visible",395.5,0.2139
2137,PROMOTIONAL_kJofDnUYPhw_F115.jpg,kJofDnUYPhw,-0.0190,"a can of beer, clearly visible",218.5,0.2484
2138,PROMOTIONAL_DfohsAEWphs_F018.jpg,DfohsAEWphs,-0.0190,a pouch or sachet of gutka or pan masala with visible branding,710.4,0.2072
2139,PROMOTIONAL_oC9BCdJmuZc_F041.jpg,oC9BCdJmuZc,-0.0190,"a cigar being smoked, clearly visible",984.3,0.2033
2140,PROMOTIONAL_4IP3zfr8Tvk_F041.jpg,4IP3zfr8Tvk,-0.0191,"a person smoking a cigarette, cigarette clearly visible",156.8,0.2223
2141,PROMOTIONAL_kJofDnUYPhw_F187.jpg,kJofDnUYPhw,-0.0191,"a cigar being smoked, clearly visible",273.0,0.2373
2142,PROMOTIONAL_qXlhj_LwBNc_F058.jpg,qXlhj_LwBNc,-0.0191,"a cigar being smoked, clearly visible",252.4,0.1960
2143,PROMOTIONAL_o2cFKv3Sb_8_F004.jpg,o2cFKv3Sb_8,-0.0191,"a vape or e-cigarette device, clearly visible",102.9,0.2152
2144,PROMOTIONAL_RnL8eDxT7Cg_F056.jpg,RnL8eDxT7Cg,-0.0191,"a person smoking a cigarette, cigarette clearly visible",105.3,0.2201
2145,PROMOTIONAL_JWnkH7vjXTg_F010.jpg,JWnkH7vjXTg,-0.0191,"a glass of beer or wine, clearly visible",1805.9,0.2191
2146,PROMOTIONAL_kJofDnUYPhw_F363.jpg,kJofDnUYPhw,-0.0191,a pouch or sachet of gutka or pan masala with visible branding,640.6,0.2120
2147,PROMOTIONAL_Q0yse1BaA8w_F024.jpg,Q0yse1BaA8w,-0.0191,"a person smoking a cigarette, cigarette clearly visible",412.7,0.2144
2148,PROMOTIONAL_OWDIGDyOhcI_F021.jpg,OWDIGDyOhcI,-0.0191,"a can of beer, clearly visible",338.5,0.2091
2149,PROMOTIONAL_hbQ4dEjaJ6c_F153.jpg,hbQ4dEjaJ6c,-0.0191,a photo of a cigarette pack,473.9,0.2044
2150,PROMOTIONAL_kHlPI8FDYNg_F034.jpg,kHlPI8FDYNg,-0.0191,"a cigar being smoked, clearly visible",397.4,0.2096
2151,PROMOTIONAL_rIYna5PfdDU_F038.jpg,rIYna5PfdDU,-0.0191,a photo of a cigarette pack,285.0,0.2494
2152,PROMOTIONAL_kJofDnUYPhw_F078.jpg,kJofDnUYPhw,-0.0192,"a can of beer, clearly visible",143.4,0.2198
2153,PROMOTIONAL_kJofDnUYPhw_F150.jpg,kJofDnUYPhw,-0.0192,"a person smoking a cigarette, cigarette clearly visible",128.4,0.2254
2154,PROMOTIONAL_iN7n_T5Jh54_F060.jpg,iN7n_T5Jh54,-0.0192,"a vape or e-cigarette device, clearly visible",308.0,0.2014
2155,PROMOTIONAL_ZPkbtIBypb0_F125.jpg,ZPkbtIBypb0,-0.0192,"a vape or e-cigarette device, clearly visible",414.8,0.2193
2156,PROMOTIONAL_4rN1GAFrzi4_F053.jpg,4rN1GAFrzi4,-0.0192,"a glass of beer or wine, clearly visible",449.0,0.1937
2157,PROMOTIONAL_hbQ4dEjaJ6c_F067.jpg,hbQ4dEjaJ6c,-0.0192,"a vape or e-cigarette device, clearly visible",283.8,0.2143
2158,PROMOTIONAL_EAnIJkAsP14_F074.jpg,EAnIJkAsP14,-0.0192,"a person smoking a cigarette, cigarette clearly visible",101.2,0.1889
2159,PROMOTIONAL_ymCBZ6xXJkY_F041.jpg,ymCBZ6xXJkY,-0.0193,"a can of beer, clearly visible",184.2,0.2343
2160,PROMOTIONAL_V30umsF1l7c_F004.jpg,V30umsF1l7c,-0.0193,"a vape or e-cigarette device, clearly visible",230.3,0.2212
2161,PROMOTIONAL_YU0COqQ9W-A_F011.jpg,YU0COqQ9W-A,-0.0193,a pouch or sachet of gutka or pan masala with visible branding,523.1,0.2308
2162,PROMOTIONAL_ZPkbtIBypb0_F247.jpg,ZPkbtIBypb0,-0.0193,"a person smoking a cigarette, cigarette clearly visible",316.0,0.2316
2163,PROMOTIONAL_ZPkbtIBypb0_F071.jpg,ZPkbtIBypb0,-0.0193,"a person smoking a cigarette, cigarette clearly visible",338.4,0.2205
2164,PROMOTIONAL_gN8Ol4w9u6s_F123.jpg,gN8Ol4w9u6s,-0.0194,"a vape or e-cigarette device, clearly visible",290.7,0.1997
2165,PROMOTIONAL_hbQ4dEjaJ6c_F030.jpg,hbQ4dEjaJ6c,-0.0194,"a can of beer, clearly visible",241.1,0.2280
2166,PROMOTIONAL_DfohsAEWphs_F009.jpg,DfohsAEWphs,-0.0194,a photo of a cigarette pack,1913.1,0.2004
2167,PROMOTIONAL_rIYna5PfdDU_F011.jpg,rIYna5PfdDU,-0.0194,"a vape or e-cigarette device, clearly visible",148.0,0.2269
2168,PROMOTIONAL_iEGY45xE5io_F040.jpg,iEGY45xE5io,-0.0194,"a can of beer, clearly visible",186.5,0.2309
2169,PROMOTIONAL_ZPkbtIBypb0_F157.jpg,ZPkbtIBypb0,-0.0194,a pouch or sachet of gutka or pan masala with visible branding,287.7,0.2262
2170,PROMOTIONAL_gN8Ol4w9u6s_F167.jpg,gN8Ol4w9u6s,-0.0194,"a vape or e-cigarette device, clearly visible",1008.9,0.2004
2171,PROMOTIONAL_DfohsAEWphs_F026.jpg,DfohsAEWphs,-0.0194,"a vape or e-cigarette device, clearly visible",363.9,0.2178
2172,PROMOTIONAL_kHlPI8FDYNg_F018.jpg,kHlPI8FDYNg,-0.0194,"a cigar being smoked, clearly visible",312.0,0.2180
2173,PROMOTIONAL_ob1RBsKnLP0_F040.jpg,ob1RBsKnLP0,-0.0195,"a cigar being smoked, clearly visible",295.0,0.1967
2174,PROMOTIONAL_H2qy5DVUOw8_F037.jpg,H2qy5DVUOw8,-0.0195,"a person smoking a cigarette, cigarette clearly visible",324.2,0.2151
2175,PROMOTIONAL_4rN1GAFrzi4_F058.jpg,4rN1GAFrzi4,-0.0195,"a glass of beer or wine, clearly visible",487.5,0.2125
2176,PROMOTIONAL_iEGY45xE5io_F015.jpg,iEGY45xE5io,-0.0195,"a vape or e-cigarette device, clearly visible",210.4,0.1849
2177,PROMOTIONAL_RnL8eDxT7Cg_F020.jpg,RnL8eDxT7Cg,-0.0195,"a person smoking a cigarette, cigarette clearly visible",336.2,0.2025
2178,PROMOTIONAL_ZdlX7gvDZ0U_F001.jpg,ZdlX7gvDZ0U,-0.0195,a pouch or sachet of gutka or pan masala with visible branding,2524.7,0.2050
2179,PROMOTIONAL_EAnIJkAsP14_F083.jpg,EAnIJkAsP14,-0.0195,"a cigar being smoked, clearly visible",133.3,0.1935
2180,PROMOTIONAL_ZPkbtIBypb0_F234.jpg,ZPkbtIBypb0,-0.0195,a pouch or sachet of gutka or pan masala with visible branding,395.6,0.2038
2181,PROMOTIONAL_gN8Ol4w9u6s_F126.jpg,gN8Ol4w9u6s,-0.0196,"a can of beer, clearly visible",345.5,0.2218
2182,PROMOTIONAL_ZjaOdXCXgJw_F052.jpg,ZjaOdXCXgJw,-0.0196,a pouch or sachet of gutka or pan masala with visible branding,383.4,0.2137
2183,PROMOTIONAL_RnL8eDxT7Cg_F110.jpg,RnL8eDxT7Cg,-0.0196,"a cigar being smoked, clearly visible",414.7,0.2285
2184,PROMOTIONAL_ZPkbtIBypb0_F251.jpg,ZPkbtIBypb0,-0.0196,"a glass of beer or wine, clearly visible",281.6,0.2163
2185,PROMOTIONAL_BJpdusGS8Ak_F080.jpg,BJpdusGS8Ak,-0.0196,"a can of beer, clearly visible",580.1,0.2227
2186,PROMOTIONAL_ZjaOdXCXgJw_F034.jpg,ZjaOdXCXgJw,-0.0196,a pouch or sachet of gutka or pan masala with visible branding,326.8,0.1983
2187,PROMOTIONAL_2hv10KpfgXs_F024.jpg,2hv10KpfgXs,-0.0196,"a cigar being smoked, clearly visible",191.9,0.2194
2188,PROMOTIONAL_ZdlX7gvDZ0U_F002.jpg,ZdlX7gvDZ0U,-0.0196,a pouch or sachet of gutka or pan masala with visible branding,2451.5,0.2089
2189,PROMOTIONAL_Q0yse1BaA8w_F023.jpg,Q0yse1BaA8w,-0.0196,"a cigar being smoked, clearly visible",232.7,0.2312
2190,PROMOTIONAL_oWPLQY-tESk_F022.jpg,oWPLQY-tESk,-0.0196,"a vape or e-cigarette device, clearly visible",368.9,0.2017
2191,PROMOTIONAL_iN7n_T5Jh54_F007.jpg,iN7n_T5Jh54,-0.0196,"a vape or e-cigarette device, clearly visible",314.8,0.2188
2192,PROMOTIONAL_XxZ91r8k7HY_F013.jpg,XxZ91r8k7HY,-0.0196,a pouch or sachet of gutka or pan masala with visible branding,400.6,0.2035
2193,PROMOTIONAL_ZPkbtIBypb0_F178.jpg,ZPkbtIBypb0,-0.0197,"a cigar being smoked, clearly visible",379.1,0.2031
2194,PROMOTIONAL_7M7oRkAaujg_F042.jpg,7M7oRkAaujg,-0.0197,"a cigar being smoked, clearly visible",144.9,0.2341
2195,PROMOTIONAL_kJofDnUYPhw_F172.jpg,kJofDnUYPhw,-0.0197,"a person smoking a cigarette, cigarette clearly visible",196.4,0.2300
2196,PROMOTIONAL_kJofDnUYPhw_F072.jpg,kJofDnUYPhw,-0.0197,"a vape or e-cigarette device, clearly visible",208.9,0.2037
2197,PROMOTIONAL_oWPLQY-tESk_F036.jpg,oWPLQY-tESk,-0.0197,a pouch or sachet of gutka or pan masala with visible branding,168.7,0.1939
2198,PROMOTIONAL_4rN1GAFrzi4_F030.jpg,4rN1GAFrzi4,-0.0197,"a can of beer, clearly visible",667.9,0.2259
2199,PROMOTIONAL_iN7n_T5Jh54_F035.jpg,iN7n_T5Jh54,-0.0197,"a vape or e-cigarette device, clearly visible",145.4,0.2347
2200,PROMOTIONAL_kJofDnUYPhw_F008.jpg,kJofDnUYPhw,-0.0197,"a person smoking a cigarette, cigarette clearly visible",132.3,0.2187
2201,PROMOTIONAL_BwlGHrC73tA_F007.jpg,BwlGHrC73tA,-0.0197,"a cigar being smoked, clearly visible",355.2,0.2112
2202,PROMOTIONAL_Lu747R2Ktis_F022.jpg,Lu747R2Ktis,-0.0197,"a cigar being smoked, clearly visible",1184.8,0.2226
2203,PROMOTIONAL_4rN1GAFrzi4_F120.jpg,4rN1GAFrzi4,-0.0197,a pouch or sachet of gutka or pan masala with visible branding,676.9,0.2102
2204,PROMOTIONAL_RnL8eDxT7Cg_F016.jpg,RnL8eDxT7Cg,-0.0198,"a cigar being smoked, clearly visible",305.9,0.2164
2205,PROMOTIONAL_WxyusRiyLrA_F025.jpg,WxyusRiyLrA,-0.0198,"a can of beer, clearly visible",180.3,0.2356
2206,PROMOTIONAL_sxrCjmqRTz0_F005.jpg,sxrCjmqRTz0,-0.0198,"a person smoking a cigarette, cigarette clearly visible",140.8,0.2381
2207,PROMOTIONAL_gN8Ol4w9u6s_F134.jpg,gN8Ol4w9u6s,-0.0198,"a vape or e-cigarette device, clearly visible",271.5,0.2138
2208,PROMOTIONAL_eDkDQ2sid4o_F016.jpg,eDkDQ2sid4o,-0.0198,a pouch or sachet of gutka or pan masala with visible branding,179.5,0.2045
2209,PROMOTIONAL_BJpdusGS8Ak_F041.jpg,BJpdusGS8Ak,-0.0198,"a glass of beer or wine, clearly visible",534.3,0.2349
2210,PROMOTIONAL_hbQ4dEjaJ6c_F120.jpg,hbQ4dEjaJ6c,-0.0198,"a cigar being smoked, clearly visible",261.1,0.2156
2211,PROMOTIONAL_AMK9MrKAXKw_F011.jpg,AMK9MrKAXKw,-0.0198,"a vape or e-cigarette device, clearly visible",411.8,0.2190
2212,PROMOTIONAL_gN8Ol4w9u6s_F228.jpg,gN8Ol4w9u6s,-0.0198,"a vape or e-cigarette device, clearly visible",200.4,0.1966
2213,PROMOTIONAL_4IP3zfr8Tvk_F037.jpg,4IP3zfr8Tvk,-0.0198,"a cigar being smoked, clearly visible",160.5,0.2057
2214,PROMOTIONAL_S2pF1WuMy2M_F007.jpg,S2pF1WuMy2M,-0.0198,a pouch or sachet of gutka or pan masala with visible branding,1379.4,0.1930
2215,PROMOTIONAL_gN8Ol4w9u6s_F197.jpg,gN8Ol4w9u6s,-0.0199,a photo of a cigarette pack,352.2,0.2077
2216,PROMOTIONAL_XxZ91r8k7HY_F023.jpg,XxZ91r8k7HY,-0.0199,"a person smoking a cigarette, cigarette clearly visible",331.8,0.2095
2217,PROMOTIONAL_EAnIJkAsP14_F035.jpg,EAnIJkAsP14,-0.0199,"a cigar being smoked, clearly visible",158.7,0.1897
2218,PROMOTIONAL_V30umsF1l7c_F026.jpg,V30umsF1l7c,-0.0199,"a vape or e-cigarette device, clearly visible",277.4,0.2226
2219,PROMOTIONAL_gN8Ol4w9u6s_F217.jpg,gN8Ol4w9u6s,-0.0199,"a cigar being smoked, clearly visible",267.3,0.2264
2220,PROMOTIONAL_M98NqbcWdyI_F002.jpg,M98NqbcWdyI,-0.0199,"a glass of beer or wine, clearly visible",163.3,0.2408
2221,PROMOTIONAL_9VLJyBaIiMQ_F033.jpg,9VLJyBaIiMQ,-0.0199,"a cigar being smoked, clearly visible",304.5,0.2084
2222,PROMOTIONAL_9VLJyBaIiMQ_F044.jpg,9VLJyBaIiMQ,-0.0199,"a cigar being smoked, clearly visible",149.0,0.2098
2223,PROMOTIONAL_V30umsF1l7c_F055.jpg,V30umsF1l7c,-0.0199,"a can of beer, clearly visible",346.0,0.2141
2224,PROMOTIONAL_A2GEyAxegRY_F079.jpg,A2GEyAxegRY,-0.0199,"a can of beer, clearly visible",243.7,0.2211
2225,PROMOTIONAL_A2GEyAxegRY_F086.jpg,A2GEyAxegRY,-0.0199,"a vape or e-cigarette device, clearly visible",125.3,0.2021
2226,PROMOTIONAL_iEGY45xE5io_F036.jpg,iEGY45xE5io,-0.0200,"a person smoking a cigarette, cigarette clearly visible",286.6,0.2026
2227,PROMOTIONAL_NEkFNbY2ZJU_F011.jpg,NEkFNbY2ZJU,-0.0200,"a person smoking a cigarette, cigarette clearly visible",656.1,0.2211
2228,PROMOTIONAL_gN8Ol4w9u6s_F040.jpg,gN8Ol4w9u6s,-0.0200,"a cigar being smoked, clearly visible",104.3,0.2096
2229,PROMOTIONAL_XwgNLyk38sI_F046.jpg,XwgNLyk38sI,-0.0200,"a can of beer, clearly visible",199.0,0.2124
2230,PROMOTIONAL_ob1RBsKnLP0_F033.jpg,ob1RBsKnLP0,-0.0200,"a vape or e-cigarette device, clearly visible",100.8,0.1974
2231,PROMOTIONAL_BJpdusGS8Ak_F061.jpg,BJpdusGS8Ak,-0.0200,"a glass of beer or wine, clearly visible",155.1,0.2424
2232,PROMOTIONAL_kJofDnUYPhw_F077.jpg,kJofDnUYPhw,-0.0200,"a vape or e-cigarette device, clearly visible",155.7,0.2123
2233,PROMOTIONAL_sxrCjmqRTz0_F046.jpg,sxrCjmqRTz0,-0.0200,a photo of a cigarette pack,121.5,0.2675
2234,PROMOTIONAL_hbQ4dEjaJ6c_F026.jpg,hbQ4dEjaJ6c,-0.0200,a pouch or sachet of gutka or pan masala with visible branding,220.9,0.2162
2235,PROMOTIONAL_kJofDnUYPhw_F073.jpg,kJofDnUYPhw,-0.0200,"a can of beer, clearly visible",123.0,0.2099
2236,PROMOTIONAL_kJofDnUYPhw_F180.jpg,kJofDnUYPhw,-0.0200,a hookah pipe,261.5,0.2140
2237,PROMOTIONAL_ZPkbtIBypb0_F129.jpg,ZPkbtIBypb0,-0.0200,"a can of beer, clearly visible",348.8,0.2259
2238,PROMOTIONAL_kHlPI8FDYNg_F007.jpg,kHlPI8FDYNg,-0.0201,"a cigar being smoked, clearly visible",135.4,0.2132
2239,PROMOTIONAL_OWSC-C447aY_F018.jpg,OWSC-C447aY,-0.0201,"a cigar being smoked, clearly visible",597.8,0.2166
2240,PROMOTIONAL_hbQ4dEjaJ6c_F042.jpg,hbQ4dEjaJ6c,-0.0201,"a vape or e-cigarette device, clearly visible",330.9,0.2188
2241,PROMOTIONAL_kHlPI8FDYNg_F035.jpg,kHlPI8FDYNg,-0.0201,"a cigar being smoked, clearly visible",392.7,0.2069
2242,PROMOTIONAL_V30umsF1l7c_F056.jpg,V30umsF1l7c,-0.0201,"a can of beer, clearly visible",299.5,0.2134
2243,PROMOTIONAL_RnL8eDxT7Cg_F103.jpg,RnL8eDxT7Cg,-0.0201,"a glass of beer or wine, clearly visible",468.0,0.2052
2244,PROMOTIONAL_hbQ4dEjaJ6c_F065.jpg,hbQ4dEjaJ6c,-0.0201,"a vape or e-cigarette device, clearly visible",336.1,0.2025
2245,PROMOTIONAL_ZPkbtIBypb0_F299.jpg,ZPkbtIBypb0,-0.0201,"a cigar being smoked, clearly visible",394.1,0.2314
2246,PROMOTIONAL_hvx16M1Pe9w_F044.jpg,hvx16M1Pe9w,-0.0201,"a cigar being smoked, clearly visible",280.7,0.2128
2247,PROMOTIONAL_gN8Ol4w9u6s_F207.jpg,gN8Ol4w9u6s,-0.0202,"a can of beer, clearly visible",276.7,0.2185
2248,PROMOTIONAL_ZPkbtIBypb0_F333.jpg,ZPkbtIBypb0,-0.0202,a pouch or sachet of gutka or pan masala with visible branding,660.1,0.2187
2249,PROMOTIONAL_7VDOruS-i10_F021.jpg,7VDOruS-i10,-0.0202,"a can of beer, clearly visible",241.0,0.2201
2250,PROMOTIONAL_kHlPI8FDYNg_F030.jpg,kHlPI8FDYNg,-0.0202,"a can of beer, clearly visible",304.1,0.2103
2251,PROMOTIONAL_hbQ4dEjaJ6c_F074.jpg,hbQ4dEjaJ6c,-0.0202,"a person smoking a cigarette, cigarette clearly visible",273.2,0.2142
2252,PROMOTIONAL_ZPkbtIBypb0_F147.jpg,ZPkbtIBypb0,-0.0202,"a can of beer, clearly visible",255.8,0.2241
2253,PROMOTIONAL_-vFLsll_Gpk_F009.jpg,-vFLsll_Gpk,-0.0203,a photo of a cigarette pack,184.8,0.2146
2254,PROMOTIONAL_2hv10KpfgXs_F041.jpg,2hv10KpfgXs,-0.0203,"a cigar being smoked, clearly visible",193.1,0.2245
2255,PROMOTIONAL_ZPkbtIBypb0_F198.jpg,ZPkbtIBypb0,-0.0203,a hookah pipe,478.2,0.2103
2256,PROMOTIONAL_iEGY45xE5io_F048.jpg,iEGY45xE5io,-0.0203,"a vape or e-cigarette device, clearly visible",210.9,0.1934
2257,PROMOTIONAL_4rN1GAFrzi4_F069.jpg,4rN1GAFrzi4,-0.0203,"a glass of beer or wine, clearly visible",534.1,0.1887
2258,PROMOTIONAL_4rN1GAFrzi4_F089.jpg,4rN1GAFrzi4,-0.0203,a pouch or sachet of gutka or pan masala with visible branding,686.6,0.1967
2259,PROMOTIONAL_mt4Cf63vFyI_F020.jpg,mt4Cf63vFyI,-0.0203,"a vape or e-cigarette device, clearly visible",792.3,0.2240
2260,PROMOTIONAL_gN8Ol4w9u6s_F203.jpg,gN8Ol4w9u6s,-0.0203,"a vape or e-cigarette device, clearly visible",324.3,0.1954
2261,PROMOTIONAL_A2GEyAxegRY_F004.jpg,A2GEyAxegRY,-0.0203,"a person smoking a cigarette, cigarette clearly visible",189.4,0.2164
2262,PROMOTIONAL_mt4Cf63vFyI_F002.jpg,mt4Cf63vFyI,-0.0203,"a vape or e-cigarette device, clearly visible",220.3,0.2151
2263,PROMOTIONAL_iEGY45xE5io_F021.jpg,iEGY45xE5io,-0.0203,"a vape or e-cigarette device, clearly visible",195.6,0.2074
2264,PROMOTIONAL_ZPkbtIBypb0_F233.jpg,ZPkbtIBypb0,-0.0203,a pouch or sachet of gutka or pan masala with visible branding,473.7,0.1973
2265,PROMOTIONAL_Lu747R2Ktis_F026.jpg,Lu747R2Ktis,-0.0203,"a cigar being smoked, clearly visible",940.5,0.1973
2266,PROMOTIONAL_hbQ4dEjaJ6c_F121.jpg,hbQ4dEjaJ6c,-0.0204,a pouch or sachet of gutka or pan masala with visible branding,234.0,0.2055
2267,PROMOTIONAL_cz5n3qm1G8k_F001.jpg,cz5n3qm1G8k,-0.0204,"a vape or e-cigarette device, clearly visible",533.2,0.2038
2268,PROMOTIONAL_ymCBZ6xXJkY_F043.jpg,ymCBZ6xXJkY,-0.0204,"a cigar being smoked, clearly visible",250.2,0.2134
2269,PROMOTIONAL_4rN1GAFrzi4_F016.jpg,4rN1GAFrzi4,-0.0204,a pouch or sachet of gutka or pan masala with visible branding,677.0,0.2146
2270,PROMOTIONAL_ZPkbtIBypb0_F175.jpg,ZPkbtIBypb0,-0.0205,a pouch or sachet of gutka or pan masala with visible branding,380.8,0.2322
2271,PROMOTIONAL_eDkDQ2sid4o_F006.jpg,eDkDQ2sid4o,-0.0205,"a cigar being smoked, clearly visible",215.3,0.2150
2272,PROMOTIONAL_A2GEyAxegRY_F033.jpg,A2GEyAxegRY,-0.0205,"a can of beer, clearly visible",362.7,0.2375
2273,PROMOTIONAL_OWDIGDyOhcI_F007.jpg,OWDIGDyOhcI,-0.0205,"a person smoking a cigarette, cigarette clearly visible",174.6,0.2334
2274,PROMOTIONAL_RnL8eDxT7Cg_F031.jpg,RnL8eDxT7Cg,-0.0206,"a person smoking a cigarette, cigarette clearly visible",665.0,0.2306
2275,PROMOTIONAL_f5m68k2yyfo_F026.jpg,f5m68k2yyfo,-0.0206,"a can of beer, clearly visible",1029.8,0.2272
2276,PROMOTIONAL_d87xnW1n3Ms_F009.jpg,d87xnW1n3Ms,-0.0206,"a vape or e-cigarette device, clearly visible",129.9,0.2376
2277,PROMOTIONAL_H2qy5DVUOw8_F042.jpg,H2qy5DVUOw8,-0.0207,"a cigar being smoked, clearly visible",189.6,0.2099
2278,PROMOTIONAL_NEkFNbY2ZJU_F046.jpg,NEkFNbY2ZJU,-0.0207,"a person smoking a cigarette, cigarette clearly visible",414.0,0.2346
2279,PROMOTIONAL_rIYna5PfdDU_F033.jpg,rIYna5PfdDU,-0.0207,"a person smoking a cigarette, cigarette clearly visible",199.4,0.2264
2280,PROMOTIONAL_5mwDEv-TSEk_F070.jpg,5mwDEv-TSEk,-0.0207,"a cigar being smoked, clearly visible",142.7,0.2082
2281,PROMOTIONAL_BwlGHrC73tA_F189.jpg,BwlGHrC73tA,-0.0207,"a person smoking a cigarette, cigarette clearly visible",102.0,0.2064
2282,PROMOTIONAL_oWPLQY-tESk_F011.jpg,oWPLQY-tESk,-0.0207,"a vape or e-cigarette device, clearly visible",187.8,0.2025
2283,PROMOTIONAL_iEGY45xE5io_F016.jpg,iEGY45xE5io,-0.0207,"a vape or e-cigarette device, clearly visible",194.6,0.1799
2284,PROMOTIONAL_iEGY45xE5io_F005.jpg,iEGY45xE5io,-0.0207,"a cigar being smoked, clearly visible",348.9,0.1990
2285,PROMOTIONAL_S2pF1WuMy2M_F027.jpg,S2pF1WuMy2M,-0.0208,"a person smoking a cigarette, cigarette clearly visible",742.9,0.2224
2286,PROMOTIONAL_Q0yse1BaA8w_F035.jpg,Q0yse1BaA8w,-0.0208,a pouch or sachet of gutka or pan masala with visible branding,485.3,0.2007
2287,PROMOTIONAL_ZPkbtIBypb0_F044.jpg,ZPkbtIBypb0,-0.0208,"a person smoking a cigarette, cigarette clearly visible",347.1,0.2325
2288,PROMOTIONAL_V30umsF1l7c_F037.jpg,V30umsF1l7c,-0.0209,"a vape or e-cigarette device, clearly visible",295.5,0.2112
2289,PROMOTIONAL_gN8Ol4w9u6s_F084.jpg,gN8Ol4w9u6s,-0.0209,"a person smoking a cigarette, cigarette clearly visible",253.5,0.2189
2290,PROMOTIONAL_ZPkbtIBypb0_F190.jpg,ZPkbtIBypb0,-0.0209,a pouch or sachet of gutka or pan masala with visible branding,190.4,0.2230
2291,PROMOTIONAL_hbQ4dEjaJ6c_F048.jpg,hbQ4dEjaJ6c,-0.0209,"a vape or e-cigarette device, clearly visible",305.3,0.2142
2292,PROMOTIONAL_ZPkbtIBypb0_F093.jpg,ZPkbtIBypb0,-0.0209,"a vape or e-cigarette device, clearly visible",560.6,0.2329
2293,PROMOTIONAL_o2cFKv3Sb_8_F023.jpg,o2cFKv3Sb_8,-0.0209,"a cigar being smoked, clearly visible",532.2,0.2131
2294,PROMOTIONAL_YU0COqQ9W-A_F040.jpg,YU0COqQ9W-A,-0.0209,a bottle of alcohol or whisky with visible label,200.5,0.2498
2295,PROMOTIONAL_tvgJjsc0xUs_F026.jpg,tvgJjsc0xUs,-0.0209,"a vape or e-cigarette device, clearly visible",102.1,0.2220
2296,PROMOTIONAL_XwgNLyk38sI_F038.jpg,XwgNLyk38sI,-0.0210,"a can of beer, clearly visible",189.7,0.2163
2297,PROMOTIONAL_-vFLsll_Gpk_F018.jpg,-vFLsll_Gpk,-0.0210,a pouch or sachet of gutka or pan masala with visible branding,188.9,0.2164
2298,PROMOTIONAL_BwlGHrC73tA_F087.jpg,BwlGHrC73tA,-0.0210,"a vape or e-cigarette device, clearly visible",162.2,0.2230
2299,PROMOTIONAL_-KtN-Sz1iMA_F001.jpg,-KtN-Sz1iMA,-0.0210,"a glass of beer or wine, clearly visible",115.7,0.2385
2300,PROMOTIONAL_5rX-wl7b5Vg_F016.jpg,5rX-wl7b5Vg,-0.0210,"a person smoking a cigarette, cigarette clearly visible",221.2,0.2159
2301,PROMOTIONAL_ZPkbtIBypb0_F066.jpg,ZPkbtIBypb0,-0.0210,"a can of beer, clearly visible",305.8,0.2333
2302,PROMOTIONAL_gN8Ol4w9u6s_F234.jpg,gN8Ol4w9u6s,-0.0210,"a vape or e-cigarette device, clearly visible",101.6,0.2160
2303,PROMOTIONAL_Q0yse1BaA8w_F025.jpg,Q0yse1BaA8w,-0.0211,"a person smoking a cigarette, cigarette clearly visible",546.8,0.2146
2304,PROMOTIONAL_fmK0FYpaJ7E_F033.jpg,fmK0FYpaJ7E,-0.0211,"a cigar being smoked, clearly visible",137.7,0.2235
2305,PROMOTIONAL_gN8Ol4w9u6s_F204.jpg,gN8Ol4w9u6s,-0.0211,"a can of beer, clearly visible",279.8,0.2217
2306,PROMOTIONAL_FnULv0U14UY_F002.jpg,FnULv0U14UY,-0.0211,a pouch or sachet of gutka or pan masala with visible branding,364.1,0.2268
2307,PROMOTIONAL_gN8Ol4w9u6s_F210.jpg,gN8Ol4w9u6s,-0.0211,"a vape or e-cigarette device, clearly visible",264.7,0.2134
2308,PROMOTIONAL_ymCBZ6xXJkY_F045.jpg,ymCBZ6xXJkY,-0.0212,"a can of beer, clearly visible",259.9,0.2087
2309,PROMOTIONAL_5mwDEv-TSEk_F055.jpg,5mwDEv-TSEk,-0.0212,a pouch or sachet of gutka or pan masala with visible branding,340.8,0.2144
2310,PROMOTIONAL_hbQ4dEjaJ6c_F082.jpg,hbQ4dEjaJ6c,-0.0212,a pouch or sachet of gutka or pan masala with visible branding,187.2,0.2201
2311,PROMOTIONAL_4rN1GAFrzi4_F084.jpg,4rN1GAFrzi4,-0.0212,"a can of beer, clearly visible",596.0,0.2220
2312,PROMOTIONAL_A2GEyAxegRY_F070.jpg,A2GEyAxegRY,-0.0212,"a can of beer, clearly visible",571.7,0.2090
2313,PROMOTIONAL_ZPkbtIBypb0_F055.jpg,ZPkbtIBypb0,-0.0212,"a can of beer, clearly visible",324.1,0.2196
2314,PROMOTIONAL_4rN1GAFrzi4_F078.jpg,4rN1GAFrzi4,-0.0213,a pouch or sachet of gutka or pan masala with visible branding,563.8,0.2053
2315,PROMOTIONAL_2hv10KpfgXs_F040.jpg,2hv10KpfgXs,-0.0213,"a cigar being smoked, clearly visible",142.7,0.2074
2316,PROMOTIONAL_JWnkH7vjXTg_F015.jpg,JWnkH7vjXTg,-0.0213,"a cigar being smoked, clearly visible",1811.5,0.2064
2317,PROMOTIONAL_3MaLTyJokyM_F022.jpg,3MaLTyJokyM,-0.0213,"a glass of beer or wine, clearly visible",113.1,0.2344
2318,PROMOTIONAL_4rN1GAFrzi4_F126.jpg,4rN1GAFrzi4,-0.0213,a pouch or sachet of gutka or pan masala with visible branding,569.7,0.2023
2319,PROMOTIONAL_oC9BCdJmuZc_F040.jpg,oC9BCdJmuZc,-0.0213,"a cigar being smoked, clearly visible",966.9,0.2133
2320,PROMOTIONAL_ZPkbtIBypb0_F059.jpg,ZPkbtIBypb0,-0.0213,"a can of beer, clearly visible",323.2,0.2269
2321,PROMOTIONAL_OWDIGDyOhcI_F057.jpg,OWDIGDyOhcI,-0.0213,a photo of a cigarette pack,368.4,0.2289
2322,PROMOTIONAL_hbQ4dEjaJ6c_F047.jpg,hbQ4dEjaJ6c,-0.0213,"a person smoking a cigarette, cigarette clearly visible",162.6,0.1952
2323,PROMOTIONAL_cz5n3qm1G8k_F013.jpg,cz5n3qm1G8k,-0.0214,"a person smoking a cigarette, cigarette clearly visible",237.0,0.2103
2324,PROMOTIONAL_gN8Ol4w9u6s_F059.jpg,gN8Ol4w9u6s,-0.0214,"a vape or e-cigarette device, clearly visible",646.2,0.2029
2325,PROMOTIONAL_rIYna5PfdDU_F016.jpg,rIYna5PfdDU,-0.0214,"a vape or e-cigarette device, clearly visible",224.0,0.2223
2326,PROMOTIONAL_hbQ4dEjaJ6c_F040.jpg,hbQ4dEjaJ6c,-0.0214,"a vape or e-cigarette device, clearly visible",217.9,0.2254
2327,PROMOTIONAL_BJpdusGS8Ak_F027.jpg,BJpdusGS8Ak,-0.0215,a hookah pipe,899.1,0.2065
2328,PROMOTIONAL_eDkDQ2sid4o_F023.jpg,eDkDQ2sid4o,-0.0215,a pouch or sachet of gutka or pan masala with visible branding,239.7,0.2351
2329,PROMOTIONAL_kJofDnUYPhw_F347.jpg,kJofDnUYPhw,-0.0215,"a vape or e-cigarette device, clearly visible",347.3,0.2252
2330,PROMOTIONAL_ZPkbtIBypb0_F112.jpg,ZPkbtIBypb0,-0.0215,"a can of beer, clearly visible",328.8,0.2258
2331,PROMOTIONAL_Tl8jMFYa60o_F053.jpg,Tl8jMFYa60o,-0.0215,"a cigar being smoked, clearly visible",319.2,0.1968
2332,PROMOTIONAL_zNfEfnyxE6c_F011.jpg,zNfEfnyxE6c,-0.0215,"a vape or e-cigarette device, clearly visible",306.3,0.2068
2333,PROMOTIONAL_fmK0FYpaJ7E_F038.jpg,fmK0FYpaJ7E,-0.0216,"a cigar being smoked, clearly visible",132.7,0.2122
2334,PROMOTIONAL_A2GEyAxegRY_F082.jpg,A2GEyAxegRY,-0.0216,"a can of beer, clearly visible",661.2,0.2301
2335,PROMOTIONAL_DsWP_FrACgM_F050.jpg,DsWP_FrACgM,-0.0216,"a glass of beer or wine, clearly visible",524.7,0.1966
2336,PROMOTIONAL_mt4Cf63vFyI_F019.jpg,mt4Cf63vFyI,-0.0216,a pouch or sachet of gutka or pan masala with visible branding,469.0,0.2260
2337,PROMOTIONAL_rIYna5PfdDU_F021.jpg,rIYna5PfdDU,-0.0217,"a vape or e-cigarette device, clearly visible",158.7,0.2379
2338,PROMOTIONAL_gN8Ol4w9u6s_F108.jpg,gN8Ol4w9u6s,-0.0217,"a person smoking a cigarette, cigarette clearly visible",198.7,0.2209
2339,PROMOTIONAL_sxrCjmqRTz0_F006.jpg,sxrCjmqRTz0,-0.0217,"a person smoking a cigarette, cigarette clearly visible",126.4,0.2358
2340,PROMOTIONAL_oWPLQY-tESk_F051.jpg,oWPLQY-tESk,-0.0217,"a vape or e-cigarette device, clearly visible",214.9,0.2079
2341,PROMOTIONAL_kJofDnUYPhw_F192.jpg,kJofDnUYPhw,-0.0217,"a cigar being smoked, clearly visible",275.5,0.2240
2342,PROMOTIONAL_Lu747R2Ktis_F028.jpg,Lu747R2Ktis,-0.0217,"a can of beer, clearly visible",849.3,0.2193
2343,PROMOTIONAL_-vFLsll_Gpk_F019.jpg,-vFLsll_Gpk,-0.0217,a pouch or sachet of gutka or pan masala with visible branding,186.7,0.1962
2344,PROMOTIONAL_kJofDnUYPhw_F199.jpg,kJofDnUYPhw,-0.0217,"a vape or e-cigarette device, clearly visible",219.4,0.2102
2345,PROMOTIONAL_3MaLTyJokyM_F028.jpg,3MaLTyJokyM,-0.0217,"a glass of beer or wine, clearly visible",166.5,0.2294
2346,PROMOTIONAL_4rN1GAFrzi4_F003.jpg,4rN1GAFrzi4,-0.0217,"a vape or e-cigarette device, clearly visible",454.3,0.2016
2347,PROMOTIONAL_ZPkbtIBypb0_F051.jpg,ZPkbtIBypb0,-0.0217,"a can of beer, clearly visible",242.0,0.2306
2348,PROMOTIONAL_qXlhj_LwBNc_F018.jpg,qXlhj_LwBNc,-0.0217,"a cigar being smoked, clearly visible",296.6,0.2136
2349,PROMOTIONAL_DfohsAEWphs_F039.jpg,DfohsAEWphs,-0.0217,"a can of beer, clearly visible",367.8,0.2152
2350,PROMOTIONAL_S2pF1WuMy2M_F046.jpg,S2pF1WuMy2M,-0.0217,"a person smoking a cigarette, cigarette clearly visible",849.9,0.2315
2351,PROMOTIONAL_guFdyc-Rpj0_F025.jpg,guFdyc-Rpj0,-0.0217,"a vape or e-cigarette device, clearly visible",128.7,0.2049
2352,PROMOTIONAL_JWnkH7vjXTg_F011.jpg,JWnkH7vjXTg,-0.0218,"a glass of beer or wine, clearly visible",1816.0,0.2189
2353,PROMOTIONAL_Tl8jMFYa60o_F059.jpg,Tl8jMFYa60o,-0.0218,"a person smoking a cigarette, cigarette clearly visible",308.9,0.2114
2354,PROMOTIONAL_OWDIGDyOhcI_F048.jpg,OWDIGDyOhcI,-0.0218,"a person smoking a cigarette, cigarette clearly visible",266.1,0.2252
2355,PROMOTIONAL_7M7oRkAaujg_F015.jpg,7M7oRkAaujg,-0.0218,"a person smoking a cigarette, cigarette clearly visible",442.9,0.2272
2356,PROMOTIONAL_9VLJyBaIiMQ_F019.jpg,9VLJyBaIiMQ,-0.0218,"a cigar being smoked, clearly visible",412.2,0.2211
2357,PROMOTIONAL_9VLJyBaIiMQ_F028.jpg,9VLJyBaIiMQ,-0.0218,"a can of beer, clearly visible",272.2,0.2078
2358,PROMOTIONAL_DsWP_FrACgM_F032.jpg,DsWP_FrACgM,-0.0218,a pouch or sachet of gutka or pan masala with visible branding,311.7,0.1984
2359,PROMOTIONAL_gN8Ol4w9u6s_F057.jpg,gN8Ol4w9u6s,-0.0218,"a can of beer, clearly visible",147.8,0.2054
2360,PROMOTIONAL_4rN1GAFrzi4_F095.jpg,4rN1GAFrzi4,-0.0218,"a can of beer, clearly visible",521.9,0.2098
2361,PROMOTIONAL_ZPkbtIBypb0_F258.jpg,ZPkbtIBypb0,-0.0218,"a vape or e-cigarette device, clearly visible",531.5,0.2203
2362,PROMOTIONAL_hbQ4dEjaJ6c_F118.jpg,hbQ4dEjaJ6c,-0.0219,"a person smoking a cigarette, cigarette clearly visible",157.6,0.2093
2363,PROMOTIONAL_4rN1GAFrzi4_F127.jpg,4rN1GAFrzi4,-0.0219,a pouch or sachet of gutka or pan masala with visible branding,556.7,0.2029
2364,PROMOTIONAL_5mwDEv-TSEk_F004.jpg,5mwDEv-TSEk,-0.0219,a photo of a cigarette pack,612.3,0.2136
2365,PROMOTIONAL_i8sQcC6wF1Q_F037.jpg,i8sQcC6wF1Q,-0.0219,"a vape or e-cigarette device, clearly visible",199.6,0.2210
2366,PROMOTIONAL_iN7n_T5Jh54_F002.jpg,iN7n_T5Jh54,-0.0219,"a person smoking a cigarette, cigarette clearly visible",292.0,0.2301
2367,PROMOTIONAL_ZjaOdXCXgJw_F019.jpg,ZjaOdXCXgJw,-0.0219,a pouch or sachet of gutka or pan masala with visible branding,415.1,0.2063
2368,PROMOTIONAL_gN8Ol4w9u6s_F133.jpg,gN8Ol4w9u6s,-0.0219,"a can of beer, clearly visible",310.4,0.2200
2369,PROMOTIONAL_9VLJyBaIiMQ_F012.jpg,9VLJyBaIiMQ,-0.0219,a pouch or sachet of gutka or pan masala with visible branding,198.2,0.2098
2370,PROMOTIONAL_RnL8eDxT7Cg_F078.jpg,RnL8eDxT7Cg,-0.0219,"a vape or e-cigarette device, clearly visible",159.3,0.2225
2371,PROMOTIONAL_kHlPI8FDYNg_F010.jpg,kHlPI8FDYNg,-0.0220,"a cigar being smoked, clearly visible",617.2,0.2330
2372,PROMOTIONAL_DsWP_FrACgM_F074.jpg,DsWP_FrACgM,-0.0220,"a glass of beer or wine, clearly visible",220.6,0.2077
2373,PROMOTIONAL_tEQISjSXuiE_F028.jpg,tEQISjSXuiE,-0.0220,a pouch or sachet of gutka or pan masala with visible branding,129.8,0.2083
2374,PROMOTIONAL_mt4Cf63vFyI_F012.jpg,mt4Cf63vFyI,-0.0220,"a can of beer, clearly visible",371.2,0.2009
2375,PROMOTIONAL_kJofDnUYPhw_F123.jpg,kJofDnUYPhw,-0.0220,"a vape or e-cigarette device, clearly visible",248.2,0.2273
2376,PROMOTIONAL_XxZ91r8k7HY_F028.jpg,XxZ91r8k7HY,-0.0220,"a person smoking a cigarette, cigarette clearly visible",513.3,0.2069
2377,PROMOTIONAL_S2pF1WuMy2M_F008.jpg,S2pF1WuMy2M,-0.0220,a pouch or sachet of gutka or pan masala with visible branding,529.6,0.2117
2378,PROMOTIONAL_OWDIGDyOhcI_F051.jpg,OWDIGDyOhcI,-0.0221,"a cigar being smoked, clearly visible",179.9,0.2245
2379,PROMOTIONAL_kJofDnUYPhw_F344.jpg,kJofDnUYPhw,-0.0222,"a can of beer, clearly visible",543.7,0.2273
2380,PROMOTIONAL_ZPkbtIBypb0_F026.jpg,ZPkbtIBypb0,-0.0222,a pouch or sachet of gutka or pan masala with visible branding,403.2,0.2271
2381,PROMOTIONAL_DsWP_FrACgM_F072.jpg,DsWP_FrACgM,-0.0222,"a can of beer, clearly visible",158.6,0.2095
2382,PROMOTIONAL_hbQ4dEjaJ6c_F124.jpg,hbQ4dEjaJ6c,-0.0222,"a can of beer, clearly visible",333.6,0.2117
2383,PROMOTIONAL_sxrCjmqRTz0_F004.jpg,sxrCjmqRTz0,-0.0223,"a person smoking a cigarette, cigarette clearly visible",139.3,0.2336
2384,PROMOTIONAL_DsWP_FrACgM_F003.jpg,DsWP_FrACgM,-0.0223,a pouch or sachet of gutka or pan masala with visible branding,114.9,0.1987
2385,PROMOTIONAL_BwlGHrC73tA_F025.jpg,BwlGHrC73tA,-0.0223,"a vape or e-cigarette device, clearly visible",109.0,0.2364
2386,PROMOTIONAL_hbQ4dEjaJ6c_F073.jpg,hbQ4dEjaJ6c,-0.0224,a hookah pipe,206.2,0.2240
2387,PROMOTIONAL_kJofDnUYPhw_F195.jpg,kJofDnUYPhw,-0.0224,"a vape or e-cigarette device, clearly visible",259.3,0.2242
2388,PROMOTIONAL_DsWP_FrACgM_F062.jpg,DsWP_FrACgM,-0.0224,"a cigar being smoked, clearly visible",106.6,0.2197
2389,PROMOTIONAL_4rN1GAFrzi4_F067.jpg,4rN1GAFrzi4,-0.0224,"a can of beer, clearly visible",526.7,0.2056
2390,PROMOTIONAL_4rN1GAFrzi4_F137.jpg,4rN1GAFrzi4,-0.0224,"a glass of beer or wine, clearly visible",508.1,0.2134
2391,PROMOTIONAL_Hb8o6UzLB-k_F019.jpg,Hb8o6UzLB-k,-0.0224,"a cigar being smoked, clearly visible",631.5,0.2039
2392,PROMOTIONAL_ZPkbtIBypb0_F101.jpg,ZPkbtIBypb0,-0.0224,"a can of beer, clearly visible",501.5,0.2333
2393,PROMOTIONAL_oC9BCdJmuZc_F035.jpg,oC9BCdJmuZc,-0.0224,a hookah pipe,256.6,0.2203
2394,PROMOTIONAL_ZPkbtIBypb0_F140.jpg,ZPkbtIBypb0,-0.0225,"a vape or e-cigarette device, clearly visible",546.4,0.2117
2395,PROMOTIONAL_oC9BCdJmuZc_F038.jpg,oC9BCdJmuZc,-0.0225,"a cigar being smoked, clearly visible",206.7,0.2169
2396,PROMOTIONAL_Tl8jMFYa60o_F018.jpg,Tl8jMFYa60o,-0.0225,a pouch or sachet of gutka or pan masala with visible branding,294.4,0.2084
2397,PROMOTIONAL_eDkDQ2sid4o_F011.jpg,eDkDQ2sid4o,-0.0225,"a cigar being smoked, clearly visible",116.0,0.2135
2398,PROMOTIONAL_ZPkbtIBypb0_F128.jpg,ZPkbtIBypb0,-0.0225,a pouch or sachet of gutka or pan masala with visible branding,487.3,0.2215
2399,PROMOTIONAL_kJofDnUYPhw_F138.jpg,kJofDnUYPhw,-0.0225,a pouch or sachet of gutka or pan masala with visible branding,179.9,0.2192
2400,PROMOTIONAL_kJofDnUYPhw_F013.jpg,kJofDnUYPhw,-0.0225,"a person smoking a cigarette, cigarette clearly visible",126.4,0.2298
2401,PROMOTIONAL_kJofDnUYPhw_F168.jpg,kJofDnUYPhw,-0.0226,"a can of beer, clearly visible",332.3,0.2302
2402,PROMOTIONAL_RnL8eDxT7Cg_F093.jpg,RnL8eDxT7Cg,-0.0226,"a cigar being smoked, clearly visible",234.9,0.2026
2403,PROMOTIONAL_Tl8jMFYa60o_F029.jpg,Tl8jMFYa60o,-0.0226,a pouch or sachet of gutka or pan masala with visible branding,438.8,0.2188
2404,PROMOTIONAL_iEGY45xE5io_F030.jpg,iEGY45xE5io,-0.0226,"a vape or e-cigarette device, clearly visible",282.2,0.2392
2405,PROMOTIONAL_XxZ91r8k7HY_F034.jpg,XxZ91r8k7HY,-0.0226,"a cigar being smoked, clearly visible",402.8,0.1965
2406,PROMOTIONAL_gN8Ol4w9u6s_F103.jpg,gN8Ol4w9u6s,-0.0226,"a person smoking a cigarette, cigarette clearly visible",135.5,0.2159
2407,PROMOTIONAL_eOXk8As-HZk_F116.jpg,eOXk8As-HZk,-0.0226,"a cigar being smoked, clearly visible",110.0,0.1930
2408,PROMOTIONAL_gN8Ol4w9u6s_F120.jpg,gN8Ol4w9u6s,-0.0226,a hookah pipe,308.0,0.2168
2409,PROMOTIONAL_gN8Ol4w9u6s_F060.jpg,gN8Ol4w9u6s,-0.0226,"a person smoking a cigarette, cigarette clearly visible",515.2,0.1957
2410,PROMOTIONAL_hbQ4dEjaJ6c_F051.jpg,hbQ4dEjaJ6c,-0.0226,"a cigar being smoked, clearly visible",274.5,0.2075
2411,PROMOTIONAL_ZPkbtIBypb0_F062.jpg,ZPkbtIBypb0,-0.0226,"a vape or e-cigarette device, clearly visible",381.7,0.2199
2412,PROMOTIONAL_EAnIJkAsP14_F013.jpg,EAnIJkAsP14,-0.0227,"a cigar being smoked, clearly visible",150.9,0.2039
2413,PROMOTIONAL_ymCBZ6xXJkY_F025.jpg,ymCBZ6xXJkY,-0.0227,"a glass of beer or wine, clearly visible",122.2,0.1956
2414,PROMOTIONAL_XwgNLyk38sI_F047.jpg,XwgNLyk38sI,-0.0227,"a cigar being smoked, clearly visible",128.1,0.2268
2415,PROMOTIONAL_iEGY45xE5io_F012.jpg,iEGY45xE5io,-0.0227,"a vape or e-cigarette device, clearly visible",244.2,0.1870
2416,PROMOTIONAL_4rN1GAFrzi4_F093.jpg,4rN1GAFrzi4,-0.0227,a photo of a cigarette pack,525.4,0.1961
2417,PROMOTIONAL_4rN1GAFrzi4_F108.jpg,4rN1GAFrzi4,-0.0227,"a can of beer, clearly visible",493.0,0.2086
2418,PROMOTIONAL_YU0COqQ9W-A_F022.jpg,YU0COqQ9W-A,-0.0227,"a glass of beer or wine, clearly visible",121.2,0.2138
2419,PROMOTIONAL_kHlPI8FDYNg_F011.jpg,kHlPI8FDYNg,-0.0227,"a cigar being smoked, clearly visible",241.6,0.2353
2420,PROMOTIONAL_kJofDnUYPhw_F154.jpg,kJofDnUYPhw,-0.0227,"a glass of beer or wine, clearly visible",312.8,0.2184
2421,PROMOTIONAL_3MaLTyJokyM_F010.jpg,3MaLTyJokyM,-0.0228,"a can of beer, clearly visible",275.7,0.2042
2422,PROMOTIONAL_zNfEfnyxE6c_F003.jpg,zNfEfnyxE6c,-0.0228,"a cigar being smoked, clearly visible",345.3,0.2138
2423,PROMOTIONAL_Q0yse1BaA8w_F010.jpg,Q0yse1BaA8w,-0.0228,a pouch or sachet of gutka or pan masala with visible branding,247.3,0.1917
2424,PROMOTIONAL_ZPkbtIBypb0_F306.jpg,ZPkbtIBypb0,-0.0228,a hookah pipe,632.4,0.2188
2425,PROMOTIONAL_Lu747R2Ktis_F010.jpg,Lu747R2Ktis,-0.0228,"a cigar being smoked, clearly visible",771.5,0.1994
2426,PROMOTIONAL_Tl8jMFYa60o_F004.jpg,Tl8jMFYa60o,-0.0228,a pouch or sachet of gutka or pan masala with visible branding,354.0,0.2150
2427,PROMOTIONAL_H2qy5DVUOw8_F013.jpg,H2qy5DVUOw8,-0.0228,"a cigar being smoked, clearly visible",201.7,0.2119
2428,PROMOTIONAL_ZjaOdXCXgJw_F003.jpg,ZjaOdXCXgJw,-0.0229,a pouch or sachet of gutka or pan masala with visible branding,1053.8,0.2303
2429,PROMOTIONAL_ZPkbtIBypb0_F113.jpg,ZPkbtIBypb0,-0.0229,"a vape or e-cigarette device, clearly visible",341.6,0.2104
2430,PROMOTIONAL_hbQ4dEjaJ6c_F128.jpg,hbQ4dEjaJ6c,-0.0229,"a vape or e-cigarette device, clearly visible",250.6,0.2131
2431,PROMOTIONAL_Tl8jMFYa60o_F017.jpg,Tl8jMFYa60o,-0.0229,a pouch or sachet of gutka or pan masala with visible branding,250.0,0.2094
2432,PROMOTIONAL_M98NqbcWdyI_F011.jpg,M98NqbcWdyI,-0.0229,"a person smoking a cigarette, cigarette clearly visible",118.8,0.2337
2433,PROMOTIONAL_5mwDEv-TSEk_F068.jpg,5mwDEv-TSEk,-0.0229,"a cigar being smoked, clearly visible",233.7,0.2267
2434,PROMOTIONAL_XwgNLyk38sI_F061.jpg,XwgNLyk38sI,-0.0229,"a can of beer, clearly visible",147.5,0.2073
2435,PROMOTIONAL_4rN1GAFrzi4_F026.jpg,4rN1GAFrzi4,-0.0229,a pouch or sachet of gutka or pan masala with visible branding,663.8,0.2089
2436,PROMOTIONAL_YU0COqQ9W-A_F005.jpg,YU0COqQ9W-A,-0.0229,a hookah pipe,868.7,0.2190
2437,PROMOTIONAL_hbQ4dEjaJ6c_F069.jpg,hbQ4dEjaJ6c,-0.0229,"a person smoking a cigarette, cigarette clearly visible",264.1,0.1986
2438,PROMOTIONAL_4rN1GAFrzi4_F125.jpg,4rN1GAFrzi4,-0.0230,a pouch or sachet of gutka or pan masala with visible branding,673.5,0.1920
2439,PROMOTIONAL_BwlGHrC73tA_F166.jpg,BwlGHrC73tA,-0.0230,a photo of a cigarette pack,152.1,0.2142
2440,PROMOTIONAL_4IP3zfr8Tvk_F152.jpg,4IP3zfr8Tvk,-0.0230,"a cigar being smoked, clearly visible",118.2,0.1929
2441,PROMOTIONAL_A2GEyAxegRY_F063.jpg,A2GEyAxegRY,-0.0230,"a cigar being smoked, clearly visible",208.1,0.2294
2442,PROMOTIONAL_ZPkbtIBypb0_F127.jpg,ZPkbtIBypb0,-0.0230,a pouch or sachet of gutka or pan masala with visible branding,509.6,0.2198
2443,PROMOTIONAL_gN8Ol4w9u6s_F077.jpg,gN8Ol4w9u6s,-0.0230,"a vape or e-cigarette device, clearly visible",236.3,0.2174
2444,PROMOTIONAL_kJofDnUYPhw_F136.jpg,kJofDnUYPhw,-0.0230,"a vape or e-cigarette device, clearly visible",168.1,0.2239
2445,PROMOTIONAL_ZPkbtIBypb0_F131.jpg,ZPkbtIBypb0,-0.0230,a pouch or sachet of gutka or pan masala with visible branding,693.6,0.2258
2446,PROMOTIONAL_EAnIJkAsP14_F082.jpg,EAnIJkAsP14,-0.0231,"a cigar being smoked, clearly visible",149.5,0.1746
2447,PROMOTIONAL_4IP3zfr8Tvk_F027.jpg,4IP3zfr8Tvk,-0.0231,"a cigar being smoked, clearly visible",173.6,0.2176
2448,PROMOTIONAL_gN8Ol4w9u6s_F138.jpg,gN8Ol4w9u6s,-0.0231,"a vape or e-cigarette device, clearly visible",281.4,0.2214
2449,PROMOTIONAL_kJofDnUYPhw_F211.jpg,kJofDnUYPhw,-0.0231,"a cigar being smoked, clearly visible",113.1,0.2150
2450,PROMOTIONAL_9VLJyBaIiMQ_F046.jpg,9VLJyBaIiMQ,-0.0231,"a can of beer, clearly visible",283.9,0.2172
2451,PROMOTIONAL_XxZ91r8k7HY_F011.jpg,XxZ91r8k7HY,-0.0231,"a person smoking a cigarette, cigarette clearly visible",142.3,0.2087
2452,PROMOTIONAL_WxyusRiyLrA_F038.jpg,WxyusRiyLrA,-0.0231,"a can of beer, clearly visible",132.6,0.2022
2453,PROMOTIONAL_V30umsF1l7c_F045.jpg,V30umsF1l7c,-0.0231,"a can of beer, clearly visible",396.3,0.2109
2454,PROMOTIONAL_ZjaOdXCXgJw_F021.jpg,ZjaOdXCXgJw,-0.0231,"a cigar being smoked, clearly visible",390.8,0.2091
2455,PROMOTIONAL_ZPkbtIBypb0_F293.jpg,ZPkbtIBypb0,-0.0232,"a can of beer, clearly visible",145.0,0.2221
2456,PROMOTIONAL_DsWP_FrACgM_F076.jpg,DsWP_FrACgM,-0.0232,"a glass of beer or wine, clearly visible",200.6,0.2004
2457,PROMOTIONAL_ZdlX7gvDZ0U_F007.jpg,ZdlX7gvDZ0U,-0.0232,a pouch or sachet of gutka or pan masala with visible branding,1378.2,0.2034
2458,PROMOTIONAL_ZPkbtIBypb0_F090.jpg,ZPkbtIBypb0,-0.0232,"a can of beer, clearly visible",453.9,0.2234
2459,PROMOTIONAL_H2qy5DVUOw8_F008.jpg,H2qy5DVUOw8,-0.0232,"a cigar being smoked, clearly visible",190.5,0.2155
2460,PROMOTIONAL_BwlGHrC73tA_F079.jpg,BwlGHrC73tA,-0.0232,"a vape or e-cigarette device, clearly visible",108.1,0.2356
2461,PROMOTIONAL_hbQ4dEjaJ6c_F086.jpg,hbQ4dEjaJ6c,-0.0232,a pouch or sachet of gutka or pan masala with visible branding,260.9,0.1938
2462,PROMOTIONAL_hbQ4dEjaJ6c_F087.jpg,hbQ4dEjaJ6c,-0.0232,"a vape or e-cigarette device, clearly visible",154.2,0.2156
2463,PROMOTIONAL_4rN1GAFrzi4_F117.jpg,4rN1GAFrzi4,-0.0232,"a person smoking a cigarette, cigarette clearly visible",546.1,0.2047
2464,PROMOTIONAL_ZjaOdXCXgJw_F058.jpg,ZjaOdXCXgJw,-0.0232,a pouch or sachet of gutka or pan masala with visible branding,411.0,0.1950
2465,PROMOTIONAL_hbQ4dEjaJ6c_F003.jpg,hbQ4dEjaJ6c,-0.0232,"a glass of beer or wine, clearly visible",173.7,0.2128
2466,PROMOTIONAL_hbQ4dEjaJ6c_F127.jpg,hbQ4dEjaJ6c,-0.0233,"a person smoking a cigarette, cigarette clearly visible",248.5,0.1948
2467,PROMOTIONAL_fmK0FYpaJ7E_F052.jpg,fmK0FYpaJ7E,-0.0233,"a cigar being smoked, clearly visible",132.3,0.2141
2468,PROMOTIONAL_Q0yse1BaA8w_F007.jpg,Q0yse1BaA8w,-0.0233,a pouch or sachet of gutka or pan masala with visible branding,358.2,0.2047
2469,PROMOTIONAL_4rN1GAFrzi4_F040.jpg,4rN1GAFrzi4,-0.0233,"a can of beer, clearly visible",664.2,0.2137
2470,PROMOTIONAL_BJpdusGS8Ak_F084.jpg,BJpdusGS8Ak,-0.0233,a sachet of chewing tobacco with visible branding,2090.1,0.2138
2471,PROMOTIONAL_A2GEyAxegRY_F022.jpg,A2GEyAxegRY,-0.0233,"a person smoking a cigarette, cigarette clearly visible",301.8,0.2110
2472,PROMOTIONAL_hbQ4dEjaJ6c_F098.jpg,hbQ4dEjaJ6c,-0.0233,"a vape or e-cigarette device, clearly visible",206.6,0.2141
2473,PROMOTIONAL_gN8Ol4w9u6s_F125.jpg,gN8Ol4w9u6s,-0.0234,"a cigar being smoked, clearly visible",305.4,0.2243
2474,PROMOTIONAL_hbQ4dEjaJ6c_F132.jpg,hbQ4dEjaJ6c,-0.0234,"a person smoking a cigarette, cigarette clearly visible",240.3,0.1902
2475,PROMOTIONAL_rIYna5PfdDU_F017.jpg,rIYna5PfdDU,-0.0234,"a cigar being smoked, clearly visible",259.7,0.2209
2476,PROMOTIONAL_OWDIGDyOhcI_F031.jpg,OWDIGDyOhcI,-0.0234,"a cigar being smoked, clearly visible",299.0,0.2393
2477,PROMOTIONAL_ZPkbtIBypb0_F180.jpg,ZPkbtIBypb0,-0.0234,"a cigar being smoked, clearly visible",420.3,0.2170
2478,PROMOTIONAL_9VLJyBaIiMQ_F025.jpg,9VLJyBaIiMQ,-0.0235,"a can of beer, clearly visible",338.8,0.2075
2479,PROMOTIONAL_o2cFKv3Sb_8_F002.jpg,o2cFKv3Sb_8,-0.0235,"a vape or e-cigarette device, clearly visible",234.6,0.2367
2480,PROMOTIONAL_gN8Ol4w9u6s_F137.jpg,gN8Ol4w9u6s,-0.0235,"a vape or e-cigarette device, clearly visible",279.5,0.2174
2481,PROMOTIONAL_hbQ4dEjaJ6c_F143.jpg,hbQ4dEjaJ6c,-0.0235,"a can of beer, clearly visible",247.7,0.2157
2482,PROMOTIONAL_Tl8jMFYa60o_F024.jpg,Tl8jMFYa60o,-0.0235,"a person smoking a cigarette, cigarette clearly visible",310.9,0.2071
2483,PROMOTIONAL_4IP3zfr8Tvk_F087.jpg,4IP3zfr8Tvk,-0.0235,"a cigar being smoked, clearly visible",139.2,0.2203
2484,PROMOTIONAL_A2GEyAxegRY_F041.jpg,A2GEyAxegRY,-0.0235,"a cigar being smoked, clearly visible",490.5,0.2312
2485,PROMOTIONAL_guFdyc-Rpj0_F024.jpg,guFdyc-Rpj0,-0.0236,a photo of a cigarette pack,118.7,0.2020
2486,PROMOTIONAL_eDkDQ2sid4o_F004.jpg,eDkDQ2sid4o,-0.0236,"a cigar being smoked, clearly visible",258.6,0.2151
2487,PROMOTIONAL_4rN1GAFrzi4_F038.jpg,4rN1GAFrzi4,-0.0236,a pouch or sachet of gutka or pan masala with visible branding,687.5,0.2023
2488,PROMOTIONAL_Lu747R2Ktis_F031.jpg,Lu747R2Ktis,-0.0236,"a can of beer, clearly visible",467.5,0.2089
2489,PROMOTIONAL_qXlhj_LwBNc_F070.jpg,qXlhj_LwBNc,-0.0236,"a can of beer, clearly visible",164.7,0.2247
2490,PROMOTIONAL_qXlhj_LwBNc_F034.jpg,qXlhj_LwBNc,-0.0236,"a vape or e-cigarette device, clearly visible",596.5,0.2134
2491,PROMOTIONAL_gN8Ol4w9u6s_F188.jpg,gN8Ol4w9u6s,-0.0236,a pouch or sachet of gutka or pan masala with visible branding,136.1,0.2135
2492,PROMOTIONAL_RnL8eDxT7Cg_F021.jpg,RnL8eDxT7Cg,-0.0236,"a cigar being smoked, clearly visible",247.8,0.2098
2493,PROMOTIONAL_ZPkbtIBypb0_F100.jpg,ZPkbtIBypb0,-0.0236,"a can of beer, clearly visible",648.5,0.2173
2494,PROMOTIONAL_EAnIJkAsP14_F045.jpg,EAnIJkAsP14,-0.0236,"a can of beer, clearly visible",319.9,0.2034
2495,PROMOTIONAL_ZPkbtIBypb0_F042.jpg,ZPkbtIBypb0,-0.0237,"a person smoking a cigarette, cigarette clearly visible",354.5,0.2198
2496,PROMOTIONAL_kJofDnUYPhw_F097.jpg,kJofDnUYPhw,-0.0237,"a can of beer, clearly visible",342.3,0.2321
2497,PROMOTIONAL_qXlhj_LwBNc_F012.jpg,qXlhj_LwBNc,-0.0237,"a cigar being smoked, clearly visible",303.4,0.2068
2498,PROMOTIONAL_BJpdusGS8Ak_F025.jpg,BJpdusGS8Ak,-0.0237,"a can of beer, clearly visible",140.0,0.1800
2499,PROMOTIONAL_kJofDnUYPhw_F035.jpg,kJofDnUYPhw,-0.0238,"a vape or e-cigarette device, clearly visible",104.3,0.2249
2500,PROMOTIONAL_-vFLsll_Gpk_F013.jpg,-vFLsll_Gpk,-0.0238,a pouch or sachet of gutka or pan masala with visible branding,174.2,0.2058
2501,PROMOTIONAL_kJofDnUYPhw_F155.jpg,kJofDnUYPhw,-0.0238,a pouch or sachet of gutka or pan masala with visible branding,306.2,0.2185
2502,PROMOTIONAL_5rX-wl7b5Vg_F009.jpg,5rX-wl7b5Vg,-0.0239,"a vape or e-cigarette device, clearly visible",1022.2,0.2070
2503,PROMOTIONAL_RnL8eDxT7Cg_F072.jpg,RnL8eDxT7Cg,-0.0239,"a cigar being smoked, clearly visible",186.6,0.2306
2504,PROMOTIONAL_iEGY45xE5io_F004.jpg,iEGY45xE5io,-0.0239,"a vape or e-cigarette device, clearly visible",196.6,0.1949
2505,PROMOTIONAL_A2GEyAxegRY_F074.jpg,A2GEyAxegRY,-0.0239,"a vape or e-cigarette device, clearly visible",281.0,0.2255
2506,PROMOTIONAL_hbQ4dEjaJ6c_F088.jpg,hbQ4dEjaJ6c,-0.0239,a hookah pipe,284.3,0.2148
2507,PROMOTIONAL_DfohsAEWphs_F034.jpg,DfohsAEWphs,-0.0239,"a can of beer, clearly visible",466.1,0.2245
2508,PROMOTIONAL_A2GEyAxegRY_F052.jpg,A2GEyAxegRY,-0.0240,"a cigar being smoked, clearly visible",197.3,0.2050
2509,PROMOTIONAL_ZPkbtIBypb0_F030.jpg,ZPkbtIBypb0,-0.0240,"a can of beer, clearly visible",402.6,0.2186
2510,PROMOTIONAL_rIYna5PfdDU_F048.jpg,rIYna5PfdDU,-0.0240,"a person smoking a cigarette, cigarette clearly visible",251.3,0.2330
2511,PROMOTIONAL_4IP3zfr8Tvk_F073.jpg,4IP3zfr8Tvk,-0.0240,"a cigar being smoked, clearly visible",149.2,0.2205
2512,PROMOTIONAL_EAnIJkAsP14_F002.jpg,EAnIJkAsP14,-0.0240,"a cigar being smoked, clearly visible",209.7,0.2170
2513,PROMOTIONAL_9VLJyBaIiMQ_F013.jpg,9VLJyBaIiMQ,-0.0240,"a glass of beer or wine, clearly visible",708.4,0.1946
2514,PROMOTIONAL_Tl8jMFYa60o_F020.jpg,Tl8jMFYa60o,-0.0240,a pouch or sachet of gutka or pan masala with visible branding,253.1,0.2236
2515,PROMOTIONAL_hbQ4dEjaJ6c_F007.jpg,hbQ4dEjaJ6c,-0.0241,"a vape or e-cigarette device, clearly visible",229.1,0.2167
2516,PROMOTIONAL_5mwDEv-TSEk_F078.jpg,5mwDEv-TSEk,-0.0241,"a person smoking a cigarette, cigarette clearly visible",171.6,0.2288
2517,PROMOTIONAL_hbQ4dEjaJ6c_F097.jpg,hbQ4dEjaJ6c,-0.0241,a pouch or sachet of gutka or pan masala with visible branding,274.7,0.2047
2518,PROMOTIONAL_ZPkbtIBypb0_F189.jpg,ZPkbtIBypb0,-0.0241,"a can of beer, clearly visible",189.6,0.2055
2519,PROMOTIONAL_d87xnW1n3Ms_F008.jpg,d87xnW1n3Ms,-0.0241,"a vape or e-cigarette device, clearly visible",172.2,0.2406
2520,PROMOTIONAL_ZPkbtIBypb0_F052.jpg,ZPkbtIBypb0,-0.0241,"a cigar being smoked, clearly visible",199.6,0.2396
2521,PROMOTIONAL_ZdlX7gvDZ0U_F006.jpg,ZdlX7gvDZ0U,-0.0241,a pouch or sachet of gutka or pan masala with visible branding,1322.8,0.2117
2522,PROMOTIONAL_ZjaOdXCXgJw_F010.jpg,ZjaOdXCXgJw,-0.0241,"a vape or e-cigarette device, clearly visible",147.6,0.1996
2523,PROMOTIONAL_ymCBZ6xXJkY_F017.jpg,ymCBZ6xXJkY,-0.0241,"a glass of beer or wine, clearly visible",113.9,0.1864
2524,PROMOTIONAL_Kr8XAnR80XA_F003.jpg,Kr8XAnR80XA,-0.0242,"a can of beer, clearly visible",143.1,0.2185
2525,PROMOTIONAL_gN8Ol4w9u6s_F220.jpg,gN8Ol4w9u6s,-0.0242,"a vape or e-cigarette device, clearly visible",256.6,0.2193
2526,PROMOTIONAL_BwlGHrC73tA_F096.jpg,BwlGHrC73tA,-0.0242,"a cigar being smoked, clearly visible",164.7,0.2114
2527,PROMOTIONAL_ZPkbtIBypb0_F060.jpg,ZPkbtIBypb0,-0.0242,"a can of beer, clearly visible",345.8,0.2140
2528,PROMOTIONAL_4IP3zfr8Tvk_F070.jpg,4IP3zfr8Tvk,-0.0242,"a cigar being smoked, clearly visible",142.4,0.2063
2529,PROMOTIONAL_BJpdusGS8Ak_F079.jpg,BJpdusGS8Ak,-0.0243,"a cigar being smoked, clearly visible",870.8,0.2013
2530,PROMOTIONAL_ZPkbtIBypb0_F053.jpg,ZPkbtIBypb0,-0.0243,"a cigar being smoked, clearly visible",198.9,0.2377
2531,PROMOTIONAL_XwgNLyk38sI_F007.jpg,XwgNLyk38sI,-0.0243,a hookah pipe,127.1,0.2048
2532,PROMOTIONAL_Hb8o6UzLB-k_F012.jpg,Hb8o6UzLB-k,-0.0243,"a vape or e-cigarette device, clearly visible",195.1,0.2139
2533,PROMOTIONAL_L-bg5RLiOaQ_F038.jpg,L-bg5RLiOaQ,-0.0243,"a cigar being smoked, clearly visible",120.1,0.2193
2534,PROMOTIONAL_guFdyc-Rpj0_F019.jpg,guFdyc-Rpj0,-0.0243,a photo of a cigarette pack,666.0,0.1921
2535,PROMOTIONAL_hbQ4dEjaJ6c_F056.jpg,hbQ4dEjaJ6c,-0.0244,"a vape or e-cigarette device, clearly visible",274.4,0.2093
2536,PROMOTIONAL_kJofDnUYPhw_F126.jpg,kJofDnUYPhw,-0.0244,"a vape or e-cigarette device, clearly visible",231.1,0.2279
2537,PROMOTIONAL_XwgNLyk38sI_F057.jpg,XwgNLyk38sI,-0.0244,"a cigar being smoked, clearly visible",234.3,0.2047
2538,PROMOTIONAL_oWPLQY-tESk_F004.jpg,oWPLQY-tESk,-0.0244,"a vape or e-cigarette device, clearly visible",207.2,0.2178
2539,PROMOTIONAL_hbQ4dEjaJ6c_F010.jpg,hbQ4dEjaJ6c,-0.0244,"a glass of beer or wine, clearly visible",193.8,0.1966
2540,PROMOTIONAL_EAnIJkAsP14_F033.jpg,EAnIJkAsP14,-0.0244,"a cigar being smoked, clearly visible",314.9,0.2010
2541,PROMOTIONAL_hbQ4dEjaJ6c_F107.jpg,hbQ4dEjaJ6c,-0.0244,"a vape or e-cigarette device, clearly visible",145.0,0.1968
2542,PROMOTIONAL_JWnkH7vjXTg_F027.jpg,JWnkH7vjXTg,-0.0244,"a cigar being smoked, clearly visible",2042.9,0.1934
2543,PROMOTIONAL_ZjaOdXCXgJw_F053.jpg,ZjaOdXCXgJw,-0.0244,a pouch or sachet of gutka or pan masala with visible branding,325.0,0.2069
2544,PROMOTIONAL_gN8Ol4w9u6s_F127.jpg,gN8Ol4w9u6s,-0.0245,"a vape or e-cigarette device, clearly visible",312.7,0.2166
2545,PROMOTIONAL_EAnIJkAsP14_F008.jpg,EAnIJkAsP14,-0.0245,"a glass of beer or wine, clearly visible",181.5,0.1966
2546,PROMOTIONAL_BwlGHrC73tA_F190.jpg,BwlGHrC73tA,-0.0245,"a person smoking a cigarette, cigarette clearly visible",130.4,0.2217
2547,PROMOTIONAL_4rN1GAFrzi4_F112.jpg,4rN1GAFrzi4,-0.0245,a photo of a cigarette pack,433.0,0.1961
2548,PROMOTIONAL_OWDIGDyOhcI_F019.jpg,OWDIGDyOhcI,-0.0245,"a person smoking a cigarette, cigarette clearly visible",323.6,0.2298
2549,PROMOTIONAL_ZPkbtIBypb0_F307.jpg,ZPkbtIBypb0,-0.0245,"a person smoking a cigarette, cigarette clearly visible",219.6,0.2256
2550,PROMOTIONAL_RnL8eDxT7Cg_F048.jpg,RnL8eDxT7Cg,-0.0245,"a cigar being smoked, clearly visible",117.7,0.2141
2551,PROMOTIONAL_ob1RBsKnLP0_F013.jpg,ob1RBsKnLP0,-0.0245,"a glass of beer or wine, clearly visible",130.4,0.2244
2552,PROMOTIONAL_f5m68k2yyfo_F021.jpg,f5m68k2yyfo,-0.0246,"a glass of beer or wine, clearly visible",358.1,0.1996
2553,PROMOTIONAL_Q0yse1BaA8w_F018.jpg,Q0yse1BaA8w,-0.0246,"a cigar being smoked, clearly visible",292.2,0.2064
2554,PROMOTIONAL_YU0COqQ9W-A_F039.jpg,YU0COqQ9W-A,-0.0246,"a vape or e-cigarette device, clearly visible",178.5,0.2381
2555,PROMOTIONAL_hbQ4dEjaJ6c_F129.jpg,hbQ4dEjaJ6c,-0.0246,"a person smoking a cigarette, cigarette clearly visible",278.4,0.2144
2556,PROMOTIONAL_gN8Ol4w9u6s_F062.jpg,gN8Ol4w9u6s,-0.0246,"a person smoking a cigarette, cigarette clearly visible",196.0,0.2177
2557,PROMOTIONAL_JWnkH7vjXTg_F014.jpg,JWnkH7vjXTg,-0.0246,"a cigar being smoked, clearly visible",2180.5,0.2080
2558,PROMOTIONAL_qXlhj_LwBNc_F069.jpg,qXlhj_LwBNc,-0.0246,"a vape or e-cigarette device, clearly visible",147.7,0.2156
2559,PROMOTIONAL_EAnIJkAsP14_F001.jpg,EAnIJkAsP14,-0.0247,a hookah pipe,433.3,0.1941
2560,PROMOTIONAL_iN7n_T5Jh54_F003.jpg,iN7n_T5Jh54,-0.0247,"a vape or e-cigarette device, clearly visible",552.1,0.2028
2561,PROMOTIONAL_fmK0FYpaJ7E_F026.jpg,fmK0FYpaJ7E,-0.0247,"a cigar being smoked, clearly visible",195.3,0.2200
2562,PROMOTIONAL_fmK0FYpaJ7E_F037.jpg,fmK0FYpaJ7E,-0.0247,"a cigar being smoked, clearly visible",148.1,0.2070
2563,PROMOTIONAL_kJofDnUYPhw_F103.jpg,kJofDnUYPhw,-0.0247,"a can of beer, clearly visible",415.8,0.2277
2564,PROMOTIONAL_ZjaOdXCXgJw_F048.jpg,ZjaOdXCXgJw,-0.0247,a hookah pipe,192.6,0.2020
2565,PROMOTIONAL_5mwDEv-TSEk_F086.jpg,5mwDEv-TSEk,-0.0248,"a cigar being smoked, clearly visible",268.1,0.2080
2566,PROMOTIONAL_YU0COqQ9W-A_F024.jpg,YU0COqQ9W-A,-0.0248,a pouch or sachet of gutka or pan masala with visible branding,264.2,0.2103
2567,PROMOTIONAL_gN8Ol4w9u6s_F193.jpg,gN8Ol4w9u6s,-0.0248,"a can of beer, clearly visible",233.9,0.2119
2568,PROMOTIONAL_hvx16M1Pe9w_F005.jpg,hvx16M1Pe9w,-0.0248,"a vape or e-cigarette device, clearly visible",270.6,0.2117
2569,PROMOTIONAL_BwlGHrC73tA_F191.jpg,BwlGHrC73tA,-0.0248,"a vape or e-cigarette device, clearly visible",139.7,0.2205
2570,PROMOTIONAL_ZPkbtIBypb0_F309.jpg,ZPkbtIBypb0,-0.0249,a pouch or sachet of gutka or pan masala with visible branding,684.6,0.2120
2571,PROMOTIONAL_ZdlX7gvDZ0U_F010.jpg,ZdlX7gvDZ0U,-0.0249,a pouch or sachet of gutka or pan masala with visible branding,1378.1,0.2000
2572,PROMOTIONAL_gN8Ol4w9u6s_F192.jpg,gN8Ol4w9u6s,-0.0249,"a cigar being smoked, clearly visible",239.5,0.2254
2573,PROMOTIONAL_M98NqbcWdyI_F030.jpg,M98NqbcWdyI,-0.0249,"a vape or e-cigarette device, clearly visible",114.2,0.2237
2574,PROMOTIONAL_guFdyc-Rpj0_F010.jpg,guFdyc-Rpj0,-0.0249,a photo of a cigarette pack,102.3,0.2074
2575,PROMOTIONAL_fmK0FYpaJ7E_F050.jpg,fmK0FYpaJ7E,-0.0249,"a cigar being smoked, clearly visible",158.5,0.2079
2576,PROMOTIONAL_ZjaOdXCXgJw_F051.jpg,ZjaOdXCXgJw,-0.0249,"a person smoking a cigarette, cigarette clearly visible",1510.7,0.2100
2577,PROMOTIONAL_ZjaOdXCXgJw_F037.jpg,ZjaOdXCXgJw,-0.0250,"a person smoking a cigarette, cigarette clearly visible",1602.2,0.1899
2578,PROMOTIONAL_Lu747R2Ktis_F053.jpg,Lu747R2Ktis,-0.0250,"a cigar being smoked, clearly visible",664.7,0.2015
2579,PROMOTIONAL_EAnIJkAsP14_F086.jpg,EAnIJkAsP14,-0.0250,a hookah pipe,272.3,0.2036
2580,PROMOTIONAL_9VLJyBaIiMQ_F021.jpg,9VLJyBaIiMQ,-0.0250,"a can of beer, clearly visible",347.0,0.2022
2581,PROMOTIONAL_mt4Cf63vFyI_F016.jpg,mt4Cf63vFyI,-0.0250,"a vape or e-cigarette device, clearly visible",391.2,0.1877
2582,PROMOTIONAL_5mwDEv-TSEk_F090.jpg,5mwDEv-TSEk,-0.0250,"a cigar being smoked, clearly visible",288.2,0.2005
2583,PROMOTIONAL_ZPkbtIBypb0_F294.jpg,ZPkbtIBypb0,-0.0250,"a vape or e-cigarette device, clearly visible",366.5,0.2302
2584,PROMOTIONAL_gN8Ol4w9u6s_F130.jpg,gN8Ol4w9u6s,-0.0250,"a cigar being smoked, clearly visible",334.7,0.2109
2585,PROMOTIONAL_4rN1GAFrzi4_F134.jpg,4rN1GAFrzi4,-0.0250,"a glass of beer or wine, clearly visible",750.9,0.2297
2586,PROMOTIONAL_M98NqbcWdyI_F053.jpg,M98NqbcWdyI,-0.0250,"a cigar being smoked, clearly visible",118.8,0.2042
2587,PROMOTIONAL_gN8Ol4w9u6s_F121.jpg,gN8Ol4w9u6s,-0.0251,"a cigar being smoked, clearly visible",304.0,0.2177
2588,PROMOTIONAL_ZjaOdXCXgJw_F015.jpg,ZjaOdXCXgJw,-0.0251,a pouch or sachet of gutka or pan masala with visible branding,324.8,0.1865
2589,PROMOTIONAL_d87xnW1n3Ms_F004.jpg,d87xnW1n3Ms,-0.0251,a pouch or sachet of gutka or pan masala with visible branding,282.9,0.2292
2590,PROMOTIONAL_WxyusRiyLrA_F043.jpg,WxyusRiyLrA,-0.0251,"a cigar being smoked, clearly visible",164.5,0.1957
2591,PROMOTIONAL_iEGY45xE5io_F026.jpg,iEGY45xE5io,-0.0252,"a vape or e-cigarette device, clearly visible",168.9,0.1826
2592,PROMOTIONAL_A2GEyAxegRY_F091.jpg,A2GEyAxegRY,-0.0252,"a can of beer, clearly visible",484.7,0.1945
2593,PROMOTIONAL_oWPLQY-tESk_F016.jpg,oWPLQY-tESk,-0.0252,"a cigar being smoked, clearly visible",291.2,0.1975
2594,PROMOTIONAL_gN8Ol4w9u6s_F056.jpg,gN8Ol4w9u6s,-0.0252,"a can of beer, clearly visible",138.8,0.2075
2595,PROMOTIONAL_BJpdusGS8Ak_F013.jpg,BJpdusGS8Ak,-0.0252,"a person smoking a cigarette, cigarette clearly visible",213.7,0.2294
2596,PROMOTIONAL_5mwDEv-TSEk_F075.jpg,5mwDEv-TSEk,-0.0253,a pouch or sachet of gutka or pan masala with visible branding,171.1,0.2218
2597,PROMOTIONAL_f5m68k2yyfo_F002.jpg,f5m68k2yyfo,-0.0253,"a cigar being smoked, clearly visible",787.0,0.2106
2598,PROMOTIONAL_4rN1GAFrzi4_F029.jpg,4rN1GAFrzi4,-0.0253,"a person smoking a cigarette, cigarette clearly visible",451.2,0.1991
2599,PROMOTIONAL_ZdlX7gvDZ0U_F012.jpg,ZdlX7gvDZ0U,-0.0253,"a person smoking a cigarette, cigarette clearly visible",1881.9,0.2060
2600,PROMOTIONAL_BwlGHrC73tA_F108.jpg,BwlGHrC73tA,-0.0253,"a person smoking a cigarette, cigarette clearly visible",140.0,0.2187
2601,PROMOTIONAL_ZPkbtIBypb0_F107.jpg,ZPkbtIBypb0,-0.0253,"a can of beer, clearly visible",416.0,0.2318
2602,PROMOTIONAL_ZdlX7gvDZ0U_F013.jpg,ZdlX7gvDZ0U,-0.0253,a pouch or sachet of gutka or pan masala with visible branding,1319.2,0.1926
2603,PROMOTIONAL_RnL8eDxT7Cg_F096.jpg,RnL8eDxT7Cg,-0.0253,"a cigar being smoked, clearly visible",621.1,0.2210
2604,PROMOTIONAL_ob1RBsKnLP0_F001.jpg,ob1RBsKnLP0,-0.0254,"a glass of beer or wine, clearly visible",640.8,0.1957
2605,PROMOTIONAL_kJofDnUYPhw_F184.jpg,kJofDnUYPhw,-0.0254,"a vape or e-cigarette device, clearly visible",259.7,0.2115
2606,PROMOTIONAL_M98NqbcWdyI_F004.jpg,M98NqbcWdyI,-0.0254,"a can of beer, clearly visible",167.2,0.2044
2607,PROMOTIONAL_rIYna5PfdDU_F032.jpg,rIYna5PfdDU,-0.0254,"a person smoking a cigarette, cigarette clearly visible",225.1,0.2251
2608,PROMOTIONAL_Tl8jMFYa60o_F039.jpg,Tl8jMFYa60o,-0.0254,a pouch or sachet of gutka or pan masala with visible branding,340.7,0.1854
2609,PROMOTIONAL_EAnIJkAsP14_F034.jpg,EAnIJkAsP14,-0.0255,"a cigar being smoked, clearly visible",269.1,0.1795
2610,PROMOTIONAL_9VLJyBaIiMQ_F024.jpg,9VLJyBaIiMQ,-0.0255,"a cigar being smoked, clearly visible",414.2,0.2220
2611,PROMOTIONAL_Kr8XAnR80XA_F004.jpg,Kr8XAnR80XA,-0.0255,"a can of beer, clearly visible",141.1,0.2172
2612,PROMOTIONAL_f5m68k2yyfo_F011.jpg,f5m68k2yyfo,-0.0256,"a person smoking a cigarette, cigarette clearly visible",753.8,0.1978
2613,PROMOTIONAL_OWDIGDyOhcI_F025.jpg,OWDIGDyOhcI,-0.0256,"a can of beer, clearly visible",284.1,0.2074
2614,PROMOTIONAL_5mwDEv-TSEk_F087.jpg,5mwDEv-TSEk,-0.0256,"a cigar being smoked, clearly visible",257.6,0.2182
2615,PROMOTIONAL_hbQ4dEjaJ6c_F111.jpg,hbQ4dEjaJ6c,-0.0256,a pouch or sachet of gutka or pan masala with visible branding,176.1,0.2038
2616,PROMOTIONAL_-vFLsll_Gpk_F020.jpg,-vFLsll_Gpk,-0.0256,a pouch or sachet of gutka or pan masala with visible branding,104.8,0.1840
2617,PROMOTIONAL_kJofDnUYPhw_F209.jpg,kJofDnUYPhw,-0.0256,"a vape or e-cigarette device, clearly visible",107.9,0.2133
2618,PROMOTIONAL_kJofDnUYPhw_F125.jpg,kJofDnUYPhw,-0.0256,"a can of beer, clearly visible",261.9,0.2262
2619,PROMOTIONAL_5rX-wl7b5Vg_F005.jpg,5rX-wl7b5Vg,-0.0256,"a vape or e-cigarette device, clearly visible",2316.4,0.2019
2620,PROMOTIONAL_oWPLQY-tESk_F045.jpg,oWPLQY-tESk,-0.0257,"a vape or e-cigarette device, clearly visible",263.8,0.2143
2621,PROMOTIONAL_kJofDnUYPhw_F133.jpg,kJofDnUYPhw,-0.0257,"a vape or e-cigarette device, clearly visible",202.1,0.2226
2622,PROMOTIONAL_A2GEyAxegRY_F085.jpg,A2GEyAxegRY,-0.0257,"a cigar being smoked, clearly visible",157.8,0.2132
2623,PROMOTIONAL_4IP3zfr8Tvk_F038.jpg,4IP3zfr8Tvk,-0.0257,"a cigar being smoked, clearly visible",150.2,0.2228
2624,PROMOTIONAL_ymCBZ6xXJkY_F076.jpg,ymCBZ6xXJkY,-0.0257,a photo of a cigarette pack,140.9,0.1910
2625,PROMOTIONAL_kJofDnUYPhw_F360.jpg,kJofDnUYPhw,-0.0257,"a vape or e-cigarette device, clearly visible",214.7,0.2219
2626,PROMOTIONAL_4rN1GAFrzi4_F065.jpg,4rN1GAFrzi4,-0.0257,"a can of beer, clearly visible",526.2,0.2043
2627,PROMOTIONAL_M98NqbcWdyI_F041.jpg,M98NqbcWdyI,-0.0258,"a vape or e-cigarette device, clearly visible",146.9,0.2255
2628,PROMOTIONAL_M98NqbcWdyI_F045.jpg,M98NqbcWdyI,-0.0258,"a cigar being smoked, clearly visible",104.6,0.2510
2629,PROMOTIONAL_-vFLsll_Gpk_F017.jpg,-vFLsll_Gpk,-0.0258,"a can of beer, clearly visible",162.2,0.1814
2630,PROMOTIONAL_Q0yse1BaA8w_F011.jpg,Q0yse1BaA8w,-0.0258,a hookah pipe,118.3,0.2109
2631,PROMOTIONAL_DfohsAEWphs_F012.jpg,DfohsAEWphs,-0.0258,"a vape or e-cigarette device, clearly visible",617.5,0.2130
2632,PROMOTIONAL_-KtN-Sz1iMA_F017.jpg,-KtN-Sz1iMA,-0.0258,"a glass of beer or wine, clearly visible",409.3,0.2264
2633,PROMOTIONAL_kJofDnUYPhw_F135.jpg,kJofDnUYPhw,-0.0258,a pouch or sachet of gutka or pan masala with visible branding,284.6,0.2158
2634,PROMOTIONAL_ZPkbtIBypb0_F332.jpg,ZPkbtIBypb0,-0.0258,a pouch or sachet of gutka or pan masala with visible branding,669.3,0.2207
2635,PROMOTIONAL_ymCBZ6xXJkY_F075.jpg,ymCBZ6xXJkY,-0.0258,"a can of beer, clearly visible",228.0,0.1960
2636,PROMOTIONAL_kJofDnUYPhw_F266.jpg,kJofDnUYPhw,-0.0258,"a person smoking a cigarette, cigarette clearly visible",103.8,0.2235
2637,PROMOTIONAL_hbQ4dEjaJ6c_F142.jpg,hbQ4dEjaJ6c,-0.0259,"a person smoking a cigarette, cigarette clearly visible",261.2,0.1785
2638,PROMOTIONAL_i8sQcC6wF1Q_F049.jpg,i8sQcC6wF1Q,-0.0259,a pouch or sachet of gutka or pan masala with visible branding,373.9,0.1904
2639,PROMOTIONAL_XwgNLyk38sI_F041.jpg,XwgNLyk38sI,-0.0259,"a cigar being smoked, clearly visible",274.0,0.2117
2640,PROMOTIONAL_kJofDnUYPhw_F012.jpg,kJofDnUYPhw,-0.0259,"a person smoking a cigarette, cigarette clearly visible",132.7,0.2256
2641,PROMOTIONAL_ZPkbtIBypb0_F321.jpg,ZPkbtIBypb0,-0.0259,"a cigar being smoked, clearly visible",414.5,0.2238
2642,PROMOTIONAL_DsWP_FrACgM_F053.jpg,DsWP_FrACgM,-0.0259,"a glass of beer or wine, clearly visible",127.1,0.1930
2643,PROMOTIONAL_RnL8eDxT7Cg_F013.jpg,RnL8eDxT7Cg,-0.0259,"a cigar being smoked, clearly visible",144.8,0.2356
2644,PROMOTIONAL_gN8Ol4w9u6s_F009.jpg,gN8Ol4w9u6s,-0.0260,"a vape or e-cigarette device, clearly visible",1344.1,0.2226
2645,PROMOTIONAL_DsWP_FrACgM_F058.jpg,DsWP_FrACgM,-0.0260,a pouch or sachet of gutka or pan masala with visible branding,124.6,0.1913
2646,PROMOTIONAL_kHlPI8FDYNg_F027.jpg,kHlPI8FDYNg,-0.0260,"a can of beer, clearly visible",276.8,0.1986
2647,PROMOTIONAL_ZPkbtIBypb0_F208.jpg,ZPkbtIBypb0,-0.0260,a photo of a cigarette pack,634.6,0.2203
2648,PROMOTIONAL_gN8Ol4w9u6s_F214.jpg,gN8Ol4w9u6s,-0.0260,a pouch or sachet of gutka or pan masala with visible branding,360.9,0.2128
2649,PROMOTIONAL_4rN1GAFrzi4_F139.jpg,4rN1GAFrzi4,-0.0261,a pouch or sachet of gutka or pan masala with visible branding,641.9,0.2201
2650,PROMOTIONAL_gN8Ol4w9u6s_F054.jpg,gN8Ol4w9u6s,-0.0261,a pouch or sachet of gutka or pan masala with visible branding,114.9,0.2136
2651,PROMOTIONAL_OWSC-C447aY_F032.jpg,OWSC-C447aY,-0.0261,a pouch or sachet of gutka or pan masala with visible branding,100.4,0.2177
2652,PROMOTIONAL_4IP3zfr8Tvk_F069.jpg,4IP3zfr8Tvk,-0.0261,"a cigar being smoked, clearly visible",164.2,0.2035
2653,PROMOTIONAL_4IP3zfr8Tvk_F026.jpg,4IP3zfr8Tvk,-0.0261,"a cigar being smoked, clearly visible",125.6,0.2212
2654,PROMOTIONAL_gN8Ol4w9u6s_F139.jpg,gN8Ol4w9u6s,-0.0261,"a cigar being smoked, clearly visible",291.5,0.2214
2655,PROMOTIONAL_sxrCjmqRTz0_F007.jpg,sxrCjmqRTz0,-0.0261,"a person smoking a cigarette, cigarette clearly visible",140.2,0.2395
2656,PROMOTIONAL_kJofDnUYPhw_F210.jpg,kJofDnUYPhw,-0.0262,"a cigar being smoked, clearly visible",104.2,0.2194
2657,PROMOTIONAL_Lu747R2Ktis_F046.jpg,Lu747R2Ktis,-0.0262,"a cigar being smoked, clearly visible",533.2,0.1978
2658,PROMOTIONAL_BwlGHrC73tA_F171.jpg,BwlGHrC73tA,-0.0262,"a cigar being smoked, clearly visible",147.1,0.2086
2659,PROMOTIONAL_-KtN-Sz1iMA_F006.jpg,-KtN-Sz1iMA,-0.0262,"a cigar being smoked, clearly visible",112.3,0.2433
2660,PROMOTIONAL_iEGY45xE5io_F010.jpg,iEGY45xE5io,-0.0262,"a vape or e-cigarette device, clearly visible",225.4,0.1768
2661,PROMOTIONAL_kJofDnUYPhw_F134.jpg,kJofDnUYPhw,-0.0262,"a glass of beer or wine, clearly visible",187.4,0.2209
2662,PROMOTIONAL_hbQ4dEjaJ6c_F147.jpg,hbQ4dEjaJ6c,-0.0262,"a vape or e-cigarette device, clearly visible",271.6,0.1967
2663,PROMOTIONAL_4rN1GAFrzi4_F129.jpg,4rN1GAFrzi4,-0.0262,a pouch or sachet of gutka or pan masala with visible branding,517.4,0.1927
2664,PROMOTIONAL_Tl8jMFYa60o_F037.jpg,Tl8jMFYa60o,-0.0262,"a glass of beer or wine, clearly visible",338.7,0.2049
2665,PROMOTIONAL_kJofDnUYPhw_F034.jpg,kJofDnUYPhw,-0.0262,a pouch or sachet of gutka or pan masala with visible branding,133.4,0.2163
2666,PROMOTIONAL_ZPkbtIBypb0_F092.jpg,ZPkbtIBypb0,-0.0263,"a can of beer, clearly visible",344.5,0.2125
2667,PROMOTIONAL_DsWP_FrACgM_F095.jpg,DsWP_FrACgM,-0.0263,"a vape or e-cigarette device, clearly visible",262.1,0.2347
2668,PROMOTIONAL_RnL8eDxT7Cg_F045.jpg,RnL8eDxT7Cg,-0.0264,"a cigar being smoked, clearly visible",214.7,0.2113
2669,PROMOTIONAL_XwgNLyk38sI_F044.jpg,XwgNLyk38sI,-0.0264,"a cigar being smoked, clearly visible",108.4,0.2112
2670,PROMOTIONAL_hbQ4dEjaJ6c_F106.jpg,hbQ4dEjaJ6c,-0.0264,"a vape or e-cigarette device, clearly visible",149.6,0.1874
2671,PROMOTIONAL_BJpdusGS8Ak_F007.jpg,BJpdusGS8Ak,-0.0265,"a glass of beer or wine, clearly visible",297.1,0.2479
2672,PROMOTIONAL_JWnkH7vjXTg_F001.jpg,JWnkH7vjXTg,-0.0265,"a cigar being smoked, clearly visible",2928.8,0.2159
2673,PROMOTIONAL_qXlhj_LwBNc_F011.jpg,qXlhj_LwBNc,-0.0265,"a cigar being smoked, clearly visible",290.4,0.2050
2674,PROMOTIONAL_A2GEyAxegRY_F060.jpg,A2GEyAxegRY,-0.0265,"a can of beer, clearly visible",655.7,0.2066
2675,PROMOTIONAL_ZjaOdXCXgJw_F060.jpg,ZjaOdXCXgJw,-0.0265,"a vape or e-cigarette device, clearly visible",131.2,0.2074
2676,PROMOTIONAL_kHlPI8FDYNg_F022.jpg,kHlPI8FDYNg,-0.0265,"a person smoking a cigarette, cigarette clearly visible",181.4,0.2062
2677,PROMOTIONAL_ZPkbtIBypb0_F021.jpg,ZPkbtIBypb0,-0.0265,"a vape or e-cigarette device, clearly visible",263.7,0.2126
2678,PROMOTIONAL_M98NqbcWdyI_F029.jpg,M98NqbcWdyI,-0.0265,"a cigar being smoked, clearly visible",122.0,0.2373
2679,PROMOTIONAL_oWPLQY-tESk_F034.jpg,oWPLQY-tESk,-0.0266,"a vape or e-cigarette device, clearly visible",235.9,0.2335
2680,PROMOTIONAL_ZPkbtIBypb0_F043.jpg,ZPkbtIBypb0,-0.0266,"a person smoking a cigarette, cigarette clearly visible",389.9,0.2233
2681,PROMOTIONAL_gN8Ol4w9u6s_F200.jpg,gN8Ol4w9u6s,-0.0266,"a vape or e-cigarette device, clearly visible",262.3,0.2229
2682,PROMOTIONAL_Lu747R2Ktis_F056.jpg,Lu747R2Ktis,-0.0266,"a cigar being smoked, clearly visible",337.0,0.2048
2683,PROMOTIONAL_ZPkbtIBypb0_F262.jpg,ZPkbtIBypb0,-0.0266,"a can of beer, clearly visible",235.6,0.2342
2684,PROMOTIONAL_ZjaOdXCXgJw_F038.jpg,ZjaOdXCXgJw,-0.0266,a hookah pipe,965.2,0.1936
2685,PROMOTIONAL_BwlGHrC73tA_F104.jpg,BwlGHrC73tA,-0.0267,"a person smoking a cigarette, cigarette clearly visible",144.4,0.2160
2686,PROMOTIONAL_gN8Ol4w9u6s_F088.jpg,gN8Ol4w9u6s,-0.0267,"a vape or e-cigarette device, clearly visible",556.5,0.2161
2687,PROMOTIONAL_oC9BCdJmuZc_F008.jpg,oC9BCdJmuZc,-0.0267,"a vape or e-cigarette device, clearly visible",455.6,0.2257
2688,PROMOTIONAL_ZPkbtIBypb0_F115.jpg,ZPkbtIBypb0,-0.0268,"a can of beer, clearly visible",524.7,0.2214
2689,PROMOTIONAL_ZPkbtIBypb0_F193.jpg,ZPkbtIBypb0,-0.0268,a hookah pipe,352.0,0.2207
2690,PROMOTIONAL_hvx16M1Pe9w_F040.jpg,hvx16M1Pe9w,-0.0268,"a can of beer, clearly visible",434.3,0.2105
2691,PROMOTIONAL_S2pF1WuMy2M_F024.jpg,S2pF1WuMy2M,-0.0268,"a person smoking a cigarette, cigarette clearly visible",919.4,0.2102
2692,PROMOTIONAL_A2GEyAxegRY_F067.jpg,A2GEyAxegRY,-0.0268,"a cigar being smoked, clearly visible",323.5,0.2153
2693,PROMOTIONAL_A2GEyAxegRY_F090.jpg,A2GEyAxegRY,-0.0268,"a can of beer, clearly visible",460.1,0.1904
2694,PROMOTIONAL_4rN1GAFrzi4_F124.jpg,4rN1GAFrzi4,-0.0269,a pouch or sachet of gutka or pan masala with visible branding,667.2,0.2021
2695,PROMOTIONAL_-KtN-Sz1iMA_F002.jpg,-KtN-Sz1iMA,-0.0269,"a glass of beer or wine, clearly visible",269.9,0.2360
2696,PROMOTIONAL_Lu747R2Ktis_F035.jpg,Lu747R2Ktis,-0.0269,a hookah pipe,434.6,0.2015
2697,PROMOTIONAL_ZPkbtIBypb0_F037.jpg,ZPkbtIBypb0,-0.0269,"a can of beer, clearly visible",392.9,0.2283
2698,PROMOTIONAL_oWPLQY-tESk_F025.jpg,oWPLQY-tESk,-0.0269,"a can of beer, clearly visible",389.0,0.1925
2699,PROMOTIONAL_JWnkH7vjXTg_F029.jpg,JWnkH7vjXTg,-0.0269,"a glass of beer or wine, clearly visible",1969.7,0.2176
2700,PROMOTIONAL_ZPkbtIBypb0_F145.jpg,ZPkbtIBypb0,-0.0269,"a cigar being smoked, clearly visible",585.9,0.2086
2701,PROMOTIONAL_eDkDQ2sid4o_F012.jpg,eDkDQ2sid4o,-0.0269,"a cigar being smoked, clearly visible",114.4,0.2108
2702,PROMOTIONAL_OWDIGDyOhcI_F003.jpg,OWDIGDyOhcI,-0.0269,"a cigar being smoked, clearly visible",261.5,0.2361
2703,PROMOTIONAL_kJofDnUYPhw_F119.jpg,kJofDnUYPhw,-0.0269,"a vape or e-cigarette device, clearly visible",137.7,0.2275
2704,PROMOTIONAL_DfohsAEWphs_F027.jpg,DfohsAEWphs,-0.0270,"a vape or e-cigarette device, clearly visible",283.5,0.2024
2705,PROMOTIONAL_BJpdusGS8Ak_F006.jpg,BJpdusGS8Ak,-0.0270,"a can of beer, clearly visible",295.2,0.2473
2706,PROMOTIONAL_Tl8jMFYa60o_F010.jpg,Tl8jMFYa60o,-0.0270,"a person smoking a cigarette, cigarette clearly visible",216.4,0.2242
2707,PROMOTIONAL_V30umsF1l7c_F015.jpg,V30umsF1l7c,-0.0271,"a vape or e-cigarette device, clearly visible",514.4,0.2041
2708,PROMOTIONAL_Tl8jMFYa60o_F007.jpg,Tl8jMFYa60o,-0.0271,"a cigar being smoked, clearly visible",270.4,0.2299
2709,PROMOTIONAL_o2cFKv3Sb_8_F031.jpg,o2cFKv3Sb_8,-0.0271,"a person smoking a cigarette, cigarette clearly visible",171.9,0.2104
2710,PROMOTIONAL_5mwDEv-TSEk_F093.jpg,5mwDEv-TSEk,-0.0271,a photo of a cigarette pack,681.3,0.2190
2711,PROMOTIONAL_kJofDnUYPhw_F093.jpg,kJofDnUYPhw,-0.0271,"a can of beer, clearly visible",317.9,0.2377
2712,PROMOTIONAL_gN8Ol4w9u6s_F195.jpg,gN8Ol4w9u6s,-0.0271,"a person smoking a cigarette, cigarette clearly visible",681.9,0.2041
2713,PROMOTIONAL_BJpdusGS8Ak_F042.jpg,BJpdusGS8Ak,-0.0272,a hookah pipe,576.0,0.2356
2714,PROMOTIONAL_M98NqbcWdyI_F023.jpg,M98NqbcWdyI,-0.0272,"a can of beer, clearly visible",214.7,0.2387
2715,PROMOTIONAL_fmK0FYpaJ7E_F011.jpg,fmK0FYpaJ7E,-0.0272,"a cigar being smoked, clearly visible",112.0,0.2159
2716,PROMOTIONAL_BJpdusGS8Ak_F077.jpg,BJpdusGS8Ak,-0.0272,"a glass of beer or wine, clearly visible",534.9,0.2592
2717,PROMOTIONAL_ZPkbtIBypb0_F032.jpg,ZPkbtIBypb0,-0.0272,"a vape or e-cigarette device, clearly visible",423.1,0.2239
2718,PROMOTIONAL_hbQ4dEjaJ6c_F141.jpg,hbQ4dEjaJ6c,-0.0272,"a cigar being smoked, clearly visible",264.7,0.2093
2719,PROMOTIONAL_hvx16M1Pe9w_F018.jpg,hvx16M1Pe9w,-0.0273,"a vape or e-cigarette device, clearly visible",661.8,0.2147
2720,PROMOTIONAL_ZPkbtIBypb0_F149.jpg,ZPkbtIBypb0,-0.0273,"a can of beer, clearly visible",268.8,0.2052
2721,PROMOTIONAL_d87xnW1n3Ms_F012.jpg,d87xnW1n3Ms,-0.0273,"a person smoking a cigarette, cigarette clearly visible",290.7,0.2270
2722,PROMOTIONAL_9VLJyBaIiMQ_F023.jpg,9VLJyBaIiMQ,-0.0274,"a cigar being smoked, clearly visible",305.2,0.2197
2723,PROMOTIONAL_Kr8XAnR80XA_F036.jpg,Kr8XAnR80XA,-0.0274,"a glass of beer or wine, clearly visible",202.2,0.2123
2724,PROMOTIONAL_AkkChMJv4wA_F014.jpg,AkkChMJv4wA,-0.0274,a pouch or sachet of gutka or pan masala with visible branding,100.8,0.1902
2725,PROMOTIONAL_kJofDnUYPhw_F222.jpg,kJofDnUYPhw,-0.0274,a pouch or sachet of gutka or pan masala with visible branding,131.2,0.2076
2726,PROMOTIONAL_iEGY45xE5io_F038.jpg,iEGY45xE5io,-0.0275,"a glass of beer or wine, clearly visible",386.5,0.1958
2727,PROMOTIONAL_BwlGHrC73tA_F163.jpg,BwlGHrC73tA,-0.0275,"a can of beer, clearly visible",116.5,0.2153
2728,PROMOTIONAL_BwlGHrC73tA_F143.jpg,BwlGHrC73tA,-0.0275,"a vape or e-cigarette device, clearly visible",101.2,0.2205
2729,PROMOTIONAL_hbQ4dEjaJ6c_F028.jpg,hbQ4dEjaJ6c,-0.0275,a hookah pipe,194.6,0.1961
2730,PROMOTIONAL_eDkDQ2sid4o_F019.jpg,eDkDQ2sid4o,-0.0275,"a can of beer, clearly visible",197.9,0.2223
2731,PROMOTIONAL_ob1RBsKnLP0_F047.jpg,ob1RBsKnLP0,-0.0275,"a cigar being smoked, clearly visible",180.6,0.2037
2732,PROMOTIONAL_ZPkbtIBypb0_F104.jpg,ZPkbtIBypb0,-0.0276,"a can of beer, clearly visible",588.9,0.2087
2733,PROMOTIONAL_5mwDEv-TSEk_F047.jpg,5mwDEv-TSEk,-0.0276,"a person smoking a cigarette, cigarette clearly visible",393.1,0.2058
2734,PROMOTIONAL_EAnIJkAsP14_F085.jpg,EAnIJkAsP14,-0.0276,"a vape or e-cigarette device, clearly visible",245.2,0.2031
2735,PROMOTIONAL_BJpdusGS8Ak_F010.jpg,BJpdusGS8Ak,-0.0277,"a can of beer, clearly visible",338.9,0.2377
2736,PROMOTIONAL_BwlGHrC73tA_F091.jpg,BwlGHrC73tA,-0.0277,"a cigar being smoked, clearly visible",122.1,0.1954
2737,PROMOTIONAL_DfohsAEWphs_F036.jpg,DfohsAEWphs,-0.0277,"a can of beer, clearly visible",279.3,0.2244
2738,PROMOTIONAL_ZPkbtIBypb0_F063.jpg,ZPkbtIBypb0,-0.0277,"a vape or e-cigarette device, clearly visible",346.5,0.2196
2739,PROMOTIONAL_rIYna5PfdDU_F037.jpg,rIYna5PfdDU,-0.0277,"a person smoking a cigarette, cigarette clearly visible",251.6,0.2332
2740,PROMOTIONAL_EAnIJkAsP14_F009.jpg,EAnIJkAsP14,-0.0277,a pouch or sachet of gutka or pan masala with visible branding,268.6,0.1885
2741,PROMOTIONAL_ZPkbtIBypb0_F250.jpg,ZPkbtIBypb0,-0.0277,"a glass of beer or wine, clearly visible",331.4,0.2034
2742,PROMOTIONAL_ZPkbtIBypb0_F335.jpg,ZPkbtIBypb0,-0.0278,a photo of a cigarette pack,804.8,0.2278
2743,PROMOTIONAL_ZPkbtIBypb0_F165.jpg,ZPkbtIBypb0,-0.0278,a pouch or sachet of gutka or pan masala with visible branding,340.5,0.2065
2744,PROMOTIONAL_4rN1GAFrzi4_F098.jpg,4rN1GAFrzi4,-0.0278,"a can of beer, clearly visible",680.0,0.2033
2745,PROMOTIONAL_XwgNLyk38sI_F030.jpg,XwgNLyk38sI,-0.0278,"a cigar being smoked, clearly visible",113.5,0.1920
2746,PROMOTIONAL_Lu747R2Ktis_F024.jpg,Lu747R2Ktis,-0.0278,"a can of beer, clearly visible",769.3,0.2101
2747,PROMOTIONAL_zNfEfnyxE6c_F002.jpg,zNfEfnyxE6c,-0.0278,"a vape or e-cigarette device, clearly visible",348.4,0.2088
2748,PROMOTIONAL_BwlGHrC73tA_F086.jpg,BwlGHrC73tA,-0.0278,a pouch or sachet of gutka or pan masala with visible branding,199.9,0.2152
2749,PROMOTIONAL_hbQ4dEjaJ6c_F150.jpg,hbQ4dEjaJ6c,-0.0278,a pouch or sachet of gutka or pan masala with visible branding,242.4,0.1769
2750,PROMOTIONAL_A2GEyAxegRY_F061.jpg,A2GEyAxegRY,-0.0278,"a cigar being smoked, clearly visible",594.7,0.1878
2751,PROMOTIONAL_gN8Ol4w9u6s_F081.jpg,gN8Ol4w9u6s,-0.0278,"a glass of beer or wine, clearly visible",383.6,0.2157
2752,PROMOTIONAL_oWPLQY-tESk_F023.jpg,oWPLQY-tESk,-0.0278,"a can of beer, clearly visible",367.8,0.2009
2753,PROMOTIONAL_-vFLsll_Gpk_F030.jpg,-vFLsll_Gpk,-0.0279,"a cigar being smoked, clearly visible",117.1,0.2079
2754,PROMOTIONAL_Tl8jMFYa60o_F006.jpg,Tl8jMFYa60o,-0.0279,a pouch or sachet of gutka or pan masala with visible branding,401.2,0.2045
2755,PROMOTIONAL_kHlPI8FDYNg_F021.jpg,kHlPI8FDYNg,-0.0279,"a can of beer, clearly visible",146.4,0.2182
2756,PROMOTIONAL_kJofDnUYPhw_F355.jpg,kJofDnUYPhw,-0.0279,"a person smoking a cigarette, cigarette clearly visible",326.3,0.2132
2757,PROMOTIONAL_ZjaOdXCXgJw_F005.jpg,ZjaOdXCXgJw,-0.0279,a pouch or sachet of gutka or pan masala with visible branding,318.3,0.2102
2758,PROMOTIONAL_hbQ4dEjaJ6c_F063.jpg,hbQ4dEjaJ6c,-0.0279,"a vape or e-cigarette device, clearly visible",289.0,0.1859
2759,PROMOTIONAL_ZPkbtIBypb0_F331.jpg,ZPkbtIBypb0,-0.0279,a pouch or sachet of gutka or pan masala with visible branding,736.0,0.2096
2760,PROMOTIONAL_gN8Ol4w9u6s_F129.jpg,gN8Ol4w9u6s,-0.0279,"a vape or e-cigarette device, clearly visible",342.8,0.2196
2761,PROMOTIONAL_zNfEfnyxE6c_F006.jpg,zNfEfnyxE6c,-0.0280,"a cigar being smoked, clearly visible",307.1,0.2170
2762,PROMOTIONAL_7M7oRkAaujg_F040.jpg,7M7oRkAaujg,-0.0280,"a cigar being smoked, clearly visible",144.2,0.2272
2763,PROMOTIONAL_MGrjU_VcO5E_F005.jpg,MGrjU_VcO5E,-0.0280,"a vape or e-cigarette device, clearly visible",171.3,0.2116
2764,PROMOTIONAL_BwlGHrC73tA_F147.jpg,BwlGHrC73tA,-0.0280,"a cigar being smoked, clearly visible",114.5,0.2027
2765,PROMOTIONAL_5mwDEv-TSEk_F030.jpg,5mwDEv-TSEk,-0.0280,a pouch or sachet of gutka or pan masala with visible branding,330.2,0.2568
2766,PROMOTIONAL_zNfEfnyxE6c_F010.jpg,zNfEfnyxE6c,-0.0280,"a vape or e-cigarette device, clearly visible",264.0,0.2194
2767,PROMOTIONAL_RnL8eDxT7Cg_F040.jpg,RnL8eDxT7Cg,-0.0281,"a cigar being smoked, clearly visible",263.7,0.2197
2768,PROMOTIONAL_A2GEyAxegRY_F084.jpg,A2GEyAxegRY,-0.0281,"a cigar being smoked, clearly visible",124.7,0.2109
2769,PROMOTIONAL_ZPkbtIBypb0_F091.jpg,ZPkbtIBypb0,-0.0281,"a can of beer, clearly visible",266.5,0.2137
2770,PROMOTIONAL_ZPkbtIBypb0_F133.jpg,ZPkbtIBypb0,-0.0281,a pouch or sachet of gutka or pan masala with visible branding,602.0,0.2031
2771,PROMOTIONAL_iN7n_T5Jh54_F013.jpg,iN7n_T5Jh54,-0.0281,"a vape or e-cigarette device, clearly visible",262.1,0.2249
2772,PROMOTIONAL_gN8Ol4w9u6s_F218.jpg,gN8Ol4w9u6s,-0.0281,"a cigar being smoked, clearly visible",381.1,0.1963
2773,PROMOTIONAL_hbQ4dEjaJ6c_F036.jpg,hbQ4dEjaJ6c,-0.0281,"a glass of beer or wine, clearly visible",228.2,0.2211
2774,PROMOTIONAL_iEGY45xE5io_F020.jpg,iEGY45xE5io,-0.0282,"a vape or e-cigarette device, clearly visible",173.1,0.1821
2775,PROMOTIONAL_4rN1GAFrzi4_F096.jpg,4rN1GAFrzi4,-0.0282,a pouch or sachet of gutka or pan masala with visible branding,534.3,0.1967
2776,PROMOTIONAL_4rN1GAFrzi4_F044.jpg,4rN1GAFrzi4,-0.0282,"a can of beer, clearly visible",445.7,0.2145
2777,PROMOTIONAL_ZPkbtIBypb0_F102.jpg,ZPkbtIBypb0,-0.0282,"a can of beer, clearly visible",485.0,0.2222
2778,PROMOTIONAL_OWDIGDyOhcI_F050.jpg,OWDIGDyOhcI,-0.0282,"a person smoking a cigarette, cigarette clearly visible",162.8,0.2168
2779,PROMOTIONAL_eDkDQ2sid4o_F020.jpg,eDkDQ2sid4o,-0.0283,"a person smoking a cigarette, cigarette clearly visible",217.0,0.1982
2780,PROMOTIONAL_4rN1GAFrzi4_F110.jpg,4rN1GAFrzi4,-0.0283,a pouch or sachet of gutka or pan masala with visible branding,655.9,0.2027
2781,PROMOTIONAL_XxZ91r8k7HY_F029.jpg,XxZ91r8k7HY,-0.0283,"a person smoking a cigarette, cigarette clearly visible",520.3,0.1928
2782,PROMOTIONAL_gN8Ol4w9u6s_F116.jpg,gN8Ol4w9u6s,-0.0283,"a vape or e-cigarette device, clearly visible",311.4,0.2113
2783,PROMOTIONAL_ymCBZ6xXJkY_F040.jpg,ymCBZ6xXJkY,-0.0283,"a can of beer, clearly visible",179.6,0.2025
2784,PROMOTIONAL_iEGY45xE5io_F007.jpg,iEGY45xE5io,-0.0283,"a cigar being smoked, clearly visible",265.2,0.2006
2785,PROMOTIONAL_oWPLQY-tESk_F031.jpg,oWPLQY-tESk,-0.0283,"a vape or e-cigarette device, clearly visible",138.6,0.2206
2786,PROMOTIONAL_XwgNLyk38sI_F060.jpg,XwgNLyk38sI,-0.0283,"a cigar being smoked, clearly visible",172.5,0.2157
2787,PROMOTIONAL_ZjaOdXCXgJw_F041.jpg,ZjaOdXCXgJw,-0.0284,"a person smoking a cigarette, cigarette clearly visible",755.9,0.1890
2788,PROMOTIONAL_EAnIJkAsP14_F012.jpg,EAnIJkAsP14,-0.0284,"a cigar being smoked, clearly visible",193.2,0.1915
2789,PROMOTIONAL_ZPkbtIBypb0_F088.jpg,ZPkbtIBypb0,-0.0284,"a can of beer, clearly visible",784.2,0.2180
2790,PROMOTIONAL_BJpdusGS8Ak_F054.jpg,BJpdusGS8Ak,-0.0284,"a cigar being smoked, clearly visible",112.8,0.2414
2791,PROMOTIONAL_Tl8jMFYa60o_F042.jpg,Tl8jMFYa60o,-0.0284,"a vape or e-cigarette device, clearly visible",366.4,0.1910
2792,PROMOTIONAL_zNfEfnyxE6c_F015.jpg,zNfEfnyxE6c,-0.0284,"a vape or e-cigarette device, clearly visible",311.2,0.2052
2793,PROMOTIONAL_hbQ4dEjaJ6c_F029.jpg,hbQ4dEjaJ6c,-0.0284,"a cigar being smoked, clearly visible",295.1,0.2333
2794,PROMOTIONAL_gN8Ol4w9u6s_F176.jpg,gN8Ol4w9u6s,-0.0284,"a person smoking a cigarette, cigarette clearly visible",106.6,0.2136
2795,PROMOTIONAL_o2cFKv3Sb_8_F024.jpg,o2cFKv3Sb_8,-0.0285,"a cigar being smoked, clearly visible",465.2,0.2202
2796,PROMOTIONAL_OWSC-C447aY_F014.jpg,OWSC-C447aY,-0.0285,"a vape or e-cigarette device, clearly visible",118.8,0.2021
2797,PROMOTIONAL_DsWP_FrACgM_F075.jpg,DsWP_FrACgM,-0.0285,"a vape or e-cigarette device, clearly visible",116.4,0.2042
2798,PROMOTIONAL_ZPkbtIBypb0_F146.jpg,ZPkbtIBypb0,-0.0285,"a vape or e-cigarette device, clearly visible",621.1,0.2070
2799,PROMOTIONAL_A2GEyAxegRY_F066.jpg,A2GEyAxegRY,-0.0285,"a glass of beer or wine, clearly visible",279.0,0.2116
2800,PROMOTIONAL_ob1RBsKnLP0_F051.jpg,ob1RBsKnLP0,-0.0285,"a cigar being smoked, clearly visible",140.0,0.1938
2801,PROMOTIONAL_Lu747R2Ktis_F011.jpg,Lu747R2Ktis,-0.0285,"a cigar being smoked, clearly visible",569.8,0.2144
2802,PROMOTIONAL_rIYna5PfdDU_F028.jpg,rIYna5PfdDU,-0.0285,a pouch or sachet of gutka or pan masala with visible branding,111.3,0.2162
2803,PROMOTIONAL_kJofDnUYPhw_F346.jpg,kJofDnUYPhw,-0.0286,"a person smoking a cigarette, cigarette clearly visible",341.5,0.2215
2804,PROMOTIONAL_o2cFKv3Sb_8_F010.jpg,o2cFKv3Sb_8,-0.0286,"a can of beer, clearly visible",217.9,0.2024
2805,PROMOTIONAL_ZPkbtIBypb0_F068.jpg,ZPkbtIBypb0,-0.0286,"a can of beer, clearly visible",346.4,0.2096
2806,PROMOTIONAL_ZPkbtIBypb0_F194.jpg,ZPkbtIBypb0,-0.0286,"a vape or e-cigarette device, clearly visible",338.6,0.2190
2807,PROMOTIONAL_4rN1GAFrzi4_F041.jpg,4rN1GAFrzi4,-0.0286,a pouch or sachet of gutka or pan masala with visible branding,619.0,0.1943
2808,PROMOTIONAL_A2GEyAxegRY_F065.jpg,A2GEyAxegRY,-0.0286,"a cigar being smoked, clearly visible",147.8,0.2190
2809,PROMOTIONAL_rIYna5PfdDU_F049.jpg,rIYna5PfdDU,-0.0286,"a vape or e-cigarette device, clearly visible",350.7,0.2111
2810,PROMOTIONAL_Hb8o6UzLB-k_F018.jpg,Hb8o6UzLB-k,-0.0286,"a person smoking a cigarette, cigarette clearly visible",661.7,0.1935
2811,PROMOTIONAL_ZPkbtIBypb0_F098.jpg,ZPkbtIBypb0,-0.0287,"a can of beer, clearly visible",554.2,0.2055
2812,PROMOTIONAL_RnL8eDxT7Cg_F071.jpg,RnL8eDxT7Cg,-0.0287,"a vape or e-cigarette device, clearly visible",346.9,0.2235
2813,PROMOTIONAL_ob1RBsKnLP0_F045.jpg,ob1RBsKnLP0,-0.0287,"a cigar being smoked, clearly visible",299.8,0.1881
2814,PROMOTIONAL_DsWP_FrACgM_F017.jpg,DsWP_FrACgM,-0.0287,"a person smoking a cigarette, cigarette clearly visible",102.2,0.2071
2815,PROMOTIONAL_4rN1GAFrzi4_F135.jpg,4rN1GAFrzi4,-0.0287,a pouch or sachet of gutka or pan masala with visible branding,532.0,0.2105
2816,PROMOTIONAL_gN8Ol4w9u6s_F154.jpg,gN8Ol4w9u6s,-0.0287,a hookah pipe,103.0,0.2103
2817,PROMOTIONAL_OWDIGDyOhcI_F023.jpg,OWDIGDyOhcI,-0.0287,"a cigar being smoked, clearly visible",338.5,0.2175
2818,PROMOTIONAL_A2GEyAxegRY_F054.jpg,A2GEyAxegRY,-0.0287,"a cigar being smoked, clearly visible",154.7,0.2160
2819,PROMOTIONAL_BJpdusGS8Ak_F073.jpg,BJpdusGS8Ak,-0.0287,"a cigar being smoked, clearly visible",197.3,0.2375
2820,PROMOTIONAL_ZPkbtIBypb0_F297.jpg,ZPkbtIBypb0,-0.0288,"a cigar being smoked, clearly visible",250.4,0.2187
2821,PROMOTIONAL_RnL8eDxT7Cg_F076.jpg,RnL8eDxT7Cg,-0.0288,"a cigar being smoked, clearly visible",174.6,0.2086
2822,PROMOTIONAL_hbQ4dEjaJ6c_F123.jpg,hbQ4dEjaJ6c,-0.0288,"a cigar being smoked, clearly visible",351.0,0.1914
2823,PROMOTIONAL_BwlGHrC73tA_F198.jpg,BwlGHrC73tA,-0.0288,"a person smoking a cigarette, cigarette clearly visible",113.8,0.2371
2824,PROMOTIONAL_MGrjU_VcO5E_F007.jpg,MGrjU_VcO5E,-0.0288,"a vape or e-cigarette device, clearly visible",172.1,0.2169
2825,PROMOTIONAL_Kr8XAnR80XA_F005.jpg,Kr8XAnR80XA,-0.0288,"a can of beer, clearly visible",105.6,0.2135
2826,PROMOTIONAL_A2GEyAxegRY_F092.jpg,A2GEyAxegRY,-0.0288,"a can of beer, clearly visible",224.3,0.2298
2827,PROMOTIONAL_ZPkbtIBypb0_F046.jpg,ZPkbtIBypb0,-0.0288,"a vape or e-cigarette device, clearly visible",272.8,0.2062
2828,PROMOTIONAL_gN8Ol4w9u6s_F055.jpg,gN8Ol4w9u6s,-0.0289,"a can of beer, clearly visible",138.6,0.2137
2829,PROMOTIONAL_Q0yse1BaA8w_F009.jpg,Q0yse1BaA8w,-0.0289,a pouch or sachet of gutka or pan masala with visible branding,283.7,0.1943
2830,PROMOTIONAL_WxyusRiyLrA_F048.jpg,WxyusRiyLrA,-0.0289,"a cigar being smoked, clearly visible",163.1,0.1982
2831,PROMOTIONAL_gN8Ol4w9u6s_F128.jpg,gN8Ol4w9u6s,-0.0289,"a vape or e-cigarette device, clearly visible",311.5,0.2117
2832,PROMOTIONAL_4rN1GAFrzi4_F100.jpg,4rN1GAFrzi4,-0.0289,"a person smoking a cigarette, cigarette clearly visible",619.0,0.2060
2833,PROMOTIONAL_hbQ4dEjaJ6c_F109.jpg,hbQ4dEjaJ6c,-0.0289,"a vape or e-cigarette device, clearly visible",234.5,0.1788
2834,PROMOTIONAL_ZPkbtIBypb0_F313.jpg,ZPkbtIBypb0,-0.0289,"a can of beer, clearly visible",749.3,0.2194
2835,PROMOTIONAL_o2cFKv3Sb_8_F017.jpg,o2cFKv3Sb_8,-0.0290,"a can of beer, clearly visible",294.6,0.2162
2836,PROMOTIONAL_gN8Ol4w9u6s_F086.jpg,gN8Ol4w9u6s,-0.0290,"a vape or e-cigarette device, clearly visible",341.6,0.2245
2837,PROMOTIONAL_XwgNLyk38sI_F032.jpg,XwgNLyk38sI,-0.0291,"a can of beer, clearly visible",124.8,0.2073
2838,PROMOTIONAL_ZPkbtIBypb0_F327.jpg,ZPkbtIBypb0,-0.0291,"a can of beer, clearly visible",458.3,0.2359
2839,PROMOTIONAL_kHlPI8FDYNg_F029.jpg,kHlPI8FDYNg,-0.0291,"a cigar being smoked, clearly visible",465.3,0.2457
2840,PROMOTIONAL_gN8Ol4w9u6s_F033.jpg,gN8Ol4w9u6s,-0.0291,a photo of a cigarette pack,154.1,0.2230
2841,PROMOTIONAL_M98NqbcWdyI_F057.jpg,M98NqbcWdyI,-0.0291,"a vape or e-cigarette device, clearly visible",153.4,0.2155
2842,PROMOTIONAL_ymCBZ6xXJkY_F064.jpg,ymCBZ6xXJkY,-0.0291,"a person smoking a cigarette, cigarette clearly visible",115.5,0.1963
2843,PROMOTIONAL_ZPkbtIBypb0_F206.jpg,ZPkbtIBypb0,-0.0291,a pouch or sachet of gutka or pan masala with visible branding,422.4,0.2087
2844,PROMOTIONAL_XwgNLyk38sI_F016.jpg,XwgNLyk38sI,-0.0292,"a cigar being smoked, clearly visible",184.0,0.2102
2845,PROMOTIONAL_oWPLQY-tESk_F006.jpg,oWPLQY-tESk,-0.0292,"a vape or e-cigarette device, clearly visible",421.6,0.2100
2846,PROMOTIONAL_iEGY45xE5io_F014.jpg,iEGY45xE5io,-0.0292,"a vape or e-cigarette device, clearly visible",210.5,0.1998
2847,PROMOTIONAL_kJofDnUYPhw_F144.jpg,kJofDnUYPhw,-0.0292,"a cigar being smoked, clearly visible",234.4,0.2051
2848,PROMOTIONAL_7VDOruS-i10_F007.jpg,7VDOruS-i10,-0.0292,"a cigar being smoked, clearly visible",393.9,0.1969
2849,PROMOTIONAL_hbQ4dEjaJ6c_F152.jpg,hbQ4dEjaJ6c,-0.0293,"a vape or e-cigarette device, clearly visible",199.0,0.1918
2850,PROMOTIONAL_kJofDnUYPhw_F191.jpg,kJofDnUYPhw,-0.0293,"a vape or e-cigarette device, clearly visible",285.1,0.2234
2851,PROMOTIONAL_H2qy5DVUOw8_F019.jpg,H2qy5DVUOw8,-0.0293,"a cigar being smoked, clearly visible",256.7,0.2006
2852,PROMOTIONAL_OWDIGDyOhcI_F032.jpg,OWDIGDyOhcI,-0.0293,"a cigar being smoked, clearly visible",297.0,0.2375
2853,PROMOTIONAL_ob1RBsKnLP0_F009.jpg,ob1RBsKnLP0,-0.0293,"a can of beer, clearly visible",397.1,0.1968
2854,PROMOTIONAL_ZPkbtIBypb0_F317.jpg,ZPkbtIBypb0,-0.0293,"a can of beer, clearly visible",781.1,0.2226
2855,PROMOTIONAL_fmK0FYpaJ7E_F031.jpg,fmK0FYpaJ7E,-0.0294,"a person smoking a cigarette, cigarette clearly visible",162.5,0.2071
2856,PROMOTIONAL_kJofDnUYPhw_F173.jpg,kJofDnUYPhw,-0.0294,"a can of beer, clearly visible",264.9,0.2155
2857,PROMOTIONAL_kJofDnUYPhw_F286.jpg,kJofDnUYPhw,-0.0294,"a can of beer, clearly visible",195.3,0.2069
2858,PROMOTIONAL_JWnkH7vjXTg_F005.jpg,JWnkH7vjXTg,-0.0294,"a cigar being smoked, clearly visible",2003.4,0.2190
2859,PROMOTIONAL_AkkChMJv4wA_F013.jpg,AkkChMJv4wA,-0.0295,a pouch or sachet of gutka or pan masala with visible branding,110.7,0.1954
2860,PROMOTIONAL_kJofDnUYPhw_F189.jpg,kJofDnUYPhw,-0.0295,"a can of beer, clearly visible",257.8,0.2156
2861,PROMOTIONAL_ZPkbtIBypb0_F099.jpg,ZPkbtIBypb0,-0.0295,"a cigar being smoked, clearly visible",304.2,0.2135
2862,PROMOTIONAL_EAnIJkAsP14_F003.jpg,EAnIJkAsP14,-0.0295,"a person smoking a cigarette, cigarette clearly visible",302.9,0.1948
2863,PROMOTIONAL_A2GEyAxegRY_F101.jpg,A2GEyAxegRY,-0.0295,"a vape or e-cigarette device, clearly visible",484.5,0.1934
2864,PROMOTIONAL_RnL8eDxT7Cg_F036.jpg,RnL8eDxT7Cg,-0.0295,"a cigar being smoked, clearly visible",259.8,0.2203
2865,PROMOTIONAL_IrEUXOE2JHA_F094.jpg,IrEUXOE2JHA,-0.0295,a pouch or sachet of gutka or pan masala with visible branding,10983.0,0.2074
2866,PROMOTIONAL_4IP3zfr8Tvk_F146.jpg,4IP3zfr8Tvk,-0.0295,"a cigar being smoked, clearly visible",210.6,0.2086
2867,PROMOTIONAL_H2qy5DVUOw8_F011.jpg,H2qy5DVUOw8,-0.0295,"a cigar being smoked, clearly visible",186.2,0.2072
2868,PROMOTIONAL_rIYna5PfdDU_F019.jpg,rIYna5PfdDU,-0.0295,a pouch or sachet of gutka or pan masala with visible branding,245.3,0.2117
2869,PROMOTIONAL_WxyusRiyLrA_F044.jpg,WxyusRiyLrA,-0.0296,"a can of beer, clearly visible",161.1,0.1807
2870,PROMOTIONAL_5mwDEv-TSEk_F046.jpg,5mwDEv-TSEk,-0.0296,"a cigar being smoked, clearly visible",428.6,0.2198
2871,PROMOTIONAL_NEkFNbY2ZJU_F007.jpg,NEkFNbY2ZJU,-0.0296,"a cigar being smoked, clearly visible",545.3,0.2122
2872,PROMOTIONAL_M98NqbcWdyI_F016.jpg,M98NqbcWdyI,-0.0296,"a person smoking a cigarette, cigarette clearly visible",201.1,0.2143
2873,PROMOTIONAL_hbQ4dEjaJ6c_F072.jpg,hbQ4dEjaJ6c,-0.0297,"a vape or e-cigarette device, clearly visible",249.9,0.1987
2874,PROMOTIONAL_oWPLQY-tESk_F033.jpg,oWPLQY-tESk,-0.0297,"a vape or e-cigarette device, clearly visible",181.3,0.2212
2875,PROMOTIONAL_hbQ4dEjaJ6c_F146.jpg,hbQ4dEjaJ6c,-0.0298,"a cigar being smoked, clearly visible",178.8,0.2043
2876,PROMOTIONAL_kJofDnUYPhw_F106.jpg,kJofDnUYPhw,-0.0298,"a person smoking a cigarette, cigarette clearly visible",239.2,0.2240
2877,PROMOTIONAL_-KtN-Sz1iMA_F016.jpg,-KtN-Sz1iMA,-0.0299,"a cigar being smoked, clearly visible",280.5,0.2134
2878,PROMOTIONAL_ZjaOdXCXgJw_F028.jpg,ZjaOdXCXgJw,-0.0299,"a glass of beer or wine, clearly visible",146.6,0.2051
2879,PROMOTIONAL_EAnIJkAsP14_F052.jpg,EAnIJkAsP14,-0.0299,"a cigar being smoked, clearly visible",150.7,0.1898
2880,PROMOTIONAL_eXcoTo86OOw_F012.jpg,eXcoTo86OOw,-0.0300,"a cigar being smoked, clearly visible",159.0,0.2384
2881,PROMOTIONAL_kJofDnUYPhw_F201.jpg,kJofDnUYPhw,-0.0300,"a vape or e-cigarette device, clearly visible",226.3,0.2233
2882,PROMOTIONAL_hbQ4dEjaJ6c_F039.jpg,hbQ4dEjaJ6c,-0.0300,a pouch or sachet of gutka or pan masala with visible branding,272.9,0.2354
2883,PROMOTIONAL_AkkChMJv4wA_F034.jpg,AkkChMJv4wA,-0.0300,a pouch or sachet of gutka or pan masala with visible branding,163.4,0.1991
2884,PROMOTIONAL_qXlhj_LwBNc_F061.jpg,qXlhj_LwBNc,-0.0300,"a can of beer, clearly visible",335.8,0.2210
2885,PROMOTIONAL_gN8Ol4w9u6s_F043.jpg,gN8Ol4w9u6s,-0.0301,"a cigar being smoked, clearly visible",101.5,0.2089
2886,PROMOTIONAL_-vFLsll_Gpk_F032.jpg,-vFLsll_Gpk,-0.0301,a pouch or sachet of gutka or pan masala with visible branding,280.7,0.2017
2887,PROMOTIONAL_DsWP_FrACgM_F012.jpg,DsWP_FrACgM,-0.0301,"a cigar being smoked, clearly visible",186.4,0.1955
2888,PROMOTIONAL_hbQ4dEjaJ6c_F151.jpg,hbQ4dEjaJ6c,-0.0302,"a cigar being smoked, clearly visible",201.5,0.2022
2889,PROMOTIONAL_4IP3zfr8Tvk_F067.jpg,4IP3zfr8Tvk,-0.0302,"a cigar being smoked, clearly visible",229.4,0.2036
2890,PROMOTIONAL_V30umsF1l7c_F025.jpg,V30umsF1l7c,-0.0302,"a vape or e-cigarette device, clearly visible",437.9,0.2360
2891,PROMOTIONAL_ZPkbtIBypb0_F045.jpg,ZPkbtIBypb0,-0.0302,a pouch or sachet of gutka or pan masala with visible branding,339.9,0.2230
2892,PROMOTIONAL_Lu747R2Ktis_F029.jpg,Lu747R2Ktis,-0.0302,"a cigar being smoked, clearly visible",588.7,0.2082
2893,PROMOTIONAL_OWSC-C447aY_F059.jpg,OWSC-C447aY,-0.0303,a pouch or sachet of gutka or pan masala with visible branding,153.1,0.1933
2894,PROMOTIONAL_DfohsAEWphs_F045.jpg,DfohsAEWphs,-0.0303,"a can of beer, clearly visible",563.7,0.2049
2895,PROMOTIONAL_4rN1GAFrzi4_F079.jpg,4rN1GAFrzi4,-0.0303,"a person smoking a cigarette, cigarette clearly visible",473.6,0.1884
2896,PROMOTIONAL_OWSC-C447aY_F015.jpg,OWSC-C447aY,-0.0303,a pouch or sachet of gutka or pan masala with visible branding,122.5,0.1958
2897,PROMOTIONAL_ymCBZ6xXJkY_F024.jpg,ymCBZ6xXJkY,-0.0303,"a can of beer, clearly visible",308.0,0.1974
2898,PROMOTIONAL_DfohsAEWphs_F043.jpg,DfohsAEWphs,-0.0303,"a person smoking a cigarette, cigarette clearly visible",1356.6,0.1911
2899,PROMOTIONAL_ymCBZ6xXJkY_F106.jpg,ymCBZ6xXJkY,-0.0303,a photo of a cigarette pack,2252.6,0.2070
2900,PROMOTIONAL_3MaLTyJokyM_F031.jpg,3MaLTyJokyM,-0.0303,"a vape or e-cigarette device, clearly visible",283.8,0.1926
2901,PROMOTIONAL_ZPkbtIBypb0_F003.jpg,ZPkbtIBypb0,-0.0303,a pouch or sachet of gutka or pan masala with visible branding,218.5,0.1949
2902,PROMOTIONAL_Q0yse1BaA8w_F020.jpg,Q0yse1BaA8w,-0.0303,"a person smoking a cigarette, cigarette clearly visible",240.2,0.2321
2903,PROMOTIONAL_EAnIJkAsP14_F005.jpg,EAnIJkAsP14,-0.0304,"a cigar being smoked, clearly visible",446.8,0.1923
2904,PROMOTIONAL_hvx16M1Pe9w_F060.jpg,hvx16M1Pe9w,-0.0304,a hookah pipe,557.6,0.2040
2905,PROMOTIONAL_ZPkbtIBypb0_F023.jpg,ZPkbtIBypb0,-0.0304,"a cigar being smoked, clearly visible",247.6,0.2109
2906,PROMOTIONAL_4rN1GAFrzi4_F012.jpg,4rN1GAFrzi4,-0.0305,"a can of beer, clearly visible",559.9,0.1950
2907,PROMOTIONAL_DfohsAEWphs_F006.jpg,DfohsAEWphs,-0.0305,"a can of beer, clearly visible",610.6,0.1808
2908,PROMOTIONAL_DsWP_FrACgM_F054.jpg,DsWP_FrACgM,-0.0305,"a vape or e-cigarette device, clearly visible",149.1,0.1831
2909,PROMOTIONAL_A2GEyAxegRY_F059.jpg,A2GEyAxegRY,-0.0306,"a can of beer, clearly visible",1168.7,0.1700
2910,PROMOTIONAL_qXlhj_LwBNc_F071.jpg,qXlhj_LwBNc,-0.0306,"a cigar being smoked, clearly visible",140.9,0.1888
2911,PROMOTIONAL_iEGY45xE5io_F009.jpg,iEGY45xE5io,-0.0306,a hookah pipe,188.9,0.2168
2912,PROMOTIONAL_ob1RBsKnLP0_F050.jpg,ob1RBsKnLP0,-0.0306,"a cigar being smoked, clearly visible",188.2,0.1888
2913,PROMOTIONAL_qXlhj_LwBNc_F009.jpg,qXlhj_LwBNc,-0.0307,"a cigar being smoked, clearly visible",170.8,0.1940
2914,PROMOTIONAL_A2GEyAxegRY_F077.jpg,A2GEyAxegRY,-0.0307,"a can of beer, clearly visible",146.2,0.1999
2915,PROMOTIONAL_AkkChMJv4wA_F020.jpg,AkkChMJv4wA,-0.0307,"a glass of beer or wine, clearly visible",170.9,0.2057
2916,PROMOTIONAL_DfohsAEWphs_F020.jpg,DfohsAEWphs,-0.0307,"a vape or e-cigarette device, clearly visible",534.5,0.2236
2917,PROMOTIONAL_ymCBZ6xXJkY_F099.jpg,ymCBZ6xXJkY,-0.0307,a photo of a cigarette pack,2882.2,0.2220
2918,PROMOTIONAL_kJofDnUYPhw_F287.jpg,kJofDnUYPhw,-0.0308,"a can of beer, clearly visible",204.4,0.2058
2919,PROMOTIONAL_kJofDnUYPhw_F190.jpg,kJofDnUYPhw,-0.0308,"a cigar being smoked, clearly visible",255.7,0.2171
2920,PROMOTIONAL_DsWP_FrACgM_F052.jpg,DsWP_FrACgM,-0.0308,a hookah pipe,327.0,0.2133
2921,PROMOTIONAL_ZPkbtIBypb0_F287.jpg,ZPkbtIBypb0,-0.0308,"a vape or e-cigarette device, clearly visible",142.3,0.2225
2922,PROMOTIONAL_ymCBZ6xXJkY_F065.jpg,ymCBZ6xXJkY,-0.0308,"a vape or e-cigarette device, clearly visible",110.0,0.2112
2923,PROMOTIONAL_V30umsF1l7c_F034.jpg,V30umsF1l7c,-0.0309,"a vape or e-cigarette device, clearly visible",266.7,0.2066
2924,PROMOTIONAL_hbQ4dEjaJ6c_F052.jpg,hbQ4dEjaJ6c,-0.0309,"a glass of beer or wine, clearly visible",185.0,0.2062
2925,PROMOTIONAL_cz5n3qm1G8k_F015.jpg,cz5n3qm1G8k,-0.0309,a pouch or sachet of gutka or pan masala with visible branding,254.0,0.1852
2926,PROMOTIONAL_hbQ4dEjaJ6c_F050.jpg,hbQ4dEjaJ6c,-0.0309,a hookah pipe,196.8,0.2001
2927,PROMOTIONAL_DfohsAEWphs_F033.jpg,DfohsAEWphs,-0.0309,"a vape or e-cigarette device, clearly visible",268.0,0.2094
2928,PROMOTIONAL_OWDIGDyOhcI_F061.jpg,OWDIGDyOhcI,-0.0309,a photo of a cigarette pack,364.1,0.2346
2929,PROMOTIONAL_hbQ4dEjaJ6c_F075.jpg,hbQ4dEjaJ6c,-0.0310,"a vape or e-cigarette device, clearly visible",223.3,0.2055
2930,PROMOTIONAL_3MaLTyJokyM_F029.jpg,3MaLTyJokyM,-0.0310,"a vape or e-cigarette device, clearly visible",256.4,0.1994
2931,PROMOTIONAL_-KtN-Sz1iMA_F014.jpg,-KtN-Sz1iMA,-0.0310,"a glass of beer or wine, clearly visible",179.6,0.2034
2932,PROMOTIONAL_kJofDnUYPhw_F175.jpg,kJofDnUYPhw,-0.0310,"a vape or e-cigarette device, clearly visible",405.2,0.2204
2933,PROMOTIONAL_kJofDnUYPhw_F178.jpg,kJofDnUYPhw,-0.0310,"a vape or e-cigarette device, clearly visible",264.3,0.2285
2934,PROMOTIONAL_ZPkbtIBypb0_F123.jpg,ZPkbtIBypb0,-0.0310,"a can of beer, clearly visible",432.3,0.2159
2935,PROMOTIONAL_Lu747R2Ktis_F054.jpg,Lu747R2Ktis,-0.0311,"a cigar being smoked, clearly visible",623.4,0.2078
2936,PROMOTIONAL_ymCBZ6xXJkY_F114.jpg,ymCBZ6xXJkY,-0.0311,a pouch or sachet of gutka or pan masala with visible branding,3030.3,0.1890
2937,PROMOTIONAL_ob1RBsKnLP0_F052.jpg,ob1RBsKnLP0,-0.0311,"a cigar being smoked, clearly visible",104.9,0.2238
2938,PROMOTIONAL_mt4Cf63vFyI_F001.jpg,mt4Cf63vFyI,-0.0311,"a vape or e-cigarette device, clearly visible",262.4,0.2384
2939,PROMOTIONAL_hbQ4dEjaJ6c_F108.jpg,hbQ4dEjaJ6c,-0.0311,a pouch or sachet of gutka or pan masala with visible branding,152.9,0.1786
2940,PROMOTIONAL_-vFLsll_Gpk_F028.jpg,-vFLsll_Gpk,-0.0311,a pouch or sachet of gutka or pan masala with visible branding,185.0,0.1987
2941,PROMOTIONAL_kJofDnUYPhw_F064.jpg,kJofDnUYPhw,-0.0311,"a vape or e-cigarette device, clearly visible",239.3,0.2056
2942,PROMOTIONAL_d87xnW1n3Ms_F007.jpg,d87xnW1n3Ms,-0.0311,"a person smoking a cigarette, cigarette clearly visible",321.1,0.2324
2943,PROMOTIONAL_BJpdusGS8Ak_F024.jpg,BJpdusGS8Ak,-0.0311,a sachet of chewing tobacco with visible branding,115.9,0.2023
2944,PROMOTIONAL_AkkChMJv4wA_F015.jpg,AkkChMJv4wA,-0.0312,"a glass of beer or wine, clearly visible",277.8,0.2221
2945,PROMOTIONAL_5mwDEv-TSEk_F062.jpg,5mwDEv-TSEk,-0.0312,"a cigar being smoked, clearly visible",131.8,0.2254
2946,PROMOTIONAL_H2qy5DVUOw8_F010.jpg,H2qy5DVUOw8,-0.0312,"a cigar being smoked, clearly visible",194.5,0.2114
2947,PROMOTIONAL_ZdlX7gvDZ0U_F019.jpg,ZdlX7gvDZ0U,-0.0312,a pouch or sachet of gutka or pan masala with visible branding,1863.7,0.1966
2948,PROMOTIONAL_hbQ4dEjaJ6c_F004.jpg,hbQ4dEjaJ6c,-0.0312,"a glass of beer or wine, clearly visible",184.7,0.2005
2949,PROMOTIONAL_hbQ4dEjaJ6c_F008.jpg,hbQ4dEjaJ6c,-0.0313,"a can of beer, clearly visible",190.2,0.1890
2950,PROMOTIONAL_EAnIJkAsP14_F004.jpg,EAnIJkAsP14,-0.0313,"a glass of beer or wine, clearly visible",727.4,0.1864
2951,PROMOTIONAL_oC9BCdJmuZc_F042.jpg,oC9BCdJmuZc,-0.0313,"a cigar being smoked, clearly visible",901.6,0.1960
2952,PROMOTIONAL_XxZ91r8k7HY_F035.jpg,XxZ91r8k7HY,-0.0313,"a cigar being smoked, clearly visible",370.6,0.1875
2953,PROMOTIONAL_kJofDnUYPhw_F248.jpg,kJofDnUYPhw,-0.0314,"a can of beer, clearly visible",181.7,0.2208
2954,PROMOTIONAL_ZPkbtIBypb0_F132.jpg,ZPkbtIBypb0,-0.0314,a pouch or sachet of gutka or pan masala with visible branding,710.9,0.2106
2955,PROMOTIONAL_ZjaOdXCXgJw_F054.jpg,ZjaOdXCXgJw,-0.0314,a pouch or sachet of gutka or pan masala with visible branding,362.5,0.2021
2956,PROMOTIONAL_ZPkbtIBypb0_F207.jpg,ZPkbtIBypb0,-0.0314,"a person smoking a cigarette, cigarette clearly visible",401.9,0.2052
2957,PROMOTIONAL_BwlGHrC73tA_F109.jpg,BwlGHrC73tA,-0.0315,"a person smoking a cigarette, cigarette clearly visible",128.6,0.1987
2958,PROMOTIONAL_ZPkbtIBypb0_F103.jpg,ZPkbtIBypb0,-0.0315,"a vape or e-cigarette device, clearly visible",201.9,0.2191
2959,PROMOTIONAL_ZjaOdXCXgJw_F055.jpg,ZjaOdXCXgJw,-0.0315,a pouch or sachet of gutka or pan masala with visible branding,226.0,0.2009
2960,PROMOTIONAL_RnL8eDxT7Cg_F112.jpg,RnL8eDxT7Cg,-0.0315,"a cigar being smoked, clearly visible",117.8,0.2310
2961,PROMOTIONAL_-vFLsll_Gpk_F012.jpg,-vFLsll_Gpk,-0.0315,"a can of beer, clearly visible",638.0,0.2167
2962,PROMOTIONAL_A2GEyAxegRY_F096.jpg,A2GEyAxegRY,-0.0316,"a cigar being smoked, clearly visible",231.5,0.2295
2963,PROMOTIONAL_f5m68k2yyfo_F020.jpg,f5m68k2yyfo,-0.0316,"a person smoking a cigarette, cigarette clearly visible",420.1,0.1973
2964,PROMOTIONAL_BwlGHrC73tA_F081.jpg,BwlGHrC73tA,-0.0316,"a person smoking a cigarette, cigarette clearly visible",246.9,0.2016
2965,PROMOTIONAL_NEkFNbY2ZJU_F018.jpg,NEkFNbY2ZJU,-0.0316,"a can of beer, clearly visible",445.8,0.2032
2966,PROMOTIONAL_mt4Cf63vFyI_F009.jpg,mt4Cf63vFyI,-0.0316,"a vape or e-cigarette device, clearly visible",369.7,0.2213
2967,PROMOTIONAL_zNfEfnyxE6c_F005.jpg,zNfEfnyxE6c,-0.0317,"a vape or e-cigarette device, clearly visible",306.4,0.2184
2968,PROMOTIONAL_NEkFNbY2ZJU_F015.jpg,NEkFNbY2ZJU,-0.0317,"a person smoking a cigarette, cigarette clearly visible",639.1,0.2216
2969,PROMOTIONAL_5mwDEv-TSEk_F091.jpg,5mwDEv-TSEk,-0.0318,a photo of a cigarette pack,562.6,0.2145
2970,PROMOTIONAL_ZPkbtIBypb0_F114.jpg,ZPkbtIBypb0,-0.0318,"a can of beer, clearly visible",574.5,0.2086
2971,PROMOTIONAL_M98NqbcWdyI_F055.jpg,M98NqbcWdyI,-0.0319,a pouch or sachet of gutka or pan masala with visible branding,154.1,0.2129
2972,PROMOTIONAL_ymCBZ6xXJkY_F004.jpg,ymCBZ6xXJkY,-0.0319,"a can of beer, clearly visible",104.0,0.2195
2973,PROMOTIONAL_qXlhj_LwBNc_F025.jpg,qXlhj_LwBNc,-0.0319,"a can of beer, clearly visible",209.3,0.2021
2974,PROMOTIONAL_FnULv0U14UY_F060.jpg,FnULv0U14UY,-0.0319,a photo of a cigarette pack,518.0,0.2212
2975,PROMOTIONAL_XwgNLyk38sI_F031.jpg,XwgNLyk38sI,-0.0319,"a cigar being smoked, clearly visible",116.0,0.1952
2976,PROMOTIONAL_gN8Ol4w9u6s_F035.jpg,gN8Ol4w9u6s,-0.0319,"a can of beer, clearly visible",260.8,0.2099
2977,PROMOTIONAL_Lu747R2Ktis_F060.jpg,Lu747R2Ktis,-0.0319,"a cigar being smoked, clearly visible",978.8,0.2142
2978,PROMOTIONAL_rIYna5PfdDU_F051.jpg,rIYna5PfdDU,-0.0320,"a glass of beer or wine, clearly visible",529.4,0.2173
2979,PROMOTIONAL_ZPkbtIBypb0_F319.jpg,ZPkbtIBypb0,-0.0320,"a vape or e-cigarette device, clearly visible",393.2,0.2056
2980,PROMOTIONAL_OWDIGDyOhcI_F062.jpg,OWDIGDyOhcI,-0.0320,a photo of a cigarette pack,234.3,0.2526
2981,PROMOTIONAL_gN8Ol4w9u6s_F198.jpg,gN8Ol4w9u6s,-0.0320,"a vape or e-cigarette device, clearly visible",231.5,0.2201
2982,PROMOTIONAL_YU0COqQ9W-A_F003.jpg,YU0COqQ9W-A,-0.0320,"a cigar being smoked, clearly visible",184.7,0.2329
2983,PROMOTIONAL_ZjaOdXCXgJw_F040.jpg,ZjaOdXCXgJw,-0.0320,"a cigar being smoked, clearly visible",679.9,0.2012
2984,PROMOTIONAL_ZPkbtIBypb0_F199.jpg,ZPkbtIBypb0,-0.0320,"a person smoking a cigarette, cigarette clearly visible",393.3,0.2256
2985,PROMOTIONAL_oC9BCdJmuZc_F010.jpg,oC9BCdJmuZc,-0.0321,"a cigar being smoked, clearly visible",120.7,0.2086
2986,PROMOTIONAL_7M7oRkAaujg_F012.jpg,7M7oRkAaujg,-0.0321,"a vape or e-cigarette device, clearly visible",580.8,0.2263
2987,PROMOTIONAL_-vFLsll_Gpk_F034.jpg,-vFLsll_Gpk,-0.0321,"a cigar being smoked, clearly visible",158.4,0.1965
2988,PROMOTIONAL_hbQ4dEjaJ6c_F148.jpg,hbQ4dEjaJ6c,-0.0322,a photo of a cigarette pack,274.3,0.1917
2989,PROMOTIONAL_ymCBZ6xXJkY_F052.jpg,ymCBZ6xXJkY,-0.0322,"a vape or e-cigarette device, clearly visible",440.7,0.2278
2990,PROMOTIONAL_-vFLsll_Gpk_F033.jpg,-vFLsll_Gpk,-0.0323,"a person smoking a cigarette, cigarette clearly visible",162.0,0.1907
2991,PROMOTIONAL_RnL8eDxT7Cg_F062.jpg,RnL8eDxT7Cg,-0.0323,"a cigar being smoked, clearly visible",167.2,0.2202
2992,PROMOTIONAL_WxyusRiyLrA_F040.jpg,WxyusRiyLrA,-0.0323,a pouch or sachet of gutka or pan masala with visible branding,100.5,0.1914
2993,PROMOTIONAL_oWPLQY-tESk_F026.jpg,oWPLQY-tESk,-0.0324,"a vape or e-cigarette device, clearly visible",233.6,0.1953
2994,PROMOTIONAL_5rX-wl7b5Vg_F006.jpg,5rX-wl7b5Vg,-0.0324,"a vape or e-cigarette device, clearly visible",265.9,0.2061
2995,PROMOTIONAL_H2qy5DVUOw8_F051.jpg,H2qy5DVUOw8,-0.0324,"a person smoking a cigarette, cigarette clearly visible",239.5,0.2137
2996,PROMOTIONAL_DfohsAEWphs_F024.jpg,DfohsAEWphs,-0.0324,"a vape or e-cigarette device, clearly visible",536.0,0.1992
2997,PROMOTIONAL_gN8Ol4w9u6s_F223.jpg,gN8Ol4w9u6s,-0.0324,"a cigar being smoked, clearly visible",329.9,0.2097
2998,PROMOTIONAL_4rN1GAFrzi4_F074.jpg,4rN1GAFrzi4,-0.0325,"a can of beer, clearly visible",687.4,0.1914
2999,PROMOTIONAL_kJofDnUYPhw_F249.jpg,kJofDnUYPhw,-0.0325,"a can of beer, clearly visible",198.2,0.2222
3000,PROMOTIONAL_4rN1GAFrzi4_F001.jpg,4rN1GAFrzi4,-0.0325,a photo of a cigarette pack,372.4,0.1964
3001,PROMOTIONAL_hbQ4dEjaJ6c_F059.jpg,hbQ4dEjaJ6c,-0.0326,"a vape or e-cigarette device, clearly visible",341.1,0.1950
3002,PROMOTIONAL_4rN1GAFrzi4_F141.jpg,4rN1GAFrzi4,-0.0327,"a glass of beer or wine, clearly visible",552.9,0.2012
3003,PROMOTIONAL_ZPkbtIBypb0_F110.jpg,ZPkbtIBypb0,-0.0327,"a vape or e-cigarette device, clearly visible",343.4,0.2131
3004,PROMOTIONAL_ZPkbtIBypb0_F029.jpg,ZPkbtIBypb0,-0.0327,"a can of beer, clearly visible",444.9,0.2245
3005,PROMOTIONAL_JWnkH7vjXTg_F004.jpg,JWnkH7vjXTg,-0.0327,"a cigar being smoked, clearly visible",2086.6,0.2147
3006,PROMOTIONAL_IrEUXOE2JHA_F003.jpg,IrEUXOE2JHA,-0.0327,"a vape or e-cigarette device, clearly visible",195.5,0.2077
3007,PROMOTIONAL_DfohsAEWphs_F041.jpg,DfohsAEWphs,-0.0328,"a person smoking a cigarette, cigarette clearly visible",252.5,0.2019
3008,PROMOTIONAL_4IP3zfr8Tvk_F010.jpg,4IP3zfr8Tvk,-0.0328,"a can of beer, clearly visible",160.6,0.1988
3009,PROMOTIONAL_4rN1GAFrzi4_F017.jpg,4rN1GAFrzi4,-0.0328,a photo of a cigarette pack,700.0,0.1817
3010,PROMOTIONAL_ZdlX7gvDZ0U_F020.jpg,ZdlX7gvDZ0U,-0.0328,"a person smoking a cigarette, cigarette clearly visible",1219.2,0.2087
3011,PROMOTIONAL_XwgNLyk38sI_F062.jpg,XwgNLyk38sI,-0.0328,"a vape or e-cigarette device, clearly visible",138.3,0.2128
3012,PROMOTIONAL_Lu747R2Ktis_F041.jpg,Lu747R2Ktis,-0.0329,"a can of beer, clearly visible",363.8,0.2077
3013,PROMOTIONAL_ZdlX7gvDZ0U_F016.jpg,ZdlX7gvDZ0U,-0.0329,"a person smoking a cigarette, cigarette clearly visible",1493.7,0.1995
3014,PROMOTIONAL_iEGY45xE5io_F029.jpg,iEGY45xE5io,-0.0329,a hookah pipe,289.1,0.2004
3015,PROMOTIONAL_Tl8jMFYa60o_F063.jpg,Tl8jMFYa60o,-0.0329,a pouch or sachet of gutka or pan masala with visible branding,1364.1,0.2359
3016,PROMOTIONAL_3MaLTyJokyM_F032.jpg,3MaLTyJokyM,-0.0330,"a cigar being smoked, clearly visible",430.0,0.1999
3017,PROMOTIONAL_AkkChMJv4wA_F051.jpg,AkkChMJv4wA,-0.0330,"a cigar being smoked, clearly visible",100.5,0.2203
3018,PROMOTIONAL_A2GEyAxegRY_F103.jpg,A2GEyAxegRY,-0.0330,"a can of beer, clearly visible",574.0,0.2040
3019,PROMOTIONAL_EAnIJkAsP14_F007.jpg,EAnIJkAsP14,-0.0330,"a glass of beer or wine, clearly visible",249.0,0.1890
3020,PROMOTIONAL_H2qy5DVUOw8_F056.jpg,H2qy5DVUOw8,-0.0331,"a person smoking a cigarette, cigarette clearly visible",375.0,0.2266
3021,PROMOTIONAL_ob1RBsKnLP0_F021.jpg,ob1RBsKnLP0,-0.0331,"a glass of beer or wine, clearly visible",226.6,0.2383
3022,PROMOTIONAL_rIYna5PfdDU_F025.jpg,rIYna5PfdDU,-0.0331,"a person smoking a cigarette, cigarette clearly visible",139.5,0.2268
3023,PROMOTIONAL_OWSC-C447aY_F033.jpg,OWSC-C447aY,-0.0331,"a vape or e-cigarette device, clearly visible",108.1,0.2203
3024,PROMOTIONAL_4rN1GAFrzi4_F019.jpg,4rN1GAFrzi4,-0.0333,"a can of beer, clearly visible",722.5,0.1994
3025,PROMOTIONAL_OWDIGDyOhcI_F024.jpg,OWDIGDyOhcI,-0.0333,"a can of beer, clearly visible",279.7,0.2041
3026,PROMOTIONAL_fmK0FYpaJ7E_F009.jpg,fmK0FYpaJ7E,-0.0333,"a cigar being smoked, clearly visible",121.9,0.2084
3027,PROMOTIONAL_kHlPI8FDYNg_F005.jpg,kHlPI8FDYNg,-0.0333,"a cigar being smoked, clearly visible",454.9,0.1909
3028,PROMOTIONAL_ZdlX7gvDZ0U_F026.jpg,ZdlX7gvDZ0U,-0.0333,a pouch or sachet of gutka or pan masala with visible branding,1356.4,0.2335
3029,PROMOTIONAL_ZPkbtIBypb0_F097.jpg,ZPkbtIBypb0,-0.0333,"a can of beer, clearly visible",505.1,0.2090
3030,PROMOTIONAL_ZPkbtIBypb0_F120.jpg,ZPkbtIBypb0,-0.0334,"a can of beer, clearly visible",540.0,0.2079
3031,PROMOTIONAL_hbQ4dEjaJ6c_F115.jpg,hbQ4dEjaJ6c,-0.0334,"a vape or e-cigarette device, clearly visible",211.7,0.1919
3032,PROMOTIONAL_zNfEfnyxE6c_F004.jpg,zNfEfnyxE6c,-0.0334,"a vape or e-cigarette device, clearly visible",296.4,0.2097
3033,PROMOTIONAL_TX5r8OEXhEk_F015.jpg,TX5r8OEXhEk,-0.0334,"a cigar being smoked, clearly visible",298.5,0.2126
3034,PROMOTIONAL_4rN1GAFrzi4_F009.jpg,4rN1GAFrzi4,-0.0335,"a can of beer, clearly visible",490.8,0.2105
3035,PROMOTIONAL_JWnkH7vjXTg_F003.jpg,JWnkH7vjXTg,-0.0335,"a glass of beer or wine, clearly visible",1752.5,0.2217
3036,PROMOTIONAL_H2qy5DVUOw8_F005.jpg,H2qy5DVUOw8,-0.0335,"a cigar being smoked, clearly visible",311.3,0.1926
3037,PROMOTIONAL_gN8Ol4w9u6s_F042.jpg,gN8Ol4w9u6s,-0.0335,"a cigar being smoked, clearly visible",103.3,0.2003
3038,PROMOTIONAL_i8sQcC6wF1Q_F040.jpg,i8sQcC6wF1Q,-0.0335,a pouch or sachet of gutka or pan masala with visible branding,635.5,0.1947
3039,PROMOTIONAL_BJpdusGS8Ak_F008.jpg,BJpdusGS8Ak,-0.0335,"a glass of beer or wine, clearly visible",500.9,0.2625
3040,PROMOTIONAL_Tl8jMFYa60o_F005.jpg,Tl8jMFYa60o,-0.0336,a pouch or sachet of gutka or pan masala with visible branding,375.6,0.2012
3041,PROMOTIONAL_9VLJyBaIiMQ_F017.jpg,9VLJyBaIiMQ,-0.0336,"a can of beer, clearly visible",275.2,0.2066
3042,PROMOTIONAL_BJpdusGS8Ak_F043.jpg,BJpdusGS8Ak,-0.0336,a hookah pipe,567.0,0.2335
3043,PROMOTIONAL_DfohsAEWphs_F042.jpg,DfohsAEWphs,-0.0336,"a can of beer, clearly visible",436.4,0.1939
3044,PROMOTIONAL_hbQ4dEjaJ6c_F084.jpg,hbQ4dEjaJ6c,-0.0337,"a can of beer, clearly visible",666.6,0.1907
3045,PROMOTIONAL_ZdlX7gvDZ0U_F004.jpg,ZdlX7gvDZ0U,-0.0337,a pouch or sachet of gutka or pan masala with visible branding,1184.0,0.2089
3046,PROMOTIONAL_i8sQcC6wF1Q_F055.jpg,i8sQcC6wF1Q,-0.0337,a pouch or sachet of gutka or pan masala with visible branding,239.7,0.2001
3047,PROMOTIONAL_ob1RBsKnLP0_F039.jpg,ob1RBsKnLP0,-0.0338,"a cigar being smoked, clearly visible",294.3,0.1798
3048,PROMOTIONAL_ymCBZ6xXJkY_F072.jpg,ymCBZ6xXJkY,-0.0338,"a vape or e-cigarette device, clearly visible",838.2,0.2024
3049,PROMOTIONAL_4rN1GAFrzi4_F122.jpg,4rN1GAFrzi4,-0.0338,"a person smoking a cigarette, cigarette clearly visible",681.3,0.1839
3050,PROMOTIONAL_Lu747R2Ktis_F019.jpg,Lu747R2Ktis,-0.0338,"a can of beer, clearly visible",1246.6,0.1954
3051,PROMOTIONAL_zNfEfnyxE6c_F014.jpg,zNfEfnyxE6c,-0.0338,"a vape or e-cigarette device, clearly visible",297.2,0.2077
3052,PROMOTIONAL_f5m68k2yyfo_F012.jpg,f5m68k2yyfo,-0.0338,"a glass of beer or wine, clearly visible",688.0,0.1928
3053,PROMOTIONAL_ymCBZ6xXJkY_F096.jpg,ymCBZ6xXJkY,-0.0338,a photo of a cigarette pack,1963.0,0.2196
3054,PROMOTIONAL_ob1RBsKnLP0_F037.jpg,ob1RBsKnLP0,-0.0339,"a vape or e-cigarette device, clearly visible",231.1,0.1881
3055,PROMOTIONAL_gN8Ol4w9u6s_F061.jpg,gN8Ol4w9u6s,-0.0339,a hookah pipe,356.2,0.2086
3056,PROMOTIONAL_wE8AsupuJAI_F019.jpg,wE8AsupuJAI,-0.0339,"a can of beer, clearly visible",195.6,0.2163
3057,PROMOTIONAL_WxyusRiyLrA_F023.jpg,WxyusRiyLrA,-0.0339,"a can of beer, clearly visible",275.6,0.1942
3058,PROMOTIONAL_gN8Ol4w9u6s_F015.jpg,gN8Ol4w9u6s,-0.0339,"a vape or e-cigarette device, clearly visible",854.8,0.2081
3059,PROMOTIONAL_hbQ4dEjaJ6c_F138.jpg,hbQ4dEjaJ6c,-0.0339,"a vape or e-cigarette device, clearly visible",212.0,0.1858
3060,PROMOTIONAL_9VLJyBaIiMQ_F020.jpg,9VLJyBaIiMQ,-0.0340,"a can of beer, clearly visible",304.7,0.1912
3061,PROMOTIONAL_ymCBZ6xXJkY_F023.jpg,ymCBZ6xXJkY,-0.0340,"a vape or e-cigarette device, clearly visible",299.1,0.2127
3062,PROMOTIONAL_ZjaOdXCXgJw_F012.jpg,ZjaOdXCXgJw,-0.0341,"a can of beer, clearly visible",373.3,0.2053
3063,PROMOTIONAL_o2cFKv3Sb_8_F037.jpg,o2cFKv3Sb_8,-0.0341,"a vape or e-cigarette device, clearly visible",975.4,0.2184
3064,PROMOTIONAL_iEGY45xE5io_F027.jpg,iEGY45xE5io,-0.0341,"a vape or e-cigarette device, clearly visible",517.3,0.1728
3065,PROMOTIONAL_DfohsAEWphs_F010.jpg,DfohsAEWphs,-0.0341,"a vape or e-cigarette device, clearly visible",1014.7,0.2047
3066,PROMOTIONAL_ZPkbtIBypb0_F302.jpg,ZPkbtIBypb0,-0.0342,a pouch or sachet of gutka or pan masala with visible branding,656.3,0.2073
3067,PROMOTIONAL_DfohsAEWphs_F038.jpg,DfohsAEWphs,-0.0342,"a can of beer, clearly visible",314.7,0.2216
3068,PROMOTIONAL_oC9BCdJmuZc_F036.jpg,oC9BCdJmuZc,-0.0342,"a cigar being smoked, clearly visible",300.5,0.2079
3069,PROMOTIONAL_OWSC-C447aY_F003.jpg,OWSC-C447aY,-0.0343,"a vape or e-cigarette device, clearly visible",502.2,0.2223
3070,PROMOTIONAL_-KtN-Sz1iMA_F004.jpg,-KtN-Sz1iMA,-0.0343,"a vape or e-cigarette device, clearly visible",1591.5,0.2150
3071,PROMOTIONAL_XxZ91r8k7HY_F016.jpg,XxZ91r8k7HY,-0.0343,"a cigar being smoked, clearly visible",1064.6,0.2058
3072,PROMOTIONAL_A2GEyAxegRY_F102.jpg,A2GEyAxegRY,-0.0343,"a vape or e-cigarette device, clearly visible",511.3,0.2185
3073,PROMOTIONAL_AkkChMJv4wA_F005.jpg,AkkChMJv4wA,-0.0343,"a vape or e-cigarette device, clearly visible",109.4,0.1858
3074,PROMOTIONAL_hbQ4dEjaJ6c_F093.jpg,hbQ4dEjaJ6c,-0.0343,"a vape or e-cigarette device, clearly visible",225.6,0.1886
3075,PROMOTIONAL_ZPkbtIBypb0_F144.jpg,ZPkbtIBypb0,-0.0344,"a vape or e-cigarette device, clearly visible",641.2,0.2095
3076,PROMOTIONAL_Lu747R2Ktis_F008.jpg,Lu747R2Ktis,-0.0344,"a can of beer, clearly visible",597.3,0.1975
3077,PROMOTIONAL_9VLJyBaIiMQ_F018.jpg,9VLJyBaIiMQ,-0.0344,"a can of beer, clearly visible",231.7,0.2026
3078,PROMOTIONAL_A2GEyAxegRY_F015.jpg,A2GEyAxegRY,-0.0344,"a cigar being smoked, clearly visible",167.7,0.2084
3079,PROMOTIONAL_OWDIGDyOhcI_F020.jpg,OWDIGDyOhcI,-0.0345,"a cigar being smoked, clearly visible",328.2,0.2394
3080,PROMOTIONAL_Tl8jMFYa60o_F009.jpg,Tl8jMFYa60o,-0.0345,a pouch or sachet of gutka or pan masala with visible branding,339.0,0.1997
3081,PROMOTIONAL_qXlhj_LwBNc_F033.jpg,qXlhj_LwBNc,-0.0346,a hookah pipe,347.6,0.1858
3082,PROMOTIONAL_o2cFKv3Sb_8_F035.jpg,o2cFKv3Sb_8,-0.0346,a pouch or sachet of gutka or pan masala with visible branding,838.0,0.2037
3083,PROMOTIONAL_ZPkbtIBypb0_F006.jpg,ZPkbtIBypb0,-0.0346,"a vape or e-cigarette device, clearly visible",235.4,0.2217
3084,PROMOTIONAL_gN8Ol4w9u6s_F034.jpg,gN8Ol4w9u6s,-0.0346,"a can of beer, clearly visible",257.9,0.2075
3085,PROMOTIONAL_kJofDnUYPhw_F109.jpg,kJofDnUYPhw,-0.0347,"a can of beer, clearly visible",410.5,0.2227
3086,PROMOTIONAL_7VDOruS-i10_F009.jpg,7VDOruS-i10,-0.0347,"a cigar being smoked, clearly visible",142.8,0.2217
3087,PROMOTIONAL_4rN1GAFrzi4_F136.jpg,4rN1GAFrzi4,-0.0347,"a glass of beer or wine, clearly visible",602.4,0.1969
3088,PROMOTIONAL_eDkDQ2sid4o_F010.jpg,eDkDQ2sid4o,-0.0347,"a can of beer, clearly visible",173.8,0.2052
3089,PROMOTIONAL_3MaLTyJokyM_F027.jpg,3MaLTyJokyM,-0.0348,"a cigar being smoked, clearly visible",656.2,0.2312
3090,PROMOTIONAL_hbQ4dEjaJ6c_F083.jpg,hbQ4dEjaJ6c,-0.0348,a hookah pipe,293.6,0.2045
3091,PROMOTIONAL_H2qy5DVUOw8_F052.jpg,H2qy5DVUOw8,-0.0348,"a person smoking a cigarette, cigarette clearly visible",228.8,0.2042
3092,PROMOTIONAL_4rN1GAFrzi4_F121.jpg,4rN1GAFrzi4,-0.0348,"a person smoking a cigarette, cigarette clearly visible",578.2,0.1992
3093,PROMOTIONAL_M98NqbcWdyI_F056.jpg,M98NqbcWdyI,-0.0348,a pouch or sachet of gutka or pan masala with visible branding,133.4,0.2165
3094,PROMOTIONAL_4rN1GAFrzi4_F063.jpg,4rN1GAFrzi4,-0.0348,"a can of beer, clearly visible",604.2,0.1979
3095,PROMOTIONAL_V30umsF1l7c_F018.jpg,V30umsF1l7c,-0.0348,"a can of beer, clearly visible",395.8,0.2049
3096,PROMOTIONAL_kJofDnUYPhw_F359.jpg,kJofDnUYPhw,-0.0348,"a vape or e-cigarette device, clearly visible",204.0,0.2237
3097,PROMOTIONAL_-KtN-Sz1iMA_F003.jpg,-KtN-Sz1iMA,-0.0349,a hookah pipe,1316.7,0.2043
3098,PROMOTIONAL_ZPkbtIBypb0_F227.jpg,ZPkbtIBypb0,-0.0349,"a can of beer, clearly visible",219.6,0.2242
3099,PROMOTIONAL_4rN1GAFrzi4_F088.jpg,4rN1GAFrzi4,-0.0349,a hookah pipe,526.5,0.1707
3100,PROMOTIONAL_fmK0FYpaJ7E_F029.jpg,fmK0FYpaJ7E,-0.0349,"a cigar being smoked, clearly visible",138.1,0.2167
3101,PROMOTIONAL_JWnkH7vjXTg_F022.jpg,JWnkH7vjXTg,-0.0349,"a glass of beer or wine, clearly visible",1944.7,0.2247
3102,PROMOTIONAL_BwlGHrC73tA_F110.jpg,BwlGHrC73tA,-0.0350,"a person smoking a cigarette, cigarette clearly visible",143.5,0.2119
3103,PROMOTIONAL_gN8Ol4w9u6s_F111.jpg,gN8Ol4w9u6s,-0.0350,a photo of a cigarette pack,327.6,0.2200
3104,PROMOTIONAL_Lu747R2Ktis_F023.jpg,Lu747R2Ktis,-0.0350,"a cigar being smoked, clearly visible",812.9,0.2287
3105,PROMOTIONAL_ymCBZ6xXJkY_F054.jpg,ymCBZ6xXJkY,-0.0350,"a vape or e-cigarette device, clearly visible",313.0,0.2190
3106,PROMOTIONAL_ymCBZ6xXJkY_F014.jpg,ymCBZ6xXJkY,-0.0350,"a person smoking a cigarette, cigarette clearly visible",133.9,0.1863
3107,PROMOTIONAL_ZPkbtIBypb0_F298.jpg,ZPkbtIBypb0,-0.0350,"a cigar being smoked, clearly visible",253.0,0.2204
3108,PROMOTIONAL_d87xnW1n3Ms_F011.jpg,d87xnW1n3Ms,-0.0350,a photo of a cigarette pack,355.2,0.2247
3109,PROMOTIONAL_4IP3zfr8Tvk_F033.jpg,4IP3zfr8Tvk,-0.0351,"a can of beer, clearly visible",143.7,0.1901
3110,PROMOTIONAL_NEkFNbY2ZJU_F010.jpg,NEkFNbY2ZJU,-0.0351,"a can of beer, clearly visible",447.0,0.2015
3111,PROMOTIONAL_qXlhj_LwBNc_F010.jpg,qXlhj_LwBNc,-0.0351,"a can of beer, clearly visible",161.5,0.1924
3112,PROMOTIONAL_ZPkbtIBypb0_F022.jpg,ZPkbtIBypb0,-0.0352,"a vape or e-cigarette device, clearly visible",271.7,0.1986
3113,PROMOTIONAL_hbQ4dEjaJ6c_F149.jpg,hbQ4dEjaJ6c,-0.0352,"a cigar being smoked, clearly visible",256.1,0.1946
3114,PROMOTIONAL_ZdlX7gvDZ0U_F018.jpg,ZdlX7gvDZ0U,-0.0352,"a can of beer, clearly visible",1371.9,0.2003
3115,PROMOTIONAL_oWPLQY-tESk_F005.jpg,oWPLQY-tESk,-0.0353,"a glass of beer or wine, clearly visible",273.5,0.2077
3116,PROMOTIONAL_FnULv0U14UY_F044.jpg,FnULv0U14UY,-0.0354,"a cigar being smoked, clearly visible",172.7,0.2339
3117,PROMOTIONAL_EAnIJkAsP14_F057.jpg,EAnIJkAsP14,-0.0354,"a cigar being smoked, clearly visible",142.4,0.2124
3118,PROMOTIONAL_kJofDnUYPhw_F065.jpg,kJofDnUYPhw,-0.0354,"a can of beer, clearly visible",201.8,0.1911
3119,PROMOTIONAL_oWPLQY-tESk_F029.jpg,oWPLQY-tESk,-0.0354,"a vape or e-cigarette device, clearly visible",338.5,0.1924
3120,PROMOTIONAL_4rN1GAFrzi4_F013.jpg,4rN1GAFrzi4,-0.0354,"a person smoking a cigarette, cigarette clearly visible",529.6,0.2079
3121,PROMOTIONAL_ZjaOdXCXgJw_F013.jpg,ZjaOdXCXgJw,-0.0354,"a can of beer, clearly visible",933.5,0.2000
3122,PROMOTIONAL_ob1RBsKnLP0_F018.jpg,ob1RBsKnLP0,-0.0354,"a can of beer, clearly visible",133.5,0.1861
3123,PROMOTIONAL_AkkChMJv4wA_F011.jpg,AkkChMJv4wA,-0.0354,"a vape or e-cigarette device, clearly visible",117.6,0.1900
3124,PROMOTIONAL_rIYna5PfdDU_F034.jpg,rIYna5PfdDU,-0.0355,"a vape or e-cigarette device, clearly visible",117.2,0.2360
3125,PROMOTIONAL_NEkFNbY2ZJU_F014.jpg,NEkFNbY2ZJU,-0.0355,"a can of beer, clearly visible",550.7,0.2060
3126,PROMOTIONAL_5mwDEv-TSEk_F089.jpg,5mwDEv-TSEk,-0.0355,"a person smoking a cigarette, cigarette clearly visible",294.0,0.1917
3127,PROMOTIONAL_qXlhj_LwBNc_F008.jpg,qXlhj_LwBNc,-0.0355,"a cigar being smoked, clearly visible",169.8,0.1939
3128,PROMOTIONAL_Q0yse1BaA8w_F003.jpg,Q0yse1BaA8w,-0.0355,"a cigar being smoked, clearly visible",293.2,0.2279
3129,PROMOTIONAL_gN8Ol4w9u6s_F208.jpg,gN8Ol4w9u6s,-0.0355,"a vape or e-cigarette device, clearly visible",212.7,0.2220
3130,PROMOTIONAL_AkkChMJv4wA_F017.jpg,AkkChMJv4wA,-0.0355,"a glass of beer or wine, clearly visible",101.0,0.2131
3131,PROMOTIONAL_ZjaOdXCXgJw_F018.jpg,ZjaOdXCXgJw,-0.0355,"a person smoking a cigarette, cigarette clearly visible",620.9,0.2019
3132,PROMOTIONAL_M98NqbcWdyI_F049.jpg,M98NqbcWdyI,-0.0356,"a vape or e-cigarette device, clearly visible",133.0,0.2041
3133,PROMOTIONAL_tvgJjsc0xUs_F018.jpg,tvgJjsc0xUs,-0.0356,"a glass of beer or wine, clearly visible",413.3,0.2438
3134,PROMOTIONAL_ZjaOdXCXgJw_F057.jpg,ZjaOdXCXgJw,-0.0356,"a person smoking a cigarette, cigarette clearly visible",208.6,0.1968
3135,PROMOTIONAL_BwlGHrC73tA_F098.jpg,BwlGHrC73tA,-0.0356,"a cigar being smoked, clearly visible",106.8,0.2230
3136,PROMOTIONAL_ZPkbtIBypb0_F192.jpg,ZPkbtIBypb0,-0.0356,"a person smoking a cigarette, cigarette clearly visible",413.0,0.2169
3137,PROMOTIONAL_ZjaOdXCXgJw_F009.jpg,ZjaOdXCXgJw,-0.0356,a hookah pipe,871.4,0.1845
3138,PROMOTIONAL_Q0yse1BaA8w_F004.jpg,Q0yse1BaA8w,-0.0356,"a person smoking a cigarette, cigarette clearly visible",291.7,0.2261
3139,PROMOTIONAL_RnL8eDxT7Cg_F057.jpg,RnL8eDxT7Cg,-0.0356,"a vape or e-cigarette device, clearly visible",153.2,0.2263
3140,PROMOTIONAL_Lu747R2Ktis_F018.jpg,Lu747R2Ktis,-0.0357,"a cigar being smoked, clearly visible",1079.1,0.2144
3141,PROMOTIONAL_gN8Ol4w9u6s_F221.jpg,gN8Ol4w9u6s,-0.0357,"a cigar being smoked, clearly visible",324.6,0.2019
3142,PROMOTIONAL_gN8Ol4w9u6s_F099.jpg,gN8Ol4w9u6s,-0.0357,"a vape or e-cigarette device, clearly visible",205.5,0.2090
3143,PROMOTIONAL_iEGY45xE5io_F031.jpg,iEGY45xE5io,-0.0357,"a vape or e-cigarette device, clearly visible",318.5,0.2036
3144,PROMOTIONAL_gN8Ol4w9u6s_F082.jpg,gN8Ol4w9u6s,-0.0358,"a vape or e-cigarette device, clearly visible",296.9,0.2098
3145,PROMOTIONAL_BJpdusGS8Ak_F045.jpg,BJpdusGS8Ak,-0.0358,"a glass of beer or wine, clearly visible",416.2,0.2538
3146,PROMOTIONAL_OWDIGDyOhcI_F004.jpg,OWDIGDyOhcI,-0.0358,"a can of beer, clearly visible",227.8,0.2272
3147,PROMOTIONAL_eOXk8As-HZk_F154.jpg,eOXk8As-HZk,-0.0359,a hookah pipe,101.7,0.2031
3148,PROMOTIONAL_ymCBZ6xXJkY_F113.jpg,ymCBZ6xXJkY,-0.0359,a hookah pipe,3716.0,0.1968
3149,PROMOTIONAL_rIYna5PfdDU_F029.jpg,rIYna5PfdDU,-0.0359,a photo of a cigarette pack,160.8,0.2404
3150,PROMOTIONAL_A2GEyAxegRY_F046.jpg,A2GEyAxegRY,-0.0359,"a person smoking a cigarette, cigarette clearly visible",360.2,0.2251
3151,PROMOTIONAL_o2cFKv3Sb_8_F038.jpg,o2cFKv3Sb_8,-0.0360,"a vape or e-cigarette device, clearly visible",916.7,0.2198
3152,PROMOTIONAL_DsWP_FrACgM_F077.jpg,DsWP_FrACgM,-0.0360,"a vape or e-cigarette device, clearly visible",161.1,0.1858
3153,PROMOTIONAL_WxyusRiyLrA_F059.jpg,WxyusRiyLrA,-0.0360,a pouch or sachet of gutka or pan masala with visible branding,156.4,0.2363
3154,PROMOTIONAL_M98NqbcWdyI_F018.jpg,M98NqbcWdyI,-0.0361,"a vape or e-cigarette device, clearly visible",112.2,0.2258
3155,PROMOTIONAL_DsWP_FrACgM_F015.jpg,DsWP_FrACgM,-0.0362,"a can of beer, clearly visible",382.5,0.2066
3156,PROMOTIONAL_RnL8eDxT7Cg_F044.jpg,RnL8eDxT7Cg,-0.0362,"a cigar being smoked, clearly visible",251.7,0.2183
3157,PROMOTIONAL_gN8Ol4w9u6s_F157.jpg,gN8Ol4w9u6s,-0.0363,a hookah pipe,107.1,0.1967
3158,PROMOTIONAL_zNfEfnyxE6c_F007.jpg,zNfEfnyxE6c,-0.0363,"a cigar being smoked, clearly visible",318.9,0.2105
3159,PROMOTIONAL_hbQ4dEjaJ6c_F139.jpg,hbQ4dEjaJ6c,-0.0363,"a glass of beer or wine, clearly visible",197.3,0.1891
3160,PROMOTIONAL_oC9BCdJmuZc_F002.jpg,oC9BCdJmuZc,-0.0363,"a cigar being smoked, clearly visible",264.4,0.1851
3161,PROMOTIONAL_ymCBZ6xXJkY_F109.jpg,ymCBZ6xXJkY,-0.0363,a photo of a cigarette pack,2796.7,0.2117
3162,PROMOTIONAL_ZPkbtIBypb0_F218.jpg,ZPkbtIBypb0,-0.0364,"a vape or e-cigarette device, clearly visible",310.7,0.2121
3163,PROMOTIONAL_kJofDnUYPhw_F255.jpg,kJofDnUYPhw,-0.0364,"a can of beer, clearly visible",148.7,0.2215
3164,PROMOTIONAL_XwgNLyk38sI_F004.jpg,XwgNLyk38sI,-0.0364,a photo of a cigarette pack,622.7,0.2642
3165,PROMOTIONAL_5rX-wl7b5Vg_F015.jpg,5rX-wl7b5Vg,-0.0365,"a vape or e-cigarette device, clearly visible",277.5,0.2051
3166,PROMOTIONAL_NEkFNbY2ZJU_F017.jpg,NEkFNbY2ZJU,-0.0365,"a can of beer, clearly visible",404.7,0.2118
3167,PROMOTIONAL_gN8Ol4w9u6s_F227.jpg,gN8Ol4w9u6s,-0.0365,"a can of beer, clearly visible",518.2,0.2082
3168,PROMOTIONAL_kJofDnUYPhw_F094.jpg,kJofDnUYPhw,-0.0365,"a vape or e-cigarette device, clearly visible",268.0,0.2251
3169,PROMOTIONAL_JWnkH7vjXTg_F030.jpg,JWnkH7vjXTg,-0.0365,"a cigar being smoked, clearly visible",1514.3,0.2271
3170,PROMOTIONAL_ob1RBsKnLP0_F049.jpg,ob1RBsKnLP0,-0.0366,"a cigar being smoked, clearly visible",218.8,0.1972
3171,PROMOTIONAL_WxyusRiyLrA_F060.jpg,WxyusRiyLrA,-0.0366,a pouch or sachet of gutka or pan masala with visible branding,191.1,0.2310
3172,PROMOTIONAL_4rN1GAFrzi4_F123.jpg,4rN1GAFrzi4,-0.0367,a pouch or sachet of gutka or pan masala with visible branding,682.0,0.1959
3173,PROMOTIONAL_H2qy5DVUOw8_F003.jpg,H2qy5DVUOw8,-0.0367,"a cigar being smoked, clearly visible",331.4,0.1943
3174,PROMOTIONAL_o2cFKv3Sb_8_F034.jpg,o2cFKv3Sb_8,-0.0367,"a glass of beer or wine, clearly visible",844.6,0.2010
3175,PROMOTIONAL_kJofDnUYPhw_F348.jpg,kJofDnUYPhw,-0.0368,"a cigar being smoked, clearly visible",698.5,0.2368
3176,PROMOTIONAL_V30umsF1l7c_F059.jpg,V30umsF1l7c,-0.0368,"a can of beer, clearly visible",290.4,0.2028
3177,PROMOTIONAL_V30umsF1l7c_F038.jpg,V30umsF1l7c,-0.0368,"a cigar being smoked, clearly visible",253.3,0.2066
3178,PROMOTIONAL_BJpdusGS8Ak_F051.jpg,BJpdusGS8Ak,-0.0369,"a vape or e-cigarette device, clearly visible",691.7,0.2098
3179,PROMOTIONAL_kJofDnUYPhw_F090.jpg,kJofDnUYPhw,-0.0369,"a person smoking a cigarette, cigarette clearly visible",170.2,0.2399
3180,PROMOTIONAL_oWPLQY-tESk_F030.jpg,oWPLQY-tESk,-0.0369,"a vape or e-cigarette device, clearly visible",311.2,0.2012
3181,PROMOTIONAL_ZPkbtIBypb0_F014.jpg,ZPkbtIBypb0,-0.0370,a photo of a cigarette pack,459.2,0.2065
3182,PROMOTIONAL_ZjaOdXCXgJw_F046.jpg,ZjaOdXCXgJw,-0.0370,a pouch or sachet of gutka or pan masala with visible branding,1369.5,0.2013
3183,PROMOTIONAL_DfohsAEWphs_F019.jpg,DfohsAEWphs,-0.0370,a pouch or sachet of gutka or pan masala with visible branding,872.1,0.2026
3184,PROMOTIONAL_NEkFNbY2ZJU_F016.jpg,NEkFNbY2ZJU,-0.0370,"a can of beer, clearly visible",398.6,0.2056
3185,PROMOTIONAL_ZdlX7gvDZ0U_F011.jpg,ZdlX7gvDZ0U,-0.0371,a pouch or sachet of gutka or pan masala with visible branding,1387.7,0.1916
3186,PROMOTIONAL_4rN1GAFrzi4_F073.jpg,4rN1GAFrzi4,-0.0371,"a person smoking a cigarette, cigarette clearly visible",481.1,0.1996
3187,PROMOTIONAL_Tl8jMFYa60o_F038.jpg,Tl8jMFYa60o,-0.0372,a pouch or sachet of gutka or pan masala with visible branding,392.8,0.1811
3188,PROMOTIONAL_4rN1GAFrzi4_F142.jpg,4rN1GAFrzi4,-0.0372,"a glass of beer or wine, clearly visible",557.1,0.2097
3189,PROMOTIONAL_4rN1GAFrzi4_F075.jpg,4rN1GAFrzi4,-0.0372,"a can of beer, clearly visible",503.1,0.1910
3190,PROMOTIONAL_ZPkbtIBypb0_F173.jpg,ZPkbtIBypb0,-0.0373,a pouch or sachet of gutka or pan masala with visible branding,592.1,0.2071
3191,PROMOTIONAL_kJofDnUYPhw_F352.jpg,kJofDnUYPhw,-0.0373,"a can of beer, clearly visible",717.1,0.2454
3192,PROMOTIONAL_ZPkbtIBypb0_F075.jpg,ZPkbtIBypb0,-0.0373,"a vape or e-cigarette device, clearly visible",472.4,0.2183
3193,PROMOTIONAL_9VLJyBaIiMQ_F032.jpg,9VLJyBaIiMQ,-0.0373,"a cigar being smoked, clearly visible",301.2,0.1984
3194,PROMOTIONAL_9VLJyBaIiMQ_F054.jpg,9VLJyBaIiMQ,-0.0374,"a vape or e-cigarette device, clearly visible",211.8,0.1688
3195,PROMOTIONAL_iN7n_T5Jh54_F051.jpg,iN7n_T5Jh54,-0.0374,"a glass of beer or wine, clearly visible",783.8,0.1746
3196,PROMOTIONAL_FnULv0U14UY_F058.jpg,FnULv0U14UY,-0.0375,a photo of a cigarette pack,627.1,0.2034
3197,PROMOTIONAL_gN8Ol4w9u6s_F196.jpg,gN8Ol4w9u6s,-0.0375,a photo of a cigarette pack,597.0,0.2138
3198,PROMOTIONAL_ZdlX7gvDZ0U_F009.jpg,ZdlX7gvDZ0U,-0.0375,a pouch or sachet of gutka or pan masala with visible branding,1237.2,0.1888
3199,PROMOTIONAL_ZPkbtIBypb0_F310.jpg,ZPkbtIBypb0,-0.0375,"a can of beer, clearly visible",451.3,0.2036
3200,PROMOTIONAL_4IP3zfr8Tvk_F040.jpg,4IP3zfr8Tvk,-0.0376,"a can of beer, clearly visible",231.4,0.1799
3201,PROMOTIONAL_qXlhj_LwBNc_F097.jpg,qXlhj_LwBNc,-0.0376,"a can of beer, clearly visible",338.3,0.2198
3202,PROMOTIONAL_9VLJyBaIiMQ_F042.jpg,9VLJyBaIiMQ,-0.0376,"a can of beer, clearly visible",261.4,0.2002
3203,PROMOTIONAL_ymCBZ6xXJkY_F093.jpg,ymCBZ6xXJkY,-0.0376,a photo of a cigarette pack,200.7,0.2405
3204,PROMOTIONAL_ymCBZ6xXJkY_F056.jpg,ymCBZ6xXJkY,-0.0377,"a vape or e-cigarette device, clearly visible",398.1,0.2059
3205,PROMOTIONAL_ZPkbtIBypb0_F061.jpg,ZPkbtIBypb0,-0.0377,"a can of beer, clearly visible",381.4,0.2194
3206,PROMOTIONAL_Lu747R2Ktis_F015.jpg,Lu747R2Ktis,-0.0377,"a can of beer, clearly visible",729.2,0.1933
3207,PROMOTIONAL_oWPLQY-tESk_F047.jpg,oWPLQY-tESk,-0.0378,"a can of beer, clearly visible",1729.4,0.1780
3208,PROMOTIONAL_gN8Ol4w9u6s_F044.jpg,gN8Ol4w9u6s,-0.0378,"a vape or e-cigarette device, clearly visible",100.4,0.1937
3209,PROMOTIONAL_gN8Ol4w9u6s_F096.jpg,gN8Ol4w9u6s,-0.0378,"a vape or e-cigarette device, clearly visible",237.9,0.2132
3210,PROMOTIONAL_f5m68k2yyfo_F006.jpg,f5m68k2yyfo,-0.0378,"a glass of beer or wine, clearly visible",818.0,0.2040
3211,PROMOTIONAL_oWPLQY-tESk_F010.jpg,oWPLQY-tESk,-0.0379,"a vape or e-cigarette device, clearly visible",243.6,0.1894
3212,PROMOTIONAL_A2GEyAxegRY_F025.jpg,A2GEyAxegRY,-0.0379,"a vape or e-cigarette device, clearly visible",169.2,0.2276
3213,PROMOTIONAL_kJofDnUYPhw_F142.jpg,kJofDnUYPhw,-0.0379,"a cigar being smoked, clearly visible",235.9,0.2057
3214,PROMOTIONAL_A2GEyAxegRY_F056.jpg,A2GEyAxegRY,-0.0380,"a can of beer, clearly visible",149.7,0.2006
3215,PROMOTIONAL_ZPkbtIBypb0_F070.jpg,ZPkbtIBypb0,-0.0380,a pouch or sachet of gutka or pan masala with visible branding,405.6,0.2036
3216,PROMOTIONAL_Tl8jMFYa60o_F028.jpg,Tl8jMFYa60o,-0.0380,a pouch or sachet of gutka or pan masala with visible branding,393.1,0.2137
3217,PROMOTIONAL_hbQ4dEjaJ6c_F049.jpg,hbQ4dEjaJ6c,-0.0381,"a vape or e-cigarette device, clearly visible",311.2,0.1899
3218,PROMOTIONAL_OWSC-C447aY_F016.jpg,OWSC-C447aY,-0.0381,a pouch or sachet of gutka or pan masala with visible branding,135.2,0.1900
3219,PROMOTIONAL_ZPkbtIBypb0_F320.jpg,ZPkbtIBypb0,-0.0381,"a cigar being smoked, clearly visible",402.6,0.2368
3220,PROMOTIONAL_rIYna5PfdDU_F014.jpg,rIYna5PfdDU,-0.0381,"a vape or e-cigarette device, clearly visible",233.0,0.2286
3221,PROMOTIONAL_RnL8eDxT7Cg_F111.jpg,RnL8eDxT7Cg,-0.0382,"a cigar being smoked, clearly visible",440.0,0.2091
3222,PROMOTIONAL_ymCBZ6xXJkY_F107.jpg,ymCBZ6xXJkY,-0.0382,a photo of a cigarette pack,2107.9,0.2139
3223,PROMOTIONAL_A2GEyAxegRY_F030.jpg,A2GEyAxegRY,-0.0382,a photo of a cigarette pack,248.8,0.2286
3224,PROMOTIONAL_hbQ4dEjaJ6c_F031.jpg,hbQ4dEjaJ6c,-0.0382,"a vape or e-cigarette device, clearly visible",155.1,0.1883
3225,PROMOTIONAL_i8sQcC6wF1Q_F031.jpg,i8sQcC6wF1Q,-0.0382,a pouch or sachet of gutka or pan masala with visible branding,599.2,0.1844
3226,PROMOTIONAL_A2GEyAxegRY_F099.jpg,A2GEyAxegRY,-0.0383,"a person smoking a cigarette, cigarette clearly visible",363.0,0.1891
3227,PROMOTIONAL_ZdlX7gvDZ0U_F017.jpg,ZdlX7gvDZ0U,-0.0383,a pouch or sachet of gutka or pan masala with visible branding,1340.5,0.1954
3228,PROMOTIONAL_o2cFKv3Sb_8_F011.jpg,o2cFKv3Sb_8,-0.0383,"a can of beer, clearly visible",1135.5,0.2107
3229,PROMOTIONAL_DsWP_FrACgM_F002.jpg,DsWP_FrACgM,-0.0383,"a person smoking a cigarette, cigarette clearly visible",105.8,0.1916
3230,PROMOTIONAL_OWSC-C447aY_F004.jpg,OWSC-C447aY,-0.0383,"a vape or e-cigarette device, clearly visible",274.6,0.2099
3231,PROMOTIONAL_ymCBZ6xXJkY_F042.jpg,ymCBZ6xXJkY,-0.0384,"a vape or e-cigarette device, clearly visible",204.6,0.1978
3232,PROMOTIONAL_gN8Ol4w9u6s_F145.jpg,gN8Ol4w9u6s,-0.0384,"a can of beer, clearly visible",859.7,0.1985
3233,PROMOTIONAL_M98NqbcWdyI_F039.jpg,M98NqbcWdyI,-0.0384,"a vape or e-cigarette device, clearly visible",129.6,0.2257
3234,PROMOTIONAL_BwlGHrC73tA_F101.jpg,BwlGHrC73tA,-0.0386,"a person smoking a cigarette, cigarette clearly visible",353.8,0.1913
3235,PROMOTIONAL_ZPkbtIBypb0_F109.jpg,ZPkbtIBypb0,-0.0386,"a vape or e-cigarette device, clearly visible",354.9,0.1965
3236,PROMOTIONAL_hbQ4dEjaJ6c_F112.jpg,hbQ4dEjaJ6c,-0.0386,"a vape or e-cigarette device, clearly visible",238.1,0.1995
3237,PROMOTIONAL_4IP3zfr8Tvk_F011.jpg,4IP3zfr8Tvk,-0.0387,"a cigar being smoked, clearly visible",193.0,0.1899
3238,PROMOTIONAL_ZPkbtIBypb0_F065.jpg,ZPkbtIBypb0,-0.0388,"a vape or e-cigarette device, clearly visible",303.5,0.2298
3239,PROMOTIONAL_BJpdusGS8Ak_F072.jpg,BJpdusGS8Ak,-0.0388,"a vape or e-cigarette device, clearly visible",388.9,0.2146
3240,PROMOTIONAL_ZPkbtIBypb0_F325.jpg,ZPkbtIBypb0,-0.0389,"a can of beer, clearly visible",660.8,0.2121
3241,PROMOTIONAL_ZPkbtIBypb0_F130.jpg,ZPkbtIBypb0,-0.0389,"a cigar being smoked, clearly visible",433.0,0.2020
3242,PROMOTIONAL_ob1RBsKnLP0_F004.jpg,ob1RBsKnLP0,-0.0389,a hookah pipe,496.7,0.2043
3243,PROMOTIONAL_4rN1GAFrzi4_F105.jpg,4rN1GAFrzi4,-0.0389,"a person smoking a cigarette, cigarette clearly visible",284.4,0.2155
3244,PROMOTIONAL_ZjaOdXCXgJw_F059.jpg,ZjaOdXCXgJw,-0.0390,a pouch or sachet of gutka or pan masala with visible branding,646.5,0.1981
3245,PROMOTIONAL_Hb8o6UzLB-k_F004.jpg,Hb8o6UzLB-k,-0.0390,"a vape or e-cigarette device, clearly visible",404.4,0.2111
3246,PROMOTIONAL_ZPkbtIBypb0_F012.jpg,ZPkbtIBypb0,-0.0390,"a cigar being smoked, clearly visible",839.8,0.1898
3247,PROMOTIONAL_ZdlX7gvDZ0U_F014.jpg,ZdlX7gvDZ0U,-0.0391,a pouch or sachet of gutka or pan masala with visible branding,1007.4,0.1987
3248,PROMOTIONAL_ymCBZ6xXJkY_F044.jpg,ymCBZ6xXJkY,-0.0391,a pouch or sachet of gutka or pan masala with visible branding,254.0,0.1884
3249,PROMOTIONAL_3MaLTyJokyM_F033.jpg,3MaLTyJokyM,-0.0392,"a vape or e-cigarette device, clearly visible",356.6,0.1824
3250,PROMOTIONAL_iEGY45xE5io_F039.jpg,iEGY45xE5io,-0.0392,"a vape or e-cigarette device, clearly visible",247.3,0.1808
3251,PROMOTIONAL_gN8Ol4w9u6s_F219.jpg,gN8Ol4w9u6s,-0.0392,"a can of beer, clearly visible",268.4,0.1956
3252,PROMOTIONAL_ZPkbtIBypb0_F301.jpg,ZPkbtIBypb0,-0.0392,"a vape or e-cigarette device, clearly visible",614.2,0.2185
3253,PROMOTIONAL_ZPkbtIBypb0_F028.jpg,ZPkbtIBypb0,-0.0392,"a can of beer, clearly visible",362.1,0.2047
3254,PROMOTIONAL_kJofDnUYPhw_F095.jpg,kJofDnUYPhw,-0.0393,"a can of beer, clearly visible",251.6,0.2215
3255,PROMOTIONAL_ZPkbtIBypb0_F311.jpg,ZPkbtIBypb0,-0.0393,"a vape or e-cigarette device, clearly visible",898.4,0.2031
3256,PROMOTIONAL_gN8Ol4w9u6s_F109.jpg,gN8Ol4w9u6s,-0.0393,"a person smoking a cigarette, cigarette clearly visible",221.5,0.2221
3257,PROMOTIONAL_ZdlX7gvDZ0U_F024.jpg,ZdlX7gvDZ0U,-0.0393,a pouch or sachet of gutka or pan masala with visible branding,1139.6,0.2433
3258,PROMOTIONAL_3MaLTyJokyM_F034.jpg,3MaLTyJokyM,-0.0393,"a vape or e-cigarette device, clearly visible",262.1,0.2000
3259,PROMOTIONAL_BJpdusGS8Ak_F087.jpg,BJpdusGS8Ak,-0.0393,a photo of a cigarette pack,458.2,0.1973
3260,PROMOTIONAL_OWSC-C447aY_F057.jpg,OWSC-C447aY,-0.0394,"a person smoking a cigarette, cigarette clearly visible",159.5,0.2015
3261,PROMOTIONAL_guFdyc-Rpj0_F022.jpg,guFdyc-Rpj0,-0.0394,"a vape or e-cigarette device, clearly visible",383.8,0.2058
3262,PROMOTIONAL_H2qy5DVUOw8_F002.jpg,H2qy5DVUOw8,-0.0394,"a cigar being smoked, clearly visible",265.8,0.1901
3263,PROMOTIONAL_hbQ4dEjaJ6c_F053.jpg,hbQ4dEjaJ6c,-0.0394,a pouch or sachet of gutka or pan masala with visible branding,185.9,0.2041
3264,PROMOTIONAL_o2cFKv3Sb_8_F003.jpg,o2cFKv3Sb_8,-0.0394,"a can of beer, clearly visible",694.4,0.1840
3265,PROMOTIONAL_-vFLsll_Gpk_F015.jpg,-vFLsll_Gpk,-0.0395,"a can of beer, clearly visible",208.5,0.1946
3266,PROMOTIONAL_ZPkbtIBypb0_F119.jpg,ZPkbtIBypb0,-0.0395,"a can of beer, clearly visible",454.0,0.1982
3267,PROMOTIONAL_guFdyc-Rpj0_F021.jpg,guFdyc-Rpj0,-0.0396,"a vape or e-cigarette device, clearly visible",701.4,0.1731
3268,PROMOTIONAL_4rN1GAFrzi4_F119.jpg,4rN1GAFrzi4,-0.0396,"a person smoking a cigarette, cigarette clearly visible",479.6,0.1896
3269,PROMOTIONAL_rIYna5PfdDU_F015.jpg,rIYna5PfdDU,-0.0397,"a vape or e-cigarette device, clearly visible",269.7,0.2175
3270,PROMOTIONAL_hbQ4dEjaJ6c_F002.jpg,hbQ4dEjaJ6c,-0.0397,a pouch or sachet of gutka or pan masala with visible branding,198.2,0.2152
3271,PROMOTIONAL_ZPkbtIBypb0_F259.jpg,ZPkbtIBypb0,-0.0398,"a vape or e-cigarette device, clearly visible",631.8,0.2360
3272,PROMOTIONAL_wE8AsupuJAI_F021.jpg,wE8AsupuJAI,-0.0398,"a can of beer, clearly visible",463.4,0.1994
3273,PROMOTIONAL_ZPkbtIBypb0_F116.jpg,ZPkbtIBypb0,-0.0399,"a can of beer, clearly visible",514.8,0.2265
3274,PROMOTIONAL_BJpdusGS8Ak_F068.jpg,BJpdusGS8Ak,-0.0399,"a vape or e-cigarette device, clearly visible",208.0,0.2116
3275,PROMOTIONAL_fmK0FYpaJ7E_F064.jpg,fmK0FYpaJ7E,-0.0399,a pouch or sachet of gutka or pan masala with visible branding,188.8,0.2301
3276,PROMOTIONAL_4rN1GAFrzi4_F005.jpg,4rN1GAFrzi4,-0.0399,"a vape or e-cigarette device, clearly visible",460.1,0.1960
3277,PROMOTIONAL_ymCBZ6xXJkY_F006.jpg,ymCBZ6xXJkY,-0.0399,"a vape or e-cigarette device, clearly visible",151.9,0.2108
3278,PROMOTIONAL_ZPkbtIBypb0_F151.jpg,ZPkbtIBypb0,-0.0399,"a vape or e-cigarette device, clearly visible",197.7,0.2121
3279,PROMOTIONAL_ZjaOdXCXgJw_F004.jpg,ZjaOdXCXgJw,-0.0399,"a person smoking a cigarette, cigarette clearly visible",487.4,0.1758
3280,PROMOTIONAL_gN8Ol4w9u6s_F225.jpg,gN8Ol4w9u6s,-0.0400,"a cigar being smoked, clearly visible",442.0,0.2066
3281,PROMOTIONAL_4IP3zfr8Tvk_F151.jpg,4IP3zfr8Tvk,-0.0400,a hookah pipe,143.6,0.2134
3282,PROMOTIONAL_9VLJyBaIiMQ_F040.jpg,9VLJyBaIiMQ,-0.0400,"a cigar being smoked, clearly visible",400.1,0.1939
3283,PROMOTIONAL_i8sQcC6wF1Q_F029.jpg,i8sQcC6wF1Q,-0.0401,a pouch or sachet of gutka or pan masala with visible branding,593.9,0.1833
3284,PROMOTIONAL_N4UF9ezYzp0_F008.jpg,N4UF9ezYzp0,-0.0401,"a cigar being smoked, clearly visible",102.7,0.2083
3285,PROMOTIONAL_ZPkbtIBypb0_F246.jpg,ZPkbtIBypb0,-0.0401,"a vape or e-cigarette device, clearly visible",280.5,0.2238
3286,PROMOTIONAL_ZPkbtIBypb0_F058.jpg,ZPkbtIBypb0,-0.0402,"a vape or e-cigarette device, clearly visible",327.7,0.2101
3287,PROMOTIONAL_NEkFNbY2ZJU_F005.jpg,NEkFNbY2ZJU,-0.0403,"a person smoking a cigarette, cigarette clearly visible",460.7,0.2079
3288,PROMOTIONAL_kJofDnUYPhw_F096.jpg,kJofDnUYPhw,-0.0403,"a vape or e-cigarette device, clearly visible",239.4,0.2257
3289,PROMOTIONAL_o2cFKv3Sb_8_F020.jpg,o2cFKv3Sb_8,-0.0404,"a vape or e-cigarette device, clearly visible",589.0,0.2106
3290,PROMOTIONAL_4rN1GAFrzi4_F006.jpg,4rN1GAFrzi4,-0.0404,"a can of beer, clearly visible",459.7,0.1931
3291,PROMOTIONAL_ob1RBsKnLP0_F017.jpg,ob1RBsKnLP0,-0.0405,"a cigar being smoked, clearly visible",113.3,0.1870
3292,PROMOTIONAL_RnL8eDxT7Cg_F092.jpg,RnL8eDxT7Cg,-0.0406,"a cigar being smoked, clearly visible",266.1,0.1886
3293,PROMOTIONAL_BJpdusGS8Ak_F053.jpg,BJpdusGS8Ak,-0.0406,"a cigar being smoked, clearly visible",141.1,0.2237
3294,PROMOTIONAL_kJofDnUYPhw_F143.jpg,kJofDnUYPhw,-0.0407,"a cigar being smoked, clearly visible",260.9,0.2048
3295,PROMOTIONAL_WxyusRiyLrA_F049.jpg,WxyusRiyLrA,-0.0408,"a can of beer, clearly visible",111.8,0.1908
3296,PROMOTIONAL_YU0COqQ9W-A_F012.jpg,YU0COqQ9W-A,-0.0408,a pouch or sachet of gutka or pan masala with visible branding,104.4,0.2042
3297,PROMOTIONAL_-vFLsll_Gpk_F021.jpg,-vFLsll_Gpk,-0.0408,"a can of beer, clearly visible",261.4,0.2107
3298,PROMOTIONAL_ymCBZ6xXJkY_F051.jpg,ymCBZ6xXJkY,-0.0408,"a cigar being smoked, clearly visible",476.0,0.2158
3299,PROMOTIONAL_gN8Ol4w9u6s_F092.jpg,gN8Ol4w9u6s,-0.0408,"a person smoking a cigarette, cigarette clearly visible",415.8,0.2145
3300,PROMOTIONAL_XwgNLyk38sI_F005.jpg,XwgNLyk38sI,-0.0408,"a vape or e-cigarette device, clearly visible",570.1,0.2660
3301,PROMOTIONAL_WxyusRiyLrA_F036.jpg,WxyusRiyLrA,-0.0409,"a can of beer, clearly visible",146.2,0.1954
3302,PROMOTIONAL_gN8Ol4w9u6s_F110.jpg,gN8Ol4w9u6s,-0.0409,a photo of a cigarette pack,314.2,0.2204
3303,PROMOTIONAL_ZPkbtIBypb0_F323.jpg,ZPkbtIBypb0,-0.0411,"a cigar being smoked, clearly visible",665.0,0.1987
3304,PROMOTIONAL_gN8Ol4w9u6s_F222.jpg,gN8Ol4w9u6s,-0.0411,"a cigar being smoked, clearly visible",371.1,0.2025
3305,PROMOTIONAL_ZPkbtIBypb0_F095.jpg,ZPkbtIBypb0,-0.0411,"a vape or e-cigarette device, clearly visible",843.2,0.2289
3306,PROMOTIONAL_ZPkbtIBypb0_F096.jpg,ZPkbtIBypb0,-0.0411,"a vape or e-cigarette device, clearly visible",914.1,0.2272
3307,PROMOTIONAL_ZPkbtIBypb0_F036.jpg,ZPkbtIBypb0,-0.0412,"a vape or e-cigarette device, clearly visible",351.5,0.2132
3308,PROMOTIONAL_-vFLsll_Gpk_F031.jpg,-vFLsll_Gpk,-0.0412,"a can of beer, clearly visible",124.6,0.1785
3309,PROMOTIONAL_ZPkbtIBypb0_F074.jpg,ZPkbtIBypb0,-0.0412,"a vape or e-cigarette device, clearly visible",394.3,0.2108
3310,PROMOTIONAL_wE8AsupuJAI_F022.jpg,wE8AsupuJAI,-0.0412,"a can of beer, clearly visible",466.4,0.2088
3311,PROMOTIONAL_oWPLQY-tESk_F048.jpg,oWPLQY-tESk,-0.0413,"a can of beer, clearly visible",1383.0,0.1793
3312,PROMOTIONAL_Lu747R2Ktis_F013.jpg,Lu747R2Ktis,-0.0413,"a can of beer, clearly visible",753.0,0.2004
3313,PROMOTIONAL_H2qy5DVUOw8_F024.jpg,H2qy5DVUOw8,-0.0413,"a cigar being smoked, clearly visible",350.9,0.1982
3314,PROMOTIONAL_d87xnW1n3Ms_F014.jpg,d87xnW1n3Ms,-0.0413,a photo of a cigarette pack,252.5,0.2190
3315,PROMOTIONAL_ob1RBsKnLP0_F003.jpg,ob1RBsKnLP0,-0.0414,a hookah pipe,510.6,0.1962
3316,PROMOTIONAL_Q0yse1BaA8w_F012.jpg,Q0yse1BaA8w,-0.0415,"a cigar being smoked, clearly visible",696.4,0.2102
3317,PROMOTIONAL_gN8Ol4w9u6s_F146.jpg,gN8Ol4w9u6s,-0.0416,"a vape or e-cigarette device, clearly visible",738.3,0.1786
3318,PROMOTIONAL_DfohsAEWphs_F040.jpg,DfohsAEWphs,-0.0417,"a can of beer, clearly visible",377.2,0.2122
3319,PROMOTIONAL_kHlPI8FDYNg_F003.jpg,kHlPI8FDYNg,-0.0418,"a cigar being smoked, clearly visible",358.5,0.2201
3320,PROMOTIONAL_V30umsF1l7c_F053.jpg,V30umsF1l7c,-0.0418,"a vape or e-cigarette device, clearly visible",215.0,0.1965
3321,PROMOTIONAL_ZPkbtIBypb0_F005.jpg,ZPkbtIBypb0,-0.0418,"a vape or e-cigarette device, clearly visible",268.8,0.1944
3322,PROMOTIONAL_ymCBZ6xXJkY_F108.jpg,ymCBZ6xXJkY,-0.0420,a photo of a cigarette pack,2252.6,0.2101
3323,PROMOTIONAL_hbQ4dEjaJ6c_F094.jpg,hbQ4dEjaJ6c,-0.0420,"a vape or e-cigarette device, clearly visible",235.6,0.1926
3324,PROMOTIONAL_ZPkbtIBypb0_F121.jpg,ZPkbtIBypb0,-0.0420,"a can of beer, clearly visible",513.6,0.2011
3325,PROMOTIONAL_gN8Ol4w9u6s_F224.jpg,gN8Ol4w9u6s,-0.0420,"a cigar being smoked, clearly visible",305.8,0.2067
3326,PROMOTIONAL_eDkDQ2sid4o_F001.jpg,eDkDQ2sid4o,-0.0420,a pouch or sachet of gutka or pan masala with visible branding,324.5,0.1776
3327,PROMOTIONAL_DfohsAEWphs_F007.jpg,DfohsAEWphs,-0.0421,"a vape or e-cigarette device, clearly visible",590.2,0.2062
3328,PROMOTIONAL_XwgNLyk38sI_F063.jpg,XwgNLyk38sI,-0.0421,"a vape or e-cigarette device, clearly visible",162.9,0.1984
3329,PROMOTIONAL_A2GEyAxegRY_F024.jpg,A2GEyAxegRY,-0.0421,"a vape or e-cigarette device, clearly visible",174.5,0.2317
3330,PROMOTIONAL_ZjaOdXCXgJw_F023.jpg,ZjaOdXCXgJw,-0.0421,"a person smoking a cigarette, cigarette clearly visible",124.2,0.1767
3331,PROMOTIONAL_BwlGHrC73tA_F102.jpg,BwlGHrC73tA,-0.0422,"a person smoking a cigarette, cigarette clearly visible",135.6,0.1864
3332,PROMOTIONAL_ymCBZ6xXJkY_F079.jpg,ymCBZ6xXJkY,-0.0422,"a can of beer, clearly visible",299.2,0.2105
3333,PROMOTIONAL_4rN1GAFrzi4_F116.jpg,4rN1GAFrzi4,-0.0422,"a can of beer, clearly visible",692.3,0.2089
3334,PROMOTIONAL_9VLJyBaIiMQ_F002.jpg,9VLJyBaIiMQ,-0.0423,"a vape or e-cigarette device, clearly visible",145.5,0.2112
3335,PROMOTIONAL_hbQ4dEjaJ6c_F126.jpg,hbQ4dEjaJ6c,-0.0423,a hookah pipe,254.4,0.2020
3336,PROMOTIONAL_f5m68k2yyfo_F004.jpg,f5m68k2yyfo,-0.0424,"a cigar being smoked, clearly visible",1119.1,0.1864
3337,PROMOTIONAL_R0pRtBvmAnY_F032.jpg,R0pRtBvmAnY,-0.0425,"a vape or e-cigarette device, clearly visible",327.7,0.1941
3338,PROMOTIONAL_d87xnW1n3Ms_F005.jpg,d87xnW1n3Ms,-0.0425,"a can of beer, clearly visible",207.6,0.2356
3339,PROMOTIONAL_eOXk8As-HZk_F160.jpg,eOXk8As-HZk,-0.0425,"a person smoking a cigarette, cigarette clearly visible",116.8,0.2237
3340,PROMOTIONAL_Lu747R2Ktis_F058.jpg,Lu747R2Ktis,-0.0425,a photo of a cigarette pack,422.8,0.2382
3341,PROMOTIONAL_DfohsAEWphs_F037.jpg,DfohsAEWphs,-0.0425,"a can of beer, clearly visible",349.1,0.1999
3342,PROMOTIONAL_o2cFKv3Sb_8_F039.jpg,o2cFKv3Sb_8,-0.0427,"a vape or e-cigarette device, clearly visible",916.6,0.1893
3343,PROMOTIONAL_ZPkbtIBypb0_F025.jpg,ZPkbtIBypb0,-0.0428,"a vape or e-cigarette device, clearly visible",409.1,0.2285
3344,PROMOTIONAL_kJofDnUYPhw_F117.jpg,kJofDnUYPhw,-0.0429,"a can of beer, clearly visible",552.9,0.2211
3345,PROMOTIONAL_Lu747R2Ktis_F061.jpg,Lu747R2Ktis,-0.0429,"a cigar being smoked, clearly visible",870.6,0.2153
3346,PROMOTIONAL_iEGY45xE5io_F017.jpg,iEGY45xE5io,-0.0430,"a vape or e-cigarette device, clearly visible",940.8,0.2101
3347,PROMOTIONAL_OWSC-C447aY_F060.jpg,OWSC-C447aY,-0.0430,"a can of beer, clearly visible",417.2,0.2106
3348,PROMOTIONAL_gN8Ol4w9u6s_F007.jpg,gN8Ol4w9u6s,-0.0430,"a can of beer, clearly visible",1315.7,0.2007
3349,PROMOTIONAL_M98NqbcWdyI_F014.jpg,M98NqbcWdyI,-0.0430,"a can of beer, clearly visible",204.1,0.2118
3350,PROMOTIONAL_4IP3zfr8Tvk_F023.jpg,4IP3zfr8Tvk,-0.0430,"a can of beer, clearly visible",208.1,0.2039
3351,PROMOTIONAL_iEGY45xE5io_F008.jpg,iEGY45xE5io,-0.0431,"a vape or e-cigarette device, clearly visible",186.7,0.2046
3352,PROMOTIONAL_ZPkbtIBypb0_F117.jpg,ZPkbtIBypb0,-0.0432,a pouch or sachet of gutka or pan masala with visible branding,461.2,0.1942
3353,PROMOTIONAL_ymCBZ6xXJkY_F098.jpg,ymCBZ6xXJkY,-0.0433,a pouch or sachet of gutka or pan masala with visible branding,2753.5,0.2008
3354,PROMOTIONAL_gN8Ol4w9u6s_F230.jpg,gN8Ol4w9u6s,-0.0433,a pouch or sachet of gutka or pan masala with visible branding,274.9,0.2032
3355,PROMOTIONAL_DsWP_FrACgM_F024.jpg,DsWP_FrACgM,-0.0434,"a can of beer, clearly visible",771.7,0.1995
3356,PROMOTIONAL_H2qy5DVUOw8_F053.jpg,H2qy5DVUOw8,-0.0434,"a person smoking a cigarette, cigarette clearly visible",221.5,0.2017
3357,PROMOTIONAL_qXlhj_LwBNc_F007.jpg,qXlhj_LwBNc,-0.0434,"a cigar being smoked, clearly visible",224.7,0.1929
3358,PROMOTIONAL_DfohsAEWphs_F035.jpg,DfohsAEWphs,-0.0434,"a can of beer, clearly visible",396.3,0.2013
3359,PROMOTIONAL_ymCBZ6xXJkY_F110.jpg,ymCBZ6xXJkY,-0.0435,"a can of beer, clearly visible",3232.0,0.2032
3360,PROMOTIONAL_NEkFNbY2ZJU_F006.jpg,NEkFNbY2ZJU,-0.0435,"a can of beer, clearly visible",441.7,0.2118
3361,PROMOTIONAL_5mwDEv-TSEk_F067.jpg,5mwDEv-TSEk,-0.0435,"a cigar being smoked, clearly visible",214.1,0.2169
3362,PROMOTIONAL_ZPkbtIBypb0_F304.jpg,ZPkbtIBypb0,-0.0437,a hookah pipe,704.6,0.2015
3363,PROMOTIONAL_JWnkH7vjXTg_F016.jpg,JWnkH7vjXTg,-0.0437,"a cigar being smoked, clearly visible",1831.2,0.1991
3364,PROMOTIONAL_iEGY45xE5io_F018.jpg,iEGY45xE5io,-0.0439,"a vape or e-cigarette device, clearly visible",353.7,0.2060
3365,PROMOTIONAL_XxZ91r8k7HY_F012.jpg,XxZ91r8k7HY,-0.0440,"a cigar being smoked, clearly visible",799.5,0.2074
3366,PROMOTIONAL_ob1RBsKnLP0_F038.jpg,ob1RBsKnLP0,-0.0440,"a cigar being smoked, clearly visible",114.2,0.1904
3367,PROMOTIONAL_BJpdusGS8Ak_F009.jpg,BJpdusGS8Ak,-0.0440,"a glass of beer or wine, clearly visible",393.3,0.2184
3368,PROMOTIONAL_ZPkbtIBypb0_F122.jpg,ZPkbtIBypb0,-0.0441,"a can of beer, clearly visible",467.1,0.1971
3369,PROMOTIONAL_qXlhj_LwBNc_F035.jpg,qXlhj_LwBNc,-0.0441,"a vape or e-cigarette device, clearly visible",575.5,0.1935
3370,PROMOTIONAL_f5m68k2yyfo_F005.jpg,f5m68k2yyfo,-0.0441,"a cigar being smoked, clearly visible",928.5,0.1945
3371,PROMOTIONAL_DsWP_FrACgM_F100.jpg,DsWP_FrACgM,-0.0442,"a cigar being smoked, clearly visible",1132.9,0.1979
3372,PROMOTIONAL_guFdyc-Rpj0_F012.jpg,guFdyc-Rpj0,-0.0442,"a can of beer, clearly visible",422.7,0.1922
3373,PROMOTIONAL_OWDIGDyOhcI_F022.jpg,OWDIGDyOhcI,-0.0443,"a can of beer, clearly visible",320.1,0.2096
3374,PROMOTIONAL_M98NqbcWdyI_F035.jpg,M98NqbcWdyI,-0.0443,"a vape or e-cigarette device, clearly visible",134.0,0.2316
3375,PROMOTIONAL_kJofDnUYPhw_F361.jpg,kJofDnUYPhw,-0.0445,"a person smoking a cigarette, cigarette clearly visible",569.6,0.2259
3376,PROMOTIONAL_i8sQcC6wF1Q_F022.jpg,i8sQcC6wF1Q,-0.0445,a pouch or sachet of gutka or pan masala with visible branding,636.9,0.1613
3377,PROMOTIONAL_fmK0FYpaJ7E_F030.jpg,fmK0FYpaJ7E,-0.0446,a pouch or sachet of gutka or pan masala with visible branding,111.9,0.2430
3378,PROMOTIONAL_qXlhj_LwBNc_F006.jpg,qXlhj_LwBNc,-0.0448,"a cigar being smoked, clearly visible",234.6,0.2022
3379,PROMOTIONAL_ymCBZ6xXJkY_F115.jpg,ymCBZ6xXJkY,-0.0448,a photo of a cigarette pack,3492.7,0.1869
3380,PROMOTIONAL_guFdyc-Rpj0_F013.jpg,guFdyc-Rpj0,-0.0448,a photo of a cigarette pack,337.3,0.1925
3381,PROMOTIONAL_ZPkbtIBypb0_F031.jpg,ZPkbtIBypb0,-0.0448,"a can of beer, clearly visible",369.7,0.1997
3382,PROMOTIONAL_hbQ4dEjaJ6c_F095.jpg,hbQ4dEjaJ6c,-0.0449,"a can of beer, clearly visible",223.3,0.1927
3383,PROMOTIONAL_ymCBZ6xXJkY_F100.jpg,ymCBZ6xXJkY,-0.0449,a photo of a cigarette pack,2864.3,0.2115
3384,PROMOTIONAL_ymCBZ6xXJkY_F121.jpg,ymCBZ6xXJkY,-0.0449,a photo of a cigarette pack,422.3,0.2166
3385,PROMOTIONAL_gN8Ol4w9u6s_F005.jpg,gN8Ol4w9u6s,-0.0450,"a vape or e-cigarette device, clearly visible",1046.0,0.2172
3386,PROMOTIONAL_-KtN-Sz1iMA_F020.jpg,-KtN-Sz1iMA,-0.0451,"a can of beer, clearly visible",272.5,0.2213
3387,PROMOTIONAL_iEGY45xE5io_F022.jpg,iEGY45xE5io,-0.0451,"a vape or e-cigarette device, clearly visible",254.0,0.2177
3388,PROMOTIONAL_ob1RBsKnLP0_F035.jpg,ob1RBsKnLP0,-0.0451,"a cigar being smoked, clearly visible",218.6,0.1848
3389,PROMOTIONAL_IrEUXOE2JHA_F075.jpg,IrEUXOE2JHA,-0.0452,"a cigar being smoked, clearly visible",572.4,0.1936
3390,PROMOTIONAL_cz5n3qm1G8k_F014.jpg,cz5n3qm1G8k,-0.0452,"a person smoking a cigarette, cigarette clearly visible",317.3,0.1857
3391,PROMOTIONAL_V30umsF1l7c_F027.jpg,V30umsF1l7c,-0.0452,"a can of beer, clearly visible",704.2,0.2023
3392,PROMOTIONAL_d87xnW1n3Ms_F006.jpg,d87xnW1n3Ms,-0.0452,a photo of a cigarette pack,198.0,0.2325
3393,PROMOTIONAL_Q0yse1BaA8w_F038.jpg,Q0yse1BaA8w,-0.0453,a hookah pipe,998.2,0.1908
3394,PROMOTIONAL_4rN1GAFrzi4_F082.jpg,4rN1GAFrzi4,-0.0453,"a can of beer, clearly visible",605.3,0.2073
3395,PROMOTIONAL_kJofDnUYPhw_F116.jpg,kJofDnUYPhw,-0.0454,"a can of beer, clearly visible",226.1,0.2321
3396,PROMOTIONAL_-KtN-Sz1iMA_F021.jpg,-KtN-Sz1iMA,-0.0455,"a can of beer, clearly visible",249.0,0.2195
3397,PROMOTIONAL_ZdlX7gvDZ0U_F023.jpg,ZdlX7gvDZ0U,-0.0456,a pouch or sachet of gutka or pan masala with visible branding,1073.9,0.2419
3398,PROMOTIONAL_Lu747R2Ktis_F059.jpg,Lu747R2Ktis,-0.0456,a photo of a cigarette pack,838.7,0.1980
3399,PROMOTIONAL_BJpdusGS8Ak_F029.jpg,BJpdusGS8Ak,-0.0456,"a person smoking a cigarette, cigarette clearly visible",153.6,0.2075
3400,PROMOTIONAL_WxyusRiyLrA_F051.jpg,WxyusRiyLrA,-0.0457,"a can of beer, clearly visible",240.6,0.2059
3401,PROMOTIONAL_ZPkbtIBypb0_F050.jpg,ZPkbtIBypb0,-0.0458,"a cigar being smoked, clearly visible",253.3,0.1962
3402,PROMOTIONAL_4rN1GAFrzi4_F083.jpg,4rN1GAFrzi4,-0.0459,"a can of beer, clearly visible",600.6,0.2086
3403,PROMOTIONAL_ZPkbtIBypb0_F324.jpg,ZPkbtIBypb0,-0.0459,"a can of beer, clearly visible",551.7,0.1932
3404,PROMOTIONAL_AkkChMJv4wA_F018.jpg,AkkChMJv4wA,-0.0459,"a vape or e-cigarette device, clearly visible",148.4,0.1823
3405,PROMOTIONAL_ZPkbtIBypb0_F073.jpg,ZPkbtIBypb0,-0.0459,"a can of beer, clearly visible",435.1,0.2096
3406,PROMOTIONAL_eOXk8As-HZk_F168.jpg,eOXk8As-HZk,-0.0460,"a person smoking a cigarette, cigarette clearly visible",103.9,0.2151
3407,PROMOTIONAL_eXcoTo86OOw_F006.jpg,eXcoTo86OOw,-0.0462,"a vape or e-cigarette device, clearly visible",204.0,0.2378
3408,PROMOTIONAL_R0pRtBvmAnY_F031.jpg,R0pRtBvmAnY,-0.0462,"a vape or e-cigarette device, clearly visible",333.7,0.1746
3409,PROMOTIONAL_DfohsAEWphs_F008.jpg,DfohsAEWphs,-0.0462,"a vape or e-cigarette device, clearly visible",543.7,0.2008
3410,PROMOTIONAL_ZPkbtIBypb0_F300.jpg,ZPkbtIBypb0,-0.0463,"a cigar being smoked, clearly visible",520.0,0.2184
3411,PROMOTIONAL_ymCBZ6xXJkY_F105.jpg,ymCBZ6xXJkY,-0.0463,a photo of a cigarette pack,2545.6,0.2020
3412,PROMOTIONAL_zNfEfnyxE6c_F013.jpg,zNfEfnyxE6c,-0.0464,"a glass of beer or wine, clearly visible",309.1,0.1898
3413,PROMOTIONAL_OWSC-C447aY_F030.jpg,OWSC-C447aY,-0.0464,"a cigar being smoked, clearly visible",128.7,0.2204
3414,PROMOTIONAL_OWSC-C447aY_F034.jpg,OWSC-C447aY,-0.0464,"a person smoking a cigarette, cigarette clearly visible",101.4,0.2063
3415,PROMOTIONAL_kJofDnUYPhw_F145.jpg,kJofDnUYPhw,-0.0465,"a cigar being smoked, clearly visible",182.9,0.2097
3416,PROMOTIONAL_A2GEyAxegRY_F058.jpg,A2GEyAxegRY,-0.0465,a photo of a cigarette pack,909.1,0.1580
3417,PROMOTIONAL_fmK0FYpaJ7E_F010.jpg,fmK0FYpaJ7E,-0.0466,"a can of beer, clearly visible",118.4,0.2143
3418,PROMOTIONAL_ZPkbtIBypb0_F181.jpg,ZPkbtIBypb0,-0.0466,"a cigar being smoked, clearly visible",397.1,0.2016
3419,PROMOTIONAL_ZPkbtIBypb0_F105.jpg,ZPkbtIBypb0,-0.0468,"a can of beer, clearly visible",545.0,0.2047
3420,PROMOTIONAL_5rX-wl7b5Vg_F008.jpg,5rX-wl7b5Vg,-0.0468,"a cigar being smoked, clearly visible",587.5,0.2104
3421,PROMOTIONAL_XwgNLyk38sI_F064.jpg,XwgNLyk38sI,-0.0468,"a cigar being smoked, clearly visible",165.0,0.2049
3422,PROMOTIONAL_H2qy5DVUOw8_F004.jpg,H2qy5DVUOw8,-0.0469,"a cigar being smoked, clearly visible",292.3,0.1816
3423,PROMOTIONAL_ZPkbtIBypb0_F057.jpg,ZPkbtIBypb0,-0.0469,"a vape or e-cigarette device, clearly visible",293.9,0.2103
3424,PROMOTIONAL_o2cFKv3Sb_8_F036.jpg,o2cFKv3Sb_8,-0.0469,"a vape or e-cigarette device, clearly visible",880.9,0.2360
3425,PROMOTIONAL_Lu747R2Ktis_F016.jpg,Lu747R2Ktis,-0.0470,"a can of beer, clearly visible",775.5,0.1909
3426,PROMOTIONAL_M98NqbcWdyI_F032.jpg,M98NqbcWdyI,-0.0470,"a vape or e-cigarette device, clearly visible",109.5,0.2319
3427,PROMOTIONAL_XwgNLyk38sI_F065.jpg,XwgNLyk38sI,-0.0471,a pouch or sachet of gutka or pan masala with visible branding,201.3,0.1932
3428,PROMOTIONAL_iN7n_T5Jh54_F009.jpg,iN7n_T5Jh54,-0.0471,"a vape or e-cigarette device, clearly visible",624.4,0.2012
3429,PROMOTIONAL_JWnkH7vjXTg_F002.jpg,JWnkH7vjXTg,-0.0472,"a glass of beer or wine, clearly visible",2482.0,0.2064
3430,PROMOTIONAL_ZPkbtIBypb0_F106.jpg,ZPkbtIBypb0,-0.0472,"a can of beer, clearly visible",551.8,0.1998
3431,PROMOTIONAL_gN8Ol4w9u6s_F149.jpg,gN8Ol4w9u6s,-0.0473,"a can of beer, clearly visible",101.8,0.1954
3432,PROMOTIONAL_kJofDnUYPhw_F267.jpg,kJofDnUYPhw,-0.0473,a photo of a cigarette pack,206.9,0.2248
3433,PROMOTIONAL_qXlhj_LwBNc_F098.jpg,qXlhj_LwBNc,-0.0474,a photo of a cigarette pack,381.3,0.2262
3434,PROMOTIONAL_hbQ4dEjaJ6c_F089.jpg,hbQ4dEjaJ6c,-0.0475,a hookah pipe,263.4,0.1954
3435,PROMOTIONAL_BJpdusGS8Ak_F028.jpg,BJpdusGS8Ak,-0.0476,a hookah pipe,626.7,0.2248
3436,PROMOTIONAL_kJofDnUYPhw_F268.jpg,kJofDnUYPhw,-0.0477,"a cigar being smoked, clearly visible",215.7,0.2121
3437,PROMOTIONAL_ZPkbtIBypb0_F033.jpg,ZPkbtIBypb0,-0.0478,"a can of beer, clearly visible",458.0,0.2191
3438,PROMOTIONAL_d87xnW1n3Ms_F013.jpg,d87xnW1n3Ms,-0.0478,a pouch or sachet of gutka or pan masala with visible branding,300.5,0.2188
3439,PROMOTIONAL_3MaLTyJokyM_F023.jpg,3MaLTyJokyM,-0.0479,"a glass of beer or wine, clearly visible",171.1,0.2142
3440,PROMOTIONAL_4IP3zfr8Tvk_F030.jpg,4IP3zfr8Tvk,-0.0479,"a cigar being smoked, clearly visible",132.3,0.2020
3441,PROMOTIONAL_ymCBZ6xXJkY_F117.jpg,ymCBZ6xXJkY,-0.0480,a photo of a cigarette pack,3156.0,0.1860
3442,PROMOTIONAL_oWPLQY-tESk_F028.jpg,oWPLQY-tESk,-0.0482,"a vape or e-cigarette device, clearly visible",380.5,0.1892
3443,PROMOTIONAL_d87xnW1n3Ms_F003.jpg,d87xnW1n3Ms,-0.0482,a photo of a cigarette pack,290.8,0.2162
3444,PROMOTIONAL_3MaLTyJokyM_F016.jpg,3MaLTyJokyM,-0.0485,"a vape or e-cigarette device, clearly visible",117.4,0.2141
3445,PROMOTIONAL_JWnkH7vjXTg_F006.jpg,JWnkH7vjXTg,-0.0486,"a cigar being smoked, clearly visible",2052.4,0.1791
3446,PROMOTIONAL_kJofDnUYPhw_F257.jpg,kJofDnUYPhw,-0.0487,"a cigar being smoked, clearly visible",146.0,0.2170
3447,PROMOTIONAL_JWnkH7vjXTg_F021.jpg,JWnkH7vjXTg,-0.0488,"a glass of beer or wine, clearly visible",1877.7,0.2205
3448,PROMOTIONAL_BJpdusGS8Ak_F011.jpg,BJpdusGS8Ak,-0.0489,"a vape or e-cigarette device, clearly visible",383.9,0.2239
3449,PROMOTIONAL_BwlGHrC73tA_F132.jpg,BwlGHrC73tA,-0.0489,"a can of beer, clearly visible",140.8,0.2047
3450,PROMOTIONAL_RnL8eDxT7Cg_F114.jpg,RnL8eDxT7Cg,-0.0490,"a can of beer, clearly visible",148.7,0.1952
3451,PROMOTIONAL_Q0yse1BaA8w_F034.jpg,Q0yse1BaA8w,-0.0490,a pouch or sachet of gutka or pan masala with visible branding,255.6,0.1930
3452,PROMOTIONAL_ymCBZ6xXJkY_F101.jpg,ymCBZ6xXJkY,-0.0491,a photo of a cigarette pack,2604.9,0.2029
3453,PROMOTIONAL_5rX-wl7b5Vg_F007.jpg,5rX-wl7b5Vg,-0.0492,"a vape or e-cigarette device, clearly visible",1279.6,0.1910
3454,PROMOTIONAL_ymCBZ6xXJkY_F094.jpg,ymCBZ6xXJkY,-0.0492,"a vape or e-cigarette device, clearly visible",773.2,0.2153
3455,PROMOTIONAL_eXcoTo86OOw_F009.jpg,eXcoTo86OOw,-0.0492,"a vape or e-cigarette device, clearly visible",158.9,0.2409
3456,PROMOTIONAL_Lu747R2Ktis_F006.jpg,Lu747R2Ktis,-0.0493,"a can of beer, clearly visible",871.1,0.2025
3457,PROMOTIONAL_L-bg5RLiOaQ_F046.jpg,L-bg5RLiOaQ,-0.0493,a photo of a cigarette pack,322.4,0.2145
3458,PROMOTIONAL_DfohsAEWphs_F015.jpg,DfohsAEWphs,-0.0493,"a vape or e-cigarette device, clearly visible",1134.5,0.2141
3459,PROMOTIONAL_o2cFKv3Sb_8_F025.jpg,o2cFKv3Sb_8,-0.0494,a pouch or sachet of gutka or pan masala with visible branding,775.3,0.2065
3460,PROMOTIONAL_5mwDEv-TSEk_F031.jpg,5mwDEv-TSEk,-0.0494,a photo of a cigarette pack,290.4,0.2205
3461,PROMOTIONAL_4IP3zfr8Tvk_F008.jpg,4IP3zfr8Tvk,-0.0496,"a can of beer, clearly visible",172.5,0.1940
3462,PROMOTIONAL_EAnIJkAsP14_F058.jpg,EAnIJkAsP14,-0.0496,"a cigar being smoked, clearly visible",143.6,0.2026
3463,PROMOTIONAL_ymCBZ6xXJkY_F102.jpg,ymCBZ6xXJkY,-0.0497,a photo of a cigarette pack,2555.0,0.2084
3464,PROMOTIONAL_OWSC-C447aY_F031.jpg,OWSC-C447aY,-0.0497,"a cigar being smoked, clearly visible",124.5,0.2079
3465,PROMOTIONAL_ZPkbtIBypb0_F084.jpg,ZPkbtIBypb0,-0.0497,"a can of beer, clearly visible",449.6,0.2071
3466,PROMOTIONAL_mt4Cf63vFyI_F018.jpg,mt4Cf63vFyI,-0.0497,"a vape or e-cigarette device, clearly visible",269.2,0.1978
3467,PROMOTIONAL_ZPkbtIBypb0_F049.jpg,ZPkbtIBypb0,-0.0498,"a person smoking a cigarette, cigarette clearly visible",190.0,0.1814
3468,PROMOTIONAL_A2GEyAxegRY_F072.jpg,A2GEyAxegRY,-0.0498,"a can of beer, clearly visible",580.1,0.2088
3469,PROMOTIONAL_iN7n_T5Jh54_F046.jpg,iN7n_T5Jh54,-0.0499,"a vape or e-cigarette device, clearly visible",1422.3,0.1863
3470,PROMOTIONAL_BJpdusGS8Ak_F055.jpg,BJpdusGS8Ak,-0.0499,"a vape or e-cigarette device, clearly visible",259.3,0.2029
3471,PROMOTIONAL_ZPkbtIBypb0_F171.jpg,ZPkbtIBypb0,-0.0501,a pouch or sachet of gutka or pan masala with visible branding,596.7,0.1990
3472,PROMOTIONAL_ZPkbtIBypb0_F034.jpg,ZPkbtIBypb0,-0.0502,"a can of beer, clearly visible",416.0,0.2041
3473,PROMOTIONAL_JWnkH7vjXTg_F007.jpg,JWnkH7vjXTg,-0.0503,"a cigar being smoked, clearly visible",2223.8,0.1794
3474,PROMOTIONAL_9VLJyBaIiMQ_F030.jpg,9VLJyBaIiMQ,-0.0503,"a can of beer, clearly visible",240.9,0.1953
3475,PROMOTIONAL_o2cFKv3Sb_8_F001.jpg,o2cFKv3Sb_8,-0.0504,"a can of beer, clearly visible",174.2,0.2042
3476,PROMOTIONAL_gN8Ol4w9u6s_F117.jpg,gN8Ol4w9u6s,-0.0506,"a vape or e-cigarette device, clearly visible",310.4,0.2117
3477,PROMOTIONAL_iN7n_T5Jh54_F047.jpg,iN7n_T5Jh54,-0.0507,a pouch or sachet of gutka or pan masala with visible branding,396.7,0.1519
3478,PROMOTIONAL_N4UF9ezYzp0_F007.jpg,N4UF9ezYzp0,-0.0508,"a vape or e-cigarette device, clearly visible",128.8,0.2030
3479,PROMOTIONAL_BJpdusGS8Ak_F056.jpg,BJpdusGS8Ak,-0.0509,"a glass of beer or wine, clearly visible",336.7,0.2061
3480,PROMOTIONAL_4IP3zfr8Tvk_F145.jpg,4IP3zfr8Tvk,-0.0510,a hookah pipe,172.9,0.1833
3481,PROMOTIONAL_ZPkbtIBypb0_F047.jpg,ZPkbtIBypb0,-0.0511,"a vape or e-cigarette device, clearly visible",840.7,0.2372
3482,PROMOTIONAL_BwlGHrC73tA_F141.jpg,BwlGHrC73tA,-0.0513,"a can of beer, clearly visible",255.2,0.1944
3483,PROMOTIONAL_ymCBZ6xXJkY_F080.jpg,ymCBZ6xXJkY,-0.0515,"a vape or e-cigarette device, clearly visible",105.0,0.1894
3484,PROMOTIONAL_gN8Ol4w9u6s_F251.jpg,gN8Ol4w9u6s,-0.0516,"a person smoking a cigarette, cigarette clearly visible",1898.7,0.2020
3485,PROMOTIONAL_iEGY45xE5io_F023.jpg,iEGY45xE5io,-0.0516,"a vape or e-cigarette device, clearly visible",263.3,0.2232
3486,PROMOTIONAL_eXcoTo86OOw_F003.jpg,eXcoTo86OOw,-0.0517,"a vape or e-cigarette device, clearly visible",588.2,0.2259
3487,PROMOTIONAL_ZPkbtIBypb0_F069.jpg,ZPkbtIBypb0,-0.0517,"a vape or e-cigarette device, clearly visible",446.8,0.2051
3488,PROMOTIONAL_ZdlX7gvDZ0U_F025.jpg,ZdlX7gvDZ0U,-0.0518,a pouch or sachet of gutka or pan masala with visible branding,1223.6,0.2078
3489,PROMOTIONAL_BJpdusGS8Ak_F071.jpg,BJpdusGS8Ak,-0.0518,"a vape or e-cigarette device, clearly visible",129.5,0.2153
3490,PROMOTIONAL_5rX-wl7b5Vg_F018.jpg,5rX-wl7b5Vg,-0.0519,"a can of beer, clearly visible",732.8,0.1971
3491,PROMOTIONAL_Lu747R2Ktis_F030.jpg,Lu747R2Ktis,-0.0520,"a can of beer, clearly visible",536.5,0.2090
3492,PROMOTIONAL_4rN1GAFrzi4_F045.jpg,4rN1GAFrzi4,-0.0520,"a can of beer, clearly visible",380.4,0.2029
3493,PROMOTIONAL_IrEUXOE2JHA_F049.jpg,IrEUXOE2JHA,-0.0522,"a cigar being smoked, clearly visible",401.8,0.2077
3494,PROMOTIONAL_BJpdusGS8Ak_F081.jpg,BJpdusGS8Ak,-0.0523,"a glass of beer or wine, clearly visible",1211.0,0.2322
3495,PROMOTIONAL_f5m68k2yyfo_F001.jpg,f5m68k2yyfo,-0.0525,"a can of beer, clearly visible",1925.1,0.2019
3496,PROMOTIONAL_4rN1GAFrzi4_F020.jpg,4rN1GAFrzi4,-0.0526,"a can of beer, clearly visible",610.1,0.2065
3497,PROMOTIONAL_-vFLsll_Gpk_F001.jpg,-vFLsll_Gpk,-0.0526,a photo of a cigarette pack,657.2,0.2102
3498,PROMOTIONAL_YU0COqQ9W-A_F023.jpg,YU0COqQ9W-A,-0.0530,"a cigar being smoked, clearly visible",148.1,0.1862
3499,PROMOTIONAL_FnULv0U14UY_F045.jpg,FnULv0U14UY,-0.0530,"a cigar being smoked, clearly visible",160.6,0.2223
3500,PROMOTIONAL_5mwDEv-TSEk_F077.jpg,5mwDEv-TSEk,-0.0530,"a cigar being smoked, clearly visible",127.0,0.2035
3501,PROMOTIONAL_sxrCjmqRTz0_F042.jpg,sxrCjmqRTz0,-0.0534,"a cigar being smoked, clearly visible",112.1,0.2296
3502,PROMOTIONAL_DfohsAEWphs_F013.jpg,DfohsAEWphs,-0.0535,"a vape or e-cigarette device, clearly visible",1430.8,0.2069
3503,PROMOTIONAL_ymCBZ6xXJkY_F111.jpg,ymCBZ6xXJkY,-0.0537,"a can of beer, clearly visible",3783.2,0.1968
3504,PROMOTIONAL_ZPkbtIBypb0_F077.jpg,ZPkbtIBypb0,-0.0539,"a vape or e-cigarette device, clearly visible",539.4,0.2116
3505,PROMOTIONAL_kHlPI8FDYNg_F004.jpg,kHlPI8FDYNg,-0.0539,"a person smoking a cigarette, cigarette clearly visible",394.3,0.1934
3506,PROMOTIONAL_iN7n_T5Jh54_F045.jpg,iN7n_T5Jh54,-0.0540,"a vape or e-cigarette device, clearly visible",203.5,0.1882
3507,PROMOTIONAL_qXlhj_LwBNc_F003.jpg,qXlhj_LwBNc,-0.0541,"a vape or e-cigarette device, clearly visible",1198.0,0.2070
3508,PROMOTIONAL_DsWP_FrACgM_F043.jpg,DsWP_FrACgM,-0.0544,"a vape or e-cigarette device, clearly visible",235.7,0.1730
3509,PROMOTIONAL_ZPkbtIBypb0_F072.jpg,ZPkbtIBypb0,-0.0546,"a vape or e-cigarette device, clearly visible",390.9,0.1991
3510,PROMOTIONAL_RnL8eDxT7Cg_F113.jpg,RnL8eDxT7Cg,-0.0547,"a cigar being smoked, clearly visible",220.8,0.2096
3511,PROMOTIONAL_kJofDnUYPhw_F113.jpg,kJofDnUYPhw,-0.0551,"a can of beer, clearly visible",358.1,0.2300
3512,PROMOTIONAL_fmK0FYpaJ7E_F060.jpg,fmK0FYpaJ7E,-0.0551,a pouch or sachet of gutka or pan masala with visible branding,175.5,0.2272
3513,PROMOTIONAL_TX5r8OEXhEk_F033.jpg,TX5r8OEXhEk,-0.0553,"a vape or e-cigarette device, clearly visible",430.9,0.2095
3514,PROMOTIONAL_iN7n_T5Jh54_F010.jpg,iN7n_T5Jh54,-0.0553,"a vape or e-cigarette device, clearly visible",220.4,0.2036
3515,PROMOTIONAL_ymCBZ6xXJkY_F095.jpg,ymCBZ6xXJkY,-0.0554,a hookah pipe,1404.1,0.2105
3516,PROMOTIONAL_4IP3zfr8Tvk_F149.jpg,4IP3zfr8Tvk,-0.0554,a hookah pipe,224.8,0.1990
3517,PROMOTIONAL_H2qy5DVUOw8_F018.jpg,H2qy5DVUOw8,-0.0554,"a person smoking a cigarette, cigarette clearly visible",410.7,0.1921
3518,PROMOTIONAL_H2qy5DVUOw8_F017.jpg,H2qy5DVUOw8,-0.0556,"a cigar being smoked, clearly visible",409.2,0.1904
3519,PROMOTIONAL_ZPkbtIBypb0_F024.jpg,ZPkbtIBypb0,-0.0556,"a vape or e-cigarette device, clearly visible",417.5,0.2058
3520,PROMOTIONAL_ymCBZ6xXJkY_F097.jpg,ymCBZ6xXJkY,-0.0557,"a vape or e-cigarette device, clearly visible",2673.3,0.2090
3521,PROMOTIONAL_gN8Ol4w9u6s_F006.jpg,gN8Ol4w9u6s,-0.0559,"a vape or e-cigarette device, clearly visible",1364.1,0.1958
3522,PROMOTIONAL_ZPkbtIBypb0_F001.jpg,ZPkbtIBypb0,-0.0560,"a vape or e-cigarette device, clearly visible",546.3,0.2227
3523,PROMOTIONAL_i8sQcC6wF1Q_F017.jpg,i8sQcC6wF1Q,-0.0560,a hookah pipe,645.1,0.1782
3524,PROMOTIONAL_o2cFKv3Sb_8_F021.jpg,o2cFKv3Sb_8,-0.0562,"a vape or e-cigarette device, clearly visible",345.1,0.2136
3525,PROMOTIONAL_A2GEyAxegRY_F001.jpg,A2GEyAxegRY,-0.0563,a pouch or sachet of gutka or pan masala with visible branding,1114.1,0.2119
3526,PROMOTIONAL_ymCBZ6xXJkY_F118.jpg,ymCBZ6xXJkY,-0.0566,a pouch or sachet of gutka or pan masala with visible branding,2300.2,0.2005
3527,PROMOTIONAL_kJofDnUYPhw_F111.jpg,kJofDnUYPhw,-0.0566,"a person smoking a cigarette, cigarette clearly visible",366.4,0.2114
3528,PROMOTIONAL_ZPkbtIBypb0_F002.jpg,ZPkbtIBypb0,-0.0568,"a can of beer, clearly visible",492.0,0.2093
3529,PROMOTIONAL_BJpdusGS8Ak_F052.jpg,BJpdusGS8Ak,-0.0569,"a can of beer, clearly visible",651.7,0.2172
3530,PROMOTIONAL_mt4Cf63vFyI_F003.jpg,mt4Cf63vFyI,-0.0569,"a vape or e-cigarette device, clearly visible",292.4,0.2164
3531,PROMOTIONAL_gN8Ol4w9u6s_F004.jpg,gN8Ol4w9u6s,-0.0569,"a can of beer, clearly visible",712.2,0.1861
3532,PROMOTIONAL_OWSC-C447aY_F007.jpg,OWSC-C447aY,-0.0569,"a can of beer, clearly visible",469.0,0.2068
3533,PROMOTIONAL_zNfEfnyxE6c_F023.jpg,zNfEfnyxE6c,-0.0571,"a vape or e-cigarette device, clearly visible",784.8,0.2101
3534,PROMOTIONAL_sxrCjmqRTz0_F011.jpg,sxrCjmqRTz0,-0.0571,"a cigar being smoked, clearly visible",111.1,0.2236
3535,PROMOTIONAL_sxrCjmqRTz0_F013.jpg,sxrCjmqRTz0,-0.0572,"a cigar being smoked, clearly visible",104.7,0.2195
3536,PROMOTIONAL_mt4Cf63vFyI_F008.jpg,mt4Cf63vFyI,-0.0573,"a glass of beer or wine, clearly visible",519.2,0.2258
3537,PROMOTIONAL_4rN1GAFrzi4_F039.jpg,4rN1GAFrzi4,-0.0574,"a can of beer, clearly visible",708.1,0.2194
3538,PROMOTIONAL_H2qy5DVUOw8_F038.jpg,H2qy5DVUOw8,-0.0574,"a cigar being smoked, clearly visible",408.4,0.1831
3539,PROMOTIONAL_f5m68k2yyfo_F003.jpg,f5m68k2yyfo,-0.0575,"a person smoking a cigarette, cigarette clearly visible",649.0,0.1701
3540,PROMOTIONAL_fmK0FYpaJ7E_F001.jpg,fmK0FYpaJ7E,-0.0575,"a cigar being smoked, clearly visible",181.2,0.2735
3541,PROMOTIONAL_V30umsF1l7c_F028.jpg,V30umsF1l7c,-0.0576,a photo of a cigarette pack,649.6,0.1715
3542,PROMOTIONAL_i8sQcC6wF1Q_F054.jpg,i8sQcC6wF1Q,-0.0576,a pouch or sachet of gutka or pan masala with visible branding,412.0,0.1677
3543,PROMOTIONAL_ymCBZ6xXJkY_F050.jpg,ymCBZ6xXJkY,-0.0580,"a vape or e-cigarette device, clearly visible",405.1,0.2117
3544,PROMOTIONAL_ZPkbtIBypb0_F076.jpg,ZPkbtIBypb0,-0.0584,"a vape or e-cigarette device, clearly visible",449.2,0.2074
3545,PROMOTIONAL_BwlGHrC73tA_F133.jpg,BwlGHrC73tA,-0.0585,a photo of a cigarette pack,166.9,0.1958
3546,PROMOTIONAL_OWSC-C447aY_F006.jpg,OWSC-C447aY,-0.0587,"a can of beer, clearly visible",453.1,0.2041
3547,PROMOTIONAL_ZPkbtIBypb0_F085.jpg,ZPkbtIBypb0,-0.0587,"a vape or e-cigarette device, clearly visible",541.1,0.2081
3548,PROMOTIONAL_WxyusRiyLrA_F027.jpg,WxyusRiyLrA,-0.0588,"a can of beer, clearly visible",268.2,0.1878
3549,PROMOTIONAL_ymCBZ6xXJkY_F104.jpg,ymCBZ6xXJkY,-0.0589,a photo of a cigarette pack,2465.9,0.1936
3550,PROMOTIONAL_ZPkbtIBypb0_F078.jpg,ZPkbtIBypb0,-0.0593,"a vape or e-cigarette device, clearly visible",395.8,0.2227
3551,PROMOTIONAL_d87xnW1n3Ms_F015.jpg,d87xnW1n3Ms,-0.0593,"a cigar being smoked, clearly visible",226.8,0.2250
3552,PROMOTIONAL_IrEUXOE2JHA_F078.jpg,IrEUXOE2JHA,-0.0594,"a can of beer, clearly visible",148.0,0.2116
3553,PROMOTIONAL_ZPkbtIBypb0_F035.jpg,ZPkbtIBypb0,-0.0594,"a can of beer, clearly visible",466.6,0.2051
3554,PROMOTIONAL_OWSC-C447aY_F005.jpg,OWSC-C447aY,-0.0600,"a vape or e-cigarette device, clearly visible",371.8,0.1972
3555,PROMOTIONAL_4rN1GAFrzi4_F021.jpg,4rN1GAFrzi4,-0.0600,"a can of beer, clearly visible",583.4,0.1959
3556,PROMOTIONAL_L-bg5RLiOaQ_F002.jpg,L-bg5RLiOaQ,-0.0604,"a vape or e-cigarette device, clearly visible",652.3,0.2192
3557,PROMOTIONAL_XxZ91r8k7HY_F010.jpg,XxZ91r8k7HY,-0.0605,"a cigar being smoked, clearly visible",435.0,0.1723
3558,PROMOTIONAL_gN8Ol4w9u6s_F003.jpg,gN8Ol4w9u6s,-0.0607,"a can of beer, clearly visible",1160.6,0.2071
3559,PROMOTIONAL_fmK0FYpaJ7E_F062.jpg,fmK0FYpaJ7E,-0.0608,a pouch or sachet of gutka or pan masala with visible branding,230.6,0.2321
3560,PROMOTIONAL_fmK0FYpaJ7E_F056.jpg,fmK0FYpaJ7E,-0.0611,a pouch or sachet of gutka or pan masala with visible branding,510.8,0.2319
3561,PROMOTIONAL_ymCBZ6xXJkY_F112.jpg,ymCBZ6xXJkY,-0.0611,"a can of beer, clearly visible",3653.6,0.1875
3562,PROMOTIONAL_o2cFKv3Sb_8_F033.jpg,o2cFKv3Sb_8,-0.0613,"a cigar being smoked, clearly visible",947.8,0.2092
3563,PROMOTIONAL_sxrCjmqRTz0_F012.jpg,sxrCjmqRTz0,-0.0614,"a cigar being smoked, clearly visible",109.6,0.2200
3564,PROMOTIONAL_R0pRtBvmAnY_F030.jpg,R0pRtBvmAnY,-0.0614,"a vape or e-cigarette device, clearly visible",344.4,0.1794
3565,PROMOTIONAL_3MaLTyJokyM_F019.jpg,3MaLTyJokyM,-0.0617,"a glass of beer or wine, clearly visible",161.8,0.2385
3566,PROMOTIONAL_BJpdusGS8Ak_F057.jpg,BJpdusGS8Ak,-0.0623,"a can of beer, clearly visible",392.7,0.2338
3567,PROMOTIONAL_qXlhj_LwBNc_F076.jpg,qXlhj_LwBNc,-0.0624,"a can of beer, clearly visible",480.9,0.2136
3568,PROMOTIONAL_BJpdusGS8Ak_F074.jpg,BJpdusGS8Ak,-0.0625,"a can of beer, clearly visible",125.0,0.1935
3569,PROMOTIONAL_Lu747R2Ktis_F057.jpg,Lu747R2Ktis,-0.0629,"a cigar being smoked, clearly visible",406.5,0.2198
3570,PROMOTIONAL_ymCBZ6xXJkY_F119.jpg,ymCBZ6xXJkY,-0.0633,a photo of a cigarette pack,1620.1,0.2018
3571,PROMOTIONAL_M98NqbcWdyI_F060.jpg,M98NqbcWdyI,-0.0636,"a can of beer, clearly visible",689.5,0.2000
3572,PROMOTIONAL_5rX-wl7b5Vg_F020.jpg,5rX-wl7b5Vg,-0.0640,"a can of beer, clearly visible",785.1,0.2047
3573,PROMOTIONAL_A2GEyAxegRY_F023.jpg,A2GEyAxegRY,-0.0641,"a cigar being smoked, clearly visible",161.6,0.2087
3574,PROMOTIONAL_ZPkbtIBypb0_F083.jpg,ZPkbtIBypb0,-0.0641,"a person smoking a cigarette, cigarette clearly visible",370.7,0.2159
3575,PROMOTIONAL_OWSC-C447aY_F035.jpg,OWSC-C447aY,-0.0642,"a vape or e-cigarette device, clearly visible",176.0,0.1998
3576,PROMOTIONAL_H2qy5DVUOw8_F039.jpg,H2qy5DVUOw8,-0.0642,"a can of beer, clearly visible",378.5,0.1786
3577,PROMOTIONAL_M98NqbcWdyI_F058.jpg,M98NqbcWdyI,-0.0644,"a vape or e-cigarette device, clearly visible",524.4,0.1756
3578,PROMOTIONAL_fmK0FYpaJ7E_F063.jpg,fmK0FYpaJ7E,-0.0645,"a cigar being smoked, clearly visible",197.7,0.2149
3579,PROMOTIONAL_XxZ91r8k7HY_F009.jpg,XxZ91r8k7HY,-0.0646,"a cigar being smoked, clearly visible",416.8,0.1876
3580,PROMOTIONAL_WxyusRiyLrA_F034.jpg,WxyusRiyLrA,-0.0646,a pouch or sachet of gutka or pan masala with visible branding,221.9,0.2011
3581,PROMOTIONAL_BJpdusGS8Ak_F059.jpg,BJpdusGS8Ak,-0.0650,"a cigar being smoked, clearly visible",263.2,0.2312
3582,PROMOTIONAL_BJpdusGS8Ak_F012.jpg,BJpdusGS8Ak,-0.0655,a hookah pipe,1353.2,0.2467
3583,PROMOTIONAL_DsWP_FrACgM_F031.jpg,DsWP_FrACgM,-0.0658,"a vape or e-cigarette device, clearly visible",729.5,0.2068
3584,PROMOTIONAL_gN8Ol4w9u6s_F260.jpg,gN8Ol4w9u6s,-0.0661,a hookah pipe,2004.8,0.1890
3585,PROMOTIONAL_EAnIJkAsP14_F089.jpg,EAnIJkAsP14,-0.0661,a pouch or sachet of gutka or pan masala with visible branding,102.0,0.2049
3586,PROMOTIONAL_WxyusRiyLrA_F011.jpg,WxyusRiyLrA,-0.0662,"a can of beer, clearly visible",190.8,0.2019
3587,PROMOTIONAL_fmK0FYpaJ7E_F002.jpg,fmK0FYpaJ7E,-0.0667,"a cigar being smoked, clearly visible",168.1,0.2396
3588,PROMOTIONAL_R0pRtBvmAnY_F002.jpg,R0pRtBvmAnY,-0.0671,"a vape or e-cigarette device, clearly visible",134.4,0.1995
3589,PROMOTIONAL_fmK0FYpaJ7E_F061.jpg,fmK0FYpaJ7E,-0.0673,a pouch or sachet of gutka or pan masala with visible branding,191.8,0.2254
3590,PROMOTIONAL_V30umsF1l7c_F013.jpg,V30umsF1l7c,-0.0678,"a vape or e-cigarette device, clearly visible",422.5,0.2097
3591,PROMOTIONAL_rIYna5PfdDU_F042.jpg,rIYna5PfdDU,-0.0679,a sachet of chewing tobacco with visible branding,945.3,0.2217
3592,PROMOTIONAL_BJpdusGS8Ak_F058.jpg,BJpdusGS8Ak,-0.0680,"a cigar being smoked, clearly visible",371.5,0.2366
3593,PROMOTIONAL_H2qy5DVUOw8_F040.jpg,H2qy5DVUOw8,-0.0692,"a cigar being smoked, clearly visible",397.9,0.1787
3594,PROMOTIONAL_5mwDEv-TSEk_F043.jpg,5mwDEv-TSEk,-0.0697,"a can of beer, clearly visible",984.2,0.1862
3595,PROMOTIONAL_gN8Ol4w9u6s_F008.jpg,gN8Ol4w9u6s,-0.0699,"a person smoking a cigarette, cigarette clearly visible",359.3,0.2048
3596,PROMOTIONAL_ymCBZ6xXJkY_F120.jpg,ymCBZ6xXJkY,-0.0700,a photo of a cigarette pack,903.0,0.1989
3597,PROMOTIONAL_3MaLTyJokyM_F004.jpg,3MaLTyJokyM,-0.0703,a hookah pipe,298.2,0.2410
3598,PROMOTIONAL_i8sQcC6wF1Q_F005.jpg,i8sQcC6wF1Q,-0.0710,a pouch or sachet of gutka or pan masala with visible branding,676.2,0.1738
3599,PROMOTIONAL_i8sQcC6wF1Q_F052.jpg,i8sQcC6wF1Q,-0.0712,a hookah pipe,634.0,0.1773
3600,PROMOTIONAL_ymCBZ6xXJkY_F103.jpg,ymCBZ6xXJkY,-0.0713,a photo of a cigarette pack,2516.7,0.1849
3601,PROMOTIONAL_mt4Cf63vFyI_F007.jpg,mt4Cf63vFyI,-0.0714,"a vape or e-cigarette device, clearly visible",373.5,0.2232
3602,PROMOTIONAL_OWSC-C447aY_F036.jpg,OWSC-C447aY,-0.0716,"a vape or e-cigarette device, clearly visible",174.7,0.1877
3603,PROMOTIONAL_3MaLTyJokyM_F006.jpg,3MaLTyJokyM,-0.0737,"a cigar being smoked, clearly visible",136.2,0.2163
3604,PROMOTIONAL_XxZ91r8k7HY_F019.jpg,XxZ91r8k7HY,-0.0737,"a can of beer, clearly visible",5899.6,0.2004
3605,PROMOTIONAL_4rN1GAFrzi4_F007.jpg,4rN1GAFrzi4,-0.0746,a hookah pipe,528.4,0.1966
3606,PROMOTIONAL_eXcoTo86OOw_F023.jpg,eXcoTo86OOw,-0.0750,"a cigar being smoked, clearly visible",168.0,0.2277
3607,PROMOTIONAL_4rN1GAFrzi4_F008.jpg,4rN1GAFrzi4,-0.0754,"a can of beer, clearly visible",511.2,0.1979
3608,PROMOTIONAL_i8sQcC6wF1Q_F053.jpg,i8sQcC6wF1Q,-0.0776,a pouch or sachet of gutka or pan masala with visible branding,625.0,0.1760
3609,PROMOTIONAL_d87xnW1n3Ms_F001.jpg,d87xnW1n3Ms,-0.0792,"a cigar being smoked, clearly visible",502.8,0.2130
3610,PROMOTIONAL_d87xnW1n3Ms_F002.jpg,d87xnW1n3Ms,-0.0793,a photo of a cigarette pack,475.6,0.2001
3611,PROMOTIONAL_rIYna5PfdDU_F039.jpg,rIYna5PfdDU,-0.0815,"a vape or e-cigarette device, clearly visible",601.5,0.1982
3612,PROMOTIONAL_i8sQcC6wF1Q_F002.jpg,i8sQcC6wF1Q,-0.0838,"a glass of beer or wine, clearly visible",731.2,0.1799
3613,PROMOTIONAL_gN8Ol4w9u6s_F010.jpg,gN8Ol4w9u6s,-0.0889,"a can of beer, clearly visible",2391.5,0.1792
3614,PROMOTIONAL_R0pRtBvmAnY_F022.jpg,R0pRtBvmAnY,-0.0937,a hookah pipe,336.8,0.2303
3615,PROMOTIONAL_R0pRtBvmAnY_F006.jpg,R0pRtBvmAnY,-0.0975,a hookah pipe,135.1,0.2300
3616,PROMOTIONAL_FnULv0U14UY_F014.jpg,FnULv0U14UY,-0.1020,a hookah pipe,246.4,0.2495
3617,PROMOTIONAL_FnULv0U14UY_F012.jpg,FnULv0U14UY,-0.1024,a hookah pipe,386.1,0.2285
3618,PROMOTIONAL_rIYna5PfdDU_F044.jpg,rIYna5PfdDU,-0.1032,a pouch or sachet of gutka or pan masala with visible branding,2072.6,0.1880
3619,PROMOTIONAL_rIYna5PfdDU_F043.jpg,rIYna5PfdDU,-0.1032,a sachet of chewing tobacco with visible branding,2031.7,0.1879
3620,PROMOTIONAL_FnULv0U14UY_F013.jpg,FnULv0U14UY,-0.1102,a hookah pipe,443.3,0.2315
